2025-07-25 20:47:17.359 DEBUG (MainThread) [custom_components.bms_ble] confirm step for Pro BMS
2025-07-25 20:47:19.013 DEBUG (MainThread) [custom_components.bms_ble] confirm step for Pro BMS
2025-07-25 20:47:19.020 DEBUG (MainThread) [custom_components.bms_ble] Setup of <ConfigEntry entry_id=01K1235NF5CVTYH5VHB19CAXH2 version=1 domain=bms_ble title=Pro BMS state=ConfigEntryState.SETUP_IN_PROGRESS unique_id=E0:4E:7A:AF:5E:06>
2025-07-25 20:47:19.021 DEBUG (MainThread) [custom_components.bms_ble] Loading BMS plugin type: custom_components.bms_ble.plugins.daly_bms for device E0:4E:7A:AF:5E:06
2025-07-25 20:47:19.021 DEBUG (MainThread) [custom_components.bms_ble.daly_bms::Pro BMS:5E06)] initializing Daly Smart BMS, BT address: E0:4E:7A:AF:5E:06
2025-07-25 20:47:19.022 DEBUG (MainThread) [custom_components.bms_ble] Initializing coordinator for Pro BMS (E0:4E:7A:AF:5E:06) as Daly Smart BMS
2025-07-25 20:47:19.022 DEBUG (MainThread) [custom_components.bms_ble] Pro BMS: advertisement: {'name': 'Pro BMS', 'address': 'E0:4E:7A:AF:5E:06', 'rssi': -70, 'manufacturer_data': {
	76: b'\x02\x15\x95\x85\x1d\xb5\x04\xb8\xea0\x11a\x13\xcc\xfb\xff\xc8\x172\x05\x85\x01\x80', 
	5092: b'\xe9\x7f\xb8,z\x12S\xa3\xf0G\x9c\x80\x00\xb4', 
	27954: b'\x11Q.\x02$c\xa8*\xda\x0c\x7f2N\x18', 
	35817: b'\xb8\xe9\x8b\xe8%\xealf\xf1n\x1b\xd5\r\x96', 
	19907: b'_x"z_\xbb6\x8b\xc9\xabi\x0bf\xe6', 
	42686: b"\x13n<R\n\xab\x9c\xce\xd9\x1cQ\x1a'\x16", 
	36832: b'/j\xce\xa9!\xc3\x96\xfb\xdd\x8e\x84\xf1\xd9\x9c', 
	51545: b'\x91eR\x84\x10\xf8\xb8C\x8b>\x83^\xb2\xcd', 
	18909: b'\xf0\x7f\xba\x15\x8e\xf9~\xa4`\xaa\xf1\x0eku', 
	63118: b'\x1c\xfcq4\xb82Y\xb2Ub8\x91Ny', 
	31694: b'"&5\xc5p\x8d=>d P\x0b\xfe\x94', 
	49009: b'\x1d[\xc0\xe3\xca=\xab\x87\xf7:\xd0\xfa\x84\xc5', 
	48161: b'\xd1\x15R3}\xcd\xfe\xc1\x92\x00\xf8\xf9\x88\xd8', 
	32315: b'\xcd\x9f\xa1\xeb\xf6\xbd\xd1\xec\x82H%M\xd8\xe9', 
	48153: b'\x81\xb43=f\xa4c\xd1\x83~hn\xa16', 
	33942: b'p\x98\xf2\x18G\xddu\x01\xe0\xc4MZ\xa7e', 
	57751: b'p\xeaY\x89\xdf\x0c\xe5G\xf07\xd8Q\xf9\xd5', 
	12378: b'W\x0c\xbd\xae\xc0\x06&\xb9\x01\xbaa#\xd2?', 
	36691: b'm\xf4\xc4\xc4n\x1c\xbf\x1c\xfb\xeaMh\x04)', 
	59286: b'N\xf1\xa4\x8e\r\x1d;\xfb\\\xc6@\x81\xe5\x85', 
	43914: b'I\xdb\xc5~n\x86.k\x8f\xf6\xa6\x06\x0fp', 
	31169: b'+\xbe\x9d\xe5\x08>\x18n8\xe6\xf9\xa5\x0ck', 
	5653: b'|\xe6\x1b\xcf\xce\xce\xd5\x16>p\xeac\x18\x0e', 
	21004: b'\x01\xd9\xa3\x80\x93W\xda"\x8b\x06\t\xf8!G', 
	25912: b'm\x89\xec\xc6\n(\xe1K\xbb^2\xda\xbf3', 
	56706: b',\xc8\x80~7\x80\x9c\x98%\x8c\xca5!p', 
	26027: b'\x1d\xc218\xaci\xf4D\x00B\x867=\x9f', 
	16168: b'\xe2Jj\x8c\xe1\x8d\xcc(0X=FY\xc9', 
	19714: b"\x81[M\xb2\xc4'\x8btsI;1#\\", 
	57443: b'\xef\x88*\xc5\xd4?\x0c\xa2\x19\x92\xf8r\x98\xf6', 
	26175: b'\xf8\x1d\xfe\x06S\xbd\xd4O\x14\xe0\xca\x12y\x98', 
	19098: b'\x05h\x0c\xf2\x88\xd5\xd7\x98\xc83\xb1=\x04&', 
	21999: b'\x01\xfe\xc7%\xb5\xf9\xc9\x07Q0u\x06jd', 
	35729: b'\x1c\r\xdd*\xed[9\xb8c\x9a\xfet\xe7g', 
	37177: b'/n\x8a/\xa7.\x83\x8d\xc9*\xab\x8c\x9f\xd2', 
	3989: b'c\t\xe9\xfb\xfd\x7f>\x1e\xcc\x1d?\xbcA\x8d', 
	17084: b'\xd9|\xf3\xb5\x8a\x9d\xf1R\xc4&\xfbW\xcf{', 
	23172: b"q\x84'\x176\xe0\x8a\xc6y\x0b\xbc\xef\x89q", 
	47004: b'~\x01x\x06\xcf\xcc\x17\x8f\xa9g\xe8e\xd4]', 
	53240: b'])\xb7-\x8eJV\xf0\xdf\\o\r\xd8\x0f', 
	37853: b'\x97,\xebZ\xb2\xc9\xf0$\xf3\xf8H\xc5@B', 
	18873: b'\x1fN\x12.#\r\x07\xc3\xd6\xb0rv\xd7\x05', 
	52672: b'\xee\x1fV\xf6v\x13\x0e\xc6_\xe3\xac\xa7\xbfi', 
	44932: b'\x90\xcb2Ck:\xe2G\xf5\x91\xcf\x07l^', 
	21531: b')\xfc\xe0\xa5\n\x12g\xd8\xb4\x84\xb5\x97w2', 
	31864: b' \xd2\x826.\x1a$[~>\xf7q\x18\xb7', 
	27071: b'wS\xc4AF7\xde\x98\xd7\xbbM?\x06\xf6', 
	22882: b'G\x8ac~nn\xe5\xd9\xe0v\rE\xeb\xef', 
	43571: b'"\x91\x06"\xe3\xe5\x01\xaa\x88\xce\xa23N\xee', 
	26972: b'h\x94\xec\xeb7C+\x00-\xcb\xc4_\xac\x87', 
	11592: b'/{\xd7Oj\xf2\xbd(\x92#+\xd6\x82\x1e', 
	57257: b'\xb1H\xe3\xd9\xc0Q\xce\xdd.\xdc\xe1B\xe8g', 
	1174: b'g\xa1\x17\x001\xce\xdb\x04\x9c\xae\xebW\x06v', 
	31166: b'\x0f\xab\xd7mC\x11\x97\xc5L\x80\x1a\xea\xfd\xa1', 
	36784: b'H2s\x85\xd6\x0ct\xc2\x9b\xcf\x9b\xdc\xedo', 
	16520: b'\xcbS"\xae\xf4(IBW\xd1\x06)\xe6\xab', 
	14656: b'\x16\xa1\x9e.f\xc4}\xef\xcenp\x8c\x90\x02', 
	47396: b'*\xaa\xfbKT\x7f\x15w0\x98^\x9dG\x8d', 
	59795: b'v\x8ehU\xccJ\r\xcc\x04\x05<_\xb6(', 
	5991: b'\x9c\xc1\x95\xa2e\x0e\x9e=\x06R\xa7%k\x1c', 
	48037: b'\xad\xacH\xd6\xe8\xfdJ\xcc\xc1\xfb\x9c\xc5\x1dJ', 
	30665: b'\x84w.\xb3\xa8\x0f{R\xc7$D\x01=2', 
	11740: b'"Ed\xf7+zR\x1b\xaeT\xf3\xc9\x95\xb7', 
	55372: b'\x8f\x91\xa7\xeb\xb8\xa9\x17\xce\x97?\xda\xc8\xe2\x14', 
	36923: b'\xcf\xd6\x0b\x91[\xd1\xf0 0\xa0\xda\xa5\xea\n', 
	31124: b"\x89\x88T\xe2}\xad\xcd\t\xbd\x0fF\t\x9e'", 
	47631: b'5\xdc\xfd\x94\xa2\xd6\xf0\xb9\xa5Tj\x02;\xe7', 
	61617: b'\xad\xeb\x8aT\x7f\x1a\xfd\x9d\x03\x0eR\x91W)', 
	52043: b'\x83\xdc\xf18VgA\xc9!\x0f\x1a\x86S\xa5', 
	24952: b'\xba\xde\x90\xe0\xb1\x1e\xfa\xa0\xe4\xfdV\xe3\x87\xf1', 
	17593: b'\xd4_\xba\xc3A^\xd1\xf6\xf5ao\xbf\xca\xa2', 
	6903: b'\x08\xc6\xc0\xfb\x17<x\xced?\x944\xeaA', 
	51059: b'\xd2\x9dF^*!\x89\x93\xf8\xb64\xc0\x83\x8f', 
	29410: b'\\\x0co\xa8\xfe\xcd\xa4z\xdc{\xf8\xa7\xf88', 
	54955: b'\x93\xec\xe7Xo\xceO\xd3r\xff\xcd\xc8\x11\x8d', 
	55583: b'\x06\x0b7\xbc \t\x19g\x18\x03\x1e~cz', 
	62943: b'\x01\rFk\x1bb\xa0\x1a\x9f\x19-MS\x19', 
	2017: b'qL \xc9z\xf9?\xad&T\xe3\xd4\xc5;', 
	30929: b'\x8d\xdb\x0b\x9c\x85\xf3\xde\x16\xe3\x12>\xab6\x87', 
	31575: b'\xe2I;\xd8\xb2Z\xd8\x1b\t\xb1%\xda$\x9a', 
	18146: b"\xad\x18r\x85\xca(\xef\t\x17'!\xe8%\xbe", 
	45386: b'\xe2\r\x04\x0e\x8b\x12\x871\xda\x18w\xc2K\xd8', 
	43982: b'\xb2k\x11Q\x049>4\xf92K\x89\xd7\x12', 
	9685: b'\xf8Y\xd1j\xd8~\x81\xeex\x9f\xdc\x1aTg', 
	42478: b'\x90l\xf4\xb5\x86p\xc5\xd1\xbe6\x03XD\x05', 
	39869: b'x`\xd8}\x95\xda\xc0w"\x0c\x80\xcd\x15\xf6', 
	12558: b'\x8f\xb8\x07P9>F^mc\xe7t\xf7\x13', 
	49640: b'\xd9\x7f\xa7\xdf\x8f\x8e\x11\x7fG\xc0`\x14\xe8\xda', 
	46671: b'g\xeb\xaf`\x83b\xd6K\x90j\x0eg(u', 
	41532: b'c\x07\x98@\x8b\x8c\x06\x88hK9\x01=\xa8', 
	65439: b'\xfdr\xbf\x13\xfd\r\xc6\xc0\xe5\x87\x83\x8a}\xc3', 
	34639: b'\xed\xbbY6\xdb\xa6n\xce\x96 3\x1c\x93J', 
	46907: b'\xb1\x92\x8a4\x95\xe08\x7f\xf7\xeb\xe7\\\xeb\xf6', 
	12485: b'F\x85\xaf\xad\x01\x16\xc3\xa2\xee\xafS\xf5\xef\xbe', 
	6829: b'\xaa/l\xabi\xf0\xee\x93\xe1E\xc5\xb5m\xa2', 
	36428: b'\xf7q\xfd\xb7-\x148\xa9\xd9\xb9\xf9R\xb8\x91', 
	51963: b'\xbfeM\xd8\x05\xf7\x9b\xf0\x7f\xa1u224', 
	38161: b'\xe9\xee\x88S/\xef\xf08\xc7\x1c\xfa\x08\xe1A', 
	40840: b'Ze\x98\xcc\xbc\x7f\xb6\xb8\xe86{\xab \xe1', 
	8377: b'X\x81\x8c\xdd1p0i.?v\xb6\x7f.', 
	14332: b'\xe1\xc2\x81&\xf6\xdb\xa3\xd2\x11\xa0\xcc!\xcf\xd4', 
	19557: b'\xbeK\xb1\xdb\xff[br\x19~B\xcas\xa8', 
	57198: b"p'\xff\xae\x9a\xa2\x98m\x87\x903zj\x0c", 
	35738: b'\x86.\x97\xf7\xcf\x1a\xa5\xc0\xca\xdd\x97O\xd4\xd7', 
	39717: b'\x8b\xf0\xc5\xcb\xc7""y\x83\x1e%\x8f&7', 
	33419: b'<\xca\xeaj\xebg\xba\xea\xb7\x11\x84\xee\xba\x0f', 
	19122: b'T\xda#\xfe\xdb\xd727\xday+I\x84\x8e', 
	49732: b'\x9a\x03\xa2\xcc\xcf\x8e\xa8PW\x81#(v\xfa', 
	36066: b'\xf3D\x8ah\xf1\xf7,N\xce\x97\xf6\xa9\xea&', 
	28588: b'\xb8\xa0$Ex~\x8f\x92GU\x9c\xf5\x1ey', 
	58085: b'\xd5\xe4}\xb7\xfe\xf4\x93\xafO\x9b\xaf#fI', 
	52906: b' \x1b,z\x08\x9a\x13\xaeH;\xc6->t', 
	51959: b')\x8c\xef\x02\xda\x1d-\x08\xbc\x809z\xa54', 
	41188: b'\xc4\x00E\xd0\xc3=\x0b\xbf\xe2Xb\xe0\xf9.', 
	2097: b')\x01\x9e\x91EL\x16c\x13\x8b\x0c\x1f\x1c\xca', 
	60583: b'\xa1\xf1hOUs_d+\x04w\x05D%', 
	51176: b'\x9f7\xaf\x03\xd7\x95\\"\x11]\x8c\xa6>v', 
	21438: b'[x\x1e\xaa3\xea,\x00\xfa\xfb\xae\x12\xa8!', 
	47771: b"\x1f\xde.\xf9\xee'\xc2\x9a\x18w\xb07\xdd\x85", 
	56281: b'\x81\xb3\xc8\xb2\xf4\x91}@\x87C\x1dl\xd6,', 
	26805: b'\x8b\x8c\xf2\x89\x0e\x8f\xa1U\xe0\x1d\xc9!\xaa\xae', 
	18106: b'\r\xaa"\xb6]\x8b=2\xcc\xa8\xbc\xd2\xcd\x06', 
	7602: b'k\xd3\xce\x07\x1b\xbd\xdf\xda!9\xee\xcc\x1dl', 
	53935: b'\xa9\xec-;\x88y\x0b\xad\x9f\\;\xb0\x9d(', 
	37183: b'\x9c\xf4\x16\x03\xae"\x04\'\x83\xa8\xd4~\x01\xc1', 
	1933: b'\xad\x16\x87>+\xf6\xe5O\x83\x9a\xeaS\xb6\xd8', 
	45225: b'S\xd0\xaco\x00\x9a\x12\xee\xb7"l\x11\x01A', 
	42571: b'\x1b\xc8.>\xc0\xe7\xcfL\x84\xfd\xd4\xe4Q\xe4', 
	22187: b'\x9d\xf0_#\x85*g4D\xb3\xf3\x1bJ\xf8', 
	17381: b'\xc3\xc1.\x89\xe2AB\x05\x9dMD\xd2AT', 
	49351: b'\xd3\xdb[\xb7\xd7\xa0\xeb\x03\r\xfb\xe1\xf5\xe6\xa7', 
	51131: b'0\x8eT{{[N\x9f\xabaE\xe2\xb7\xd6', 
	57777: b'\xed-\x85\xd8V<Oh+\x17\xda\xc6)C', 
	12897: b'{M\xb2h\x91\xcb-\x94\xdb!\xe0\x99\xad%', 
	20833: b'\x10\x8bV\x92)7\xea+X>\x9b+\xff\x10', 
	41889: b'5x\xd4\xb7\x04kG\x95\x0b\xdf\xce\xacl\xc0', 
	45468: b'pF\xe0\x08\r\xd87~\xf8\xc0m2P`', 
	25208: b'v\xcc\xb7\xf5\x86\xb6\xfd5|4\xf0\xa0\x0eG', 
	57250: b'_\xe9dx\x89\xde\xfc\xe7V_\xd97\xe8\xfc', 
	19053: b'?\x16W\xfc\x1b\xe2\x04\x7f\x9e\xa9R>u\xe8', 
	6348: b'2w\xe8[!B1\x18\xea\x83\xf2\x86\xa6s', 
	8488: b'\x9e\xb4$\xd7,\x98pE\x9f*\xc7\x96r9', 
	16026: b'\x99\x8e\x9e\x96o\xce\xe8%\x93\x90B\x83ys', 
	55436: b'\xe7\xee"c\xfe-\xe5\\\xa1\x9bg\xdb:Q', 
	56772: b'*\xe0K-\x18Sa\xa2~\x80\x05\xdc?A', 
	9831: b'eUI\x92&\xcfQ\x0f\xf4N\x8c\x95w\x83', 
	42799: b'2%\x1a`K2E0\n\xfb\xf4\x08\x969', 
	1447: b'\xef\xb2bA#\xd6\xe6\x80\xa2G\xcc\xef\xde\xd5', 
	29849: b'\xdfZ\x0c\xffK\xbag\xbe_\xf0\xe3\x80\xb5\xb6', 
	44124: b'\xb8\xdd\x99> p"\x18f$\xfaC#&', 
	48257: b'\x03BE\tf\x1b\x94\x8e\xb3\xb6\xbed\x96\x8a', 
	33387: b'\x14\xff\xd4\xd1\xdbB\xd5\'\xc1\xc8\xf5U\x13"', 
	36074: b'iY\x91\xb9\x86R\x86\xacI\xa2\x15%\xb4m', 
	26294: b'v\xe2\xb1\xf1:6u\xcd\xf3\x19\xed\xa8\xc3\xdd', 
	22392: b'h\xf8\xe0\xbe;\x850i\x8cH\xdc\xfe\xbap', 
	59940: b'M&B\x11~\x85\x833\xd9\xc0\xe4V1\xc9', 
	65164: b"C$\xc5h\x97\xf1:W[v~'\xd3;", 
	37297: b'\x88\r\x01r\x9dbJZ\x00\xd1\x19\xdf\xfd\x9d', 
	44593: b'm\xbe\xcc\xb5\xf0\x1d\xf6\xe46Z\x1d\xbc\xa7*', 
	15976: b'\xfb\x0b\xf9}\xcc\xfbL.\x8eR\xd5\xa7\\\xa8', 
	10602: b'\xf1\x80\x8a_\\/JQ\x8c!\x93\x94l\xf5', 
	6486: b'\x9e\xf2\xac\xca\xe2k\xf2\x07\xc0F\x1b\x89\xf3\xbe', 
	26126: b'\xce=t\xf5R8\x9a\xe5\x00\x94\x08j\xf5\x92', 
	29909: b'?U\xd0MND\x97\xdd\xe6\xef>\xb9\x8bS', 
	9539: b'\xa2\xd0\x06\xed\x0b\xb2\xcd}~\x17\xa1O\xc6\r', 
	52362: b'\xe22\xed\xdd\xa6\x93L\xc1z\xee)-zw', 
	14423: b'8n\xa2x\xe5"s\xe0t\xc7\xc0\xec\x9b:', 
	46340: b'AZ\xb00:\x9c\xaf\xc2\x04^yh\xb1\x86', 
	17444: b'\xfc\xe8\xb6\xd4\xa9h\x8c-\xed\xe5\x06\xd0\x08d', 
	53120: b'%\x12\x9fI\xcb2\xc3\xcd\xf7ZM\x8a{\xb9', 
	50958: b'\xf2J\x90\x1e-\x7f6+\x08\xe9\xcd1\xe0\x9a', 
	1395: b'Fc@\x8f\x1f\xb7tf\xc1rU\xa2\xf9\xfd', 
	47952: b'u5\xfd>G\xe3\xdc\xc4\xfb\xa9\xa1\xf8^\xe4', 
	11642: b'\x07u\xe5\xbf8\xf1\xc3\x07\xa3\x85\xd2\xd9C\x9e', 
	14770: b'g\x9e\xc3\xa1\x90\xc9`s\xdeB\x92\r~\xf2', 
	26886: b'"IXM\xe1%d\x90W\xaa\xe7\n\x92\xda', 
	52310: b'.\x0c\xe2\xcd].a\xb0G\x86\x03\xeb\xeeP', 
	8848: b'O\xb7kb\xa4\xa8\xba<2S\x05a\xf7`', 
	31559: b"\r\xe6'\x93\x8c\xde\x80^(o\xdc^\x84!", 
	46757: b'\xdbC\xe7g\x95\xc4\r\x8f\xe5\xea0\x1e\xb1\xa1', 
	9367: b'\xf5N\x91$=h\x18\x01\xa1\xed\x9c\xd5*\xd2', 
	42930: b'\xdd\xa5\x04\xa5\xa6\xd5\x11\xab\x0f^z\x86\xbd\xae', 
	23794: b"\x9b\x80\x82\xac\xe2\xa0b'\xa8\xad\xbb\xb4\xb0\xc2", 
	28683: b'\xd9\x01\xbd\x90\xde\xaa\xc5\xa7\xf4njw*\x18', 
	15223: b"'\xd1\xb2\x16\x80\xd1TVc!\x15\x8c\xee\xb4", 
	15921: b'n\x90ZD"J\xff<~\xc5~!v\xba', 
	824: b'\xd9c\xeb\xb1\xffE\x87\\A\xb5\xd6\xbcn\xcc', 
	63828: b'\xe3LD\xb1#S\x02\xfc\\\xfb\xbaT1\x8a', 
	52804: b'\xe6\xeeD\xc7\xae\xfc\\\xa1Inxk(\xa9', 
	55165: b'\xbc\xf0\xe0\xe1$\xaca\xd4\x96\xf7\xa1I\xd4\xee', 
	38769: b'\xbbG\x91j\x0f!n\x04\x9c\x10U\x9e\xf1\xcd', 
	40170: b'c#\xba\xd4\xabmGb\xe6O\x7f\x8ci\x0e', 
	13760: b'\x03y\xc57\xd9#\xedT\xca7X\xac?\x91', 
	13215: b'\x92\xfe\x13\xfc\xdcsF\xa8/\xc2\xf9\x9dVe', 
	50642: b'\x84qR\xb6\x9b>\xf2\x0e\xca#[\x9b\x0cP', 
	56631: b'\xf6s :\xd3$\xd0\xbe%\x0cw\xd6:H', 
	51854: b'\xf7&\x8a\x14_\xfcYK\xd6\xca~\x93\xbf\x08', 
	20967: b'\xa9\x06\xc6\x86\x93\x9f\x9e\x950\xd8`\xc1\xeb\x8b', 
	18223: b'&\xd3\x15\xd5\xc9\x9b\x1f\xee\x96~\tqT\x1b', 
	31712: b'\xe6r\xc6\x964\xcb\x8b>oE\x07\x8e+\x14', 
	44559: b'\xa3\x86\x8c"\x9d\xe4\x1c\xb0\x8aU\x9b\x83k\x8b', 
	66: b'\x8d\xaf\xdd\t\x1a\xdcM\xd9t\x18\x17Q\xff\xb1', 
	10860: b'\xaa\xd7W\xfb`\x86\x06b\x1d_\x8cB\x98\xef', 
	63161: b'\x93ZQ\xe7\x9ftNP\xb1\xdc\x94|[\xa8', 
	38166: b',r\xb7\x16\xb34\xc9\x92\x98D3\xfc\xd8|', 
	25771: b'\x06<%\xd8\x81\xc1\xc0\xc9\x1a\xffg}p\x8a', 
	51430: b'}\xe9\xe8\xb8\x8c>\xc4^\xfb2\xb4\x00\xffb', 
	59561: b'4\xcb\xa3f\xde\xf1\x88\x90\x93\x1a\x02\x8a\x90\x11', 
	53694: b'-\x1eA3\xe6\x94\x1f\xda\xd5\xcb\xa7\xf6D\xa2', 
	31028: b'\xf8\xae0\x8e\xf1/\x0cN\tG\xbb\x836#', 
	8089: b'%y\x81\x01\x18zZ\n8X\xee\x87/!', 
	60843: b'}\xb19n\x0c\x9e\xdd\xb9\xaac\xd1\xe7\xb3\xec', 
	37154: b'\x8c1~\x85\x978\xe0\x1d\xb9\x07^vN\x8d', 
	59770: b'\xbbh\xca\xa0\x05NQ{\xb7,\x88\x98\xee\xb6', 
	38666: b'\xe8\xc1\xb4\x17\xb3\x1cdHD\xde/\x84\xe4J', 
	41806: b'P\x07\xa2HS2\xa40h\x9b\xbc\x8e\x9a\x9f', 
	25707: b'\xd4\xd1ulj]\xec\xe5\xfd4K\x9eqB', 
	59258: b'\x17\xcct\xb7"\xf3)\x14\xf3 \xb5\xacs\xb5', 
	31201: b'\x8a\x1c\xaf\\\xf2)~\x1d\x88\xa1\x0cW\x82T', 
	52619: b'\xac\x10p\xacJ\xc2(6?D\x87\x87\xe5\xee', 
	4406: b'\xee\xd2{\xdb\xac\xa9\x01\x8e\x16e\xd8/@\xa7', 
	40029: b'\xf5\x11\xf7e\xf5\xf4\xfbu\xe44\x93\xdf\xca\x1b', 
	131: b'\xae\xbd\x8f\xd2.a\x89\x87\xc7\\\xe0\x9b\xbe\x1a', 
	22856: b'Kf\x11\xf2P\xc9\xf2}\xdf\xba<\x89d\xd1', 
	45021: b'x\x81\xb0\xf4\xf1\xeb\xa00\xd1\x00h\x17v2', 
	61283: b'\x03\xb3\xb7\xfe\xd1N\xdc3+\xe6\xd6\xfa\x0f\x95', 
	39147: b'\xc0\x8b\xb0\xbc\xeb\xf0\x9b\xe3W\t\x08\xbd\x8ab', 
	10117: b'?\xbbm\x84\xd9\x83\xe7U\xa0\xce\xc9\xea7\x80', 
	20624: b'FX\xd9w\xe3\xe00-a\xc6\xc0\xf5Sa', 
	54650: b'\xbf\xe6\x9b\xe3\xbbq-\x86}\xb4\x1f]\x0fp', 
	2915: b'\xf4\x8d.\tf+c\xe4\xbb5\x01\xae\xd0\xf5', 
	19150: b'\x1acD&^Sv=\xeb\xdcI2]\xb6', 
	52981: b'\xb9M\x91R:\xbb\xbdPCf\x8ck\x8b"', 
	38157: b'z8n8i!\x98\xae\x9a\x10\xf0\x9f%\x1f', 
	54202: b'\x88|\x8f\xfe\xef\x94\x0c\x85\r2*>uT', 
	61471: b'Q\xdc\x149\xa6$\xa7\xcb\xf0\x91C+\x08\x0b', 
	13768: b'}(\xc2\x10\xd8\xa9\xbcv\x8c\x18\xdc~\xeb\xc0', 
	62172: b'W\xaa8\x9616\x1f%\xfd]\x19\xe2k\x80', 
	25466: b'\x81ur\x89\xd0\xae\x1an\xda\x12\x84\xcf\x04\x13', 
	11299: b'\x18h\xecEv\xd4p\xe5\xb8\x83+\xaf/\x1b', 
	63822: b'\xc9$\xc0:A\xe60\xd6,\x04Z\xf3\x80\xb6', 
	6430: b'\xa5\xd8\xb7\xa7\xd5\x14ks;\x8b\xd8\x98\xed\xfb', 
	60366: b'\xb9\x94C\xa2\x84\x9e\xd5\xdds\n#s\x8d\xc5', 
	39537: b'\xc8;\x84xn\x83]\xa7\x1c\x9c\xb0s)>', 
	24228: b'MJv\xcaQ\xdc\xfc\xc6j\x82\xa0G\xf3M', 
	52497: b'm\x90\x88\xa1\xef\x93\xc0H\x03\x11\xcd\xf9LG', 
	33292: b'\x95\xd6AL\xf5[\x9cbJ\x99!\xf5\xf1X', 
	1442: b'U\xeb\xbcT2\x18\xf6\x9e0"\x06\xd8kY', 
	64791: b'\xa1\x9b\xfc\x96C\xf6\xe6!\xe9\x9d\xdd\xe1\xf7\xa5', 
	26199: b'\xfc\x8e\xf8\xf3\xcf\xcf\xc9\xba\xf4\xc9\xb3\x92\xbf\xcb', 
	58829: b'\x97\xea\xf3\x19\x7f9vf"o\xd2\x85\xb3\xfa', 
	45769: b'\x14\x82\x04\x89$\xc3D{\xf6\xcc\x11\x92\xe2\xbe', 
	19950: b'u\xe1-\x1b?:xC\xadvP>a\x14', 
	35419: b'<\x0fF\xb3\xd9C\xd5\x1ac\xaf:\xf2\xac\xa1', 
	50953: b'\x11\x1a\xe6\x17\xee\x9a\x17\xde\x95gxa\x19\x1a', 
	32174: b'\xaf-H\x9e\xac\xc31:O\x03\x97\x11\x17\x00', 
	4932: b'\xac\xacU\x82\xf3+w\xdc\xf6\xc3\xd1\xb6\x13>', 
	40753: b'\xde\x04*\xbe\xb9C/\x8e\xd1)\xe5.\xe7P', 
	18901: b'\xca\xf5L:PA\x97\x8790uT\x88\xcf', 
	18856: b',\x1aQ9\xf7\xf7\xe6d"\xfb\x15F\xf32', 
	55040: b'1}J\xe4p\x08\xcd\x9dF\x8fgH\x99\xaf', 
	48721: b'\x86\xb3\x1fYim\xd3.\xb3\x10\xd9\x03b&', 
	21669: b'\xbb\xb9\x0e\x16\x9e\xfc\xe1`\xbd\xe5\x0e\xe2\xf1\xc4', 
	11215: b'\x0f\xbbf\x92-~\xee\xa30\xb9\xe2\xb5s9', 
	45231: b'qo/@\x9c(\xa4\xd0\xc7,o\x90S#', 
	8499: b'r\xbd\x8f\xf4%\xa4\xe2\x15i2\xa3\xa8z\x19', 
	57382: b'\xf43\x9a\x96\xf2\xbc\xe8\xbe\x0c\x7f\xa3-l\x0c', 
	17653: b'\xe92\xbd\xc98{\xeaH\x16\xd7\xd5\xc8-E', 
	22060: b':\xbe\xe3\x8f\xbc\x8b\xbc\x8d\x05\xfc#\x1d`\xa0', 
	770: b'"\x16\xe60\x12\xc3\x9f91B\n\x1dWu', 
	22722: b'\x9bh\xec\xa1\x99\xf7\x1e|6\x1a\xa9k\xaf\xa8', 
	46813: b'M\xa0|\xfb\xe8\xe7\xbc\xbeIf\x0f\xf7\xa6\x93', 
	39417: b'\xce\x86s\x14\xc6\xf3\xda\xec\xf4\x14\x1aY\xc6g', 
	58528: b'\xa4\x8a\xf2:\x05\r\xbfQ}\xb4t\xa5mT', 
	3999: b'\xfa\xb1\x8cG\xd9\xd9DT\x9d\x9e\xf7\x06/\x91', 
	6084: b'\x0e\x9c\xb5\x93k\xc9\t}\x9f\x92\x18]s\x89', 
	18604: b'\x8e\xf0\x1e\x16\x14\xee*w\xdb\x10\x1a\xd7\xfa\x11', 
	58805: b'N\xd0\xd9\x18i\xeaw*\xe2S.\xe6h9', 
	60937: b'\xe7O:\xd2\xf2\xf9\x1fT\xd6\x8d`\xc5\x8cu', 
	20567: b'\x10\xc2\xb9\xcc\xa9h\xfeG\x7f5\x06+\xc7B', 
	13720: b'3\xba:\xf9\x19,t\xcd\xefK-\xef\x11Z', 
	13536: b'Zu\x04\x0f00\x815zr\x96Y\x06\x9a', 
	1992: b'~\xd7\x8b:h\x14y5\xb6W\x19,5f', 
	23945: b'\xcf\xfaU\x8a\xf0\xef&\x04\x06]\xf6]\x1f\x00', 
	51626: b'\x81\x0b%y\x04\xcc\xaa\x91\xce\x95V\xc1\xb4\x10', 
	24536: b'd5\xaa;U)\xc9\x99\xd5\x7f[c\xd9%', 
	43482: b'\xd5\xf6\xe0\xa0Cw\xec\xb7\xa7\xaa\xab\xc2\x17\n', 
	14318: b'\x00:\t\xe5uX\x8a4\xff\x91\x9a\xe3\xcar', 
	54853: b'4\xeeG\\}\xc3e\xdbpV\xe1\x88\xe1\xdf', 
	40243: b'\xac\x06\x16\x0e\xdd\xb5\x06\x98\xc5\xbc?\x97\x98\x88', 
	43389: b'U\xcc\xe3]\xa8\x0f$V\xc8B\xc14,\xa4', 
	53127: b'\xc2\xe2\x8e\xa4\xf5\xdc|g\x1b\xe6\x12\x0f\x11\xb8', 
	17668: b'\xf0\x8c\xe7\xda/\x82\xa3ME\x04\x1b\xf0<(', 
	59965: b'\xfb\xeb4\r)\x19\x1f3\xb5\x1d\x8f8\xc7(', 
	27592: b'\xef\xa35W\xbd\x17\xf6\xbd&\x87\x06\xc1J\xfb', 
	48311: b'\xa1(\x15M\xd0\xba|\xb3\xa03"\xa9\xc4\xd6', 
	5086: b'# \xa6\x15\x97fj_\xd6\x94\xd5\xe0@D', 
	63357: b'\xf8\x87\xd01\x97\xa9\x9c\x95\xd3\xe8\xc5\x05\xce\t', 
	56758: b'1\xd1-B\xads\xac\xc2\x14X\x1a\xea\xc3 ', 
	57998: b'\xd5\xd6\xa5AU\xff!\x0e\xe2\t"\x0b\xc5\xef', 
	43636: b'\x18\xdf\xd5l!\xe2\xe7m\x9cP\x06\x13\xc2!', 
	62209: b'\xf8q\xd2\xf7\\b>\xd8?\x83a*`\x9b', 
	49762: b'\x88\x1f\xa2\xb6R\xc4Vf~d\xbe51\x90', 
	31146: b'\xfe\xf3iu\xcf\x04\xec\xbc\xe0\xdc\x15 \xace', 
	28045: b'\xfa/\xa7\xac\x12\xa1\x1f|\x8bl\x91\xe7\n\xf9', 
	64373: b'\xf2\x10\x82\x9f\xaf\x98\x997\x7f_rd|\xe7', 
	25952: b'\xe7\x07i\x80XR\r\xbdA\x19\xe9\xe6\x8a\xdd', 
	58791: b">\x12'2\x8a\x1c\xfc\xa0\xd2\x12\xa6\xb6#\xbd", 
	45940: b'\xf8-AW\x01\x95L\xfa\xdc\xe9\xf9\x9a\ry', 
	31033: b'\xe9\x81\x9a\xf4b\xcb\x0fu\xfd[$D7\xd1', 
	52016: b'\xe4\x85\xf5\xff\xd1\xaf\x01\x04\xf4Y\x97\xad\xad ', 
	34607: b'\x9d\xa3\x0b\x02\xee\xccOd*\xac$i\x05{', 
	43250: b"\x188\xf5\xa7\xc6'U\xf0V\x01\xc7\x19\x9e\xab", 
	43398: b'+\x8d\xea\n\xe2\xf7ZI\xf9(\x9d\xf8\x82\xee', 
	4622: b'\x99)\xa1\x14\xb4\xa4kz\xf1\xa4\x902.\x84', 
	13034: b'\xe3\xbe\x8b\x08\xf3\xff\xe8\xa1\xc2\x14w\x8a\xa4\x7f', 
	64917: b'\x88\xe0\x1axb\xfbl\xe1g<w\xf0f\x16', 
	31770: b'\x1b\xbe}\xbb\xab:\x9b\x8c\x88\x9e\xbe\xdc\xdaP', 
	14410: b'\x8dH\xb19\xf7\xa0\xc2\xd2\xa4\x04\xda-D\x06', 
	50736: b"\xe8\xb4C7T\x96\x8b:\xef\xab}\x06\xf8'", 
	25433: b'b\x9b\xa2\xb4\x7f\x8d\xcc\xa7W\x00i\x05\x85\x1f', 
	59873: b'\x11\xff\x11\x80B\x02\x93{2\xb9\x84oAw', 
	22375: b'\xcb\xde\xb1$\xf8\x9d\xdd\x0e\x06\xb0\xc4\xe4\xda\x02', 
	49648: b'F\x053-\x9e\xba\xcc\x7f8\xc0\xb2x\xc2\x86', 
	871: b'\xaaU\x85\x17\x88\x9c\x1cM\x1b\xdf\xbeP\xc4\xb5', 
	49104: b'0\xeb\x8d\x9a\xf9\xcbLh\xd3\xc6\x15\xc7\xdb\x11', 
	64022: b'\xeb\xc8o\x9aL\xa2)\xaaOF\x1a\x0b)c', 
	37096: b'\x17\xbbRG\x1eMG 65\x88\xd4\xae$', 
	64924: b'\x97\xe6\x8b\x1ao\xbb\xde\xca\x07^TTk\xab', 
	51803: b'\x8c\x85\xc0\xa8f/\x84\x94\xfcu\xfa\xaa\xf0\xf5', 
	23505: b'\x0c*\xd2B\x932dQv\xbdNA\x15\x93', 
	27906: b'T\x17\xcf^\xdc\x9b\xdf\xccC\xceV\xc3\xaae', 
	49850: b'W\x0f\xee\xca%\xb7\x1d\xbe\xbe\xc1H\xc2\x08\xe6', 
	860: b'\xedH\xb8\x19V\x8d]\xe9\x17\x9c\x92\xc3>\x14', 
	19985: b'\x1d.\xa1\x81|]K\xa7%\x97\xa8H"|', 
	10147: b'\x97\xba\xdc\x9e\x7f\x12\xc1m\n\xa3\xe6%E\xe7', 
	40134: b':G\x1ew\x14\xac3(\xfb\x8a=V\xf5<', 
	34643: b'1=h\xe2\xc3\t\xff\xf86\xfe\xc1\xa2\xd0\x0f', 
	49239: b'\xe9\xdd\x80\xd3i`\x91\x16\xee\x92\x9b\xac\xd1\x93', 
	48619: b'\xf1\xab4\xfd\xbf\xae\x80\x8c\xe4T\xe7\xf6\xd8U', 
	64762: b'\xe5f\xb7\x87\xcf\xa7{>;X\xef\x82\x83\x98', 
	53869: b'\x07\r\xc7\xab\xdc\x16\x16\x99.+_\xb9\x91@', 
	59183: b'P\xc01\x9d\xd5\x0c\x03\x13\xea\xdb\x02)!f', 
	18285: b'O\x7f\x8c\x97\xba\xea_y\x06Y\xf3V\x87f', 
	52037: b'[7Q\x98\x92\xdfj\x89\x97\xd8\xe0o\xc4B', 
	26109: b'\xeci\x000"\xeb\xc2\x8f\x7f\x8bX\xed\x88\xb9', 
	23770: b'B}\x00\xaeoo\xd4.S\xc3\xberIY', 
	51523: b'\xa5\xdf_\x847\xcc\x0b+u}\xf8\xe3N\x1b', 
	28015: b'\xad"!\xd3q\xd9B\xc4\x88q\xe8\x8b[\xad', 
	6343: b'\xb64\xcf\xf4\xaak9G \xd48\x81\xa4\xec', 
	32327: b"r#!\xcbZ\xfa\x04'J\xcd\xb0\x83\x83\xe9", 
	31228: b'\xb1\xc7\xbez\x03\x1f\xa5\xa9\xf4\x88M`\xaa:', 
	44120: b'\xd1K\x96\x9aW\xa8\x7f$\x9a\xda\xfa\xd1{6', 
	33151: b'\xa2J\xa63\x83\x03}\xb9\x88\xe7\xb0\x9a_\x84', 
	48357: b'_!\x84\x96K\xbe\xd48=\x1f<\xb6\x0b\xcf', 
	54629: b'\x88S\x1a\xee\xe2\xfa\x0b\xf7\xb4TV\xc1\x94\xde', 
	27399: b'\x8e\xb7q\x0e\x98\x9f)\xcd\xcd\xd7\x85-\xe6\xf5', 
	7607: b'\xdcM\xe7\xd7\xb5\xaa\x18A\xf2\x88\x9a\xccS"', 
	9301: b"\x82\x91\xdb4'\xe5\x7f\xf8a\x08\x02\x83\xb0\xc4", 
	35570: b'V\xf4D\xf8\x0cc\xf1\xc8\xcbd\x9d\t\xdd\xe0', 
	25269: b'wa\x05c\xba\xe4\x10\t\xd0Ke\xcb\xce\xac', 
	13103: b'A\x882h\xeb\r\xa2\x959g\xa3\t5\xc7', 
	5644: b'Yr7\xd4?\xaf\x9d\xf9\xed\x93\x99\x8a\xb3\xd2', 
	49561: b'\x86\xd9\xa7i\x92Dd\x0b\x8b\xbf\xaa?K|', 
	36972: b'\x94"\xab\x80\xeb\xc7O\xf7\xc3#RG.\x8f', 
	40978: b'4\x81\xdb\xc4I>\xcaI\xc6\xf55\x81h?', 
	47187: b'\xe39\x08A\rQ\xec[\xa7\t3\xfen\xb2', 
	36888: b'+\x84\x81\x8e\xaez?$\x07\xa6H*\xbf\x9c', 
	7244: b'\x9a\xf6\x1a#\x12\xf1\x9e\x7fSS\xe9J\x99\xb6', 
	63701: b'\xe8(!\xfc}\xb0)0*\x87u\x07dA', 
	59386: b'^xHS\x03B\x1da\xfa&\xb9\xad\x8f\xb4', 
	28834: b'{\xe2P\xb1\xa6\xb2\xda\xc3v\xa9\r_\x08\xbd', 
	14944: b']\x8b\x0fr\xfe\x08\xf7\xca\x0b\x88\x0f\x9c\x9e.', 
	27167: b'\xea\xb2\xa4i\xb9\xad\xf5\x81\xf4\xe0\xde.\x9a\xf6', 
	14052: b'\xe2\xd5\xd1hB\x7f$\xa2\x89[\x9c}\x07\x89', 
	22554: b'\xd0\x81v\x1dd[LQ\x95\xfa\xaf\xae\x9d\x89', 
	8659: b'\x14m\xd2m\xef"\x81\xf7\x9ct\xbd#ya', 
	55082: b'\x942\x04\xf0\x97\xfa\xc50\x91\xdf*\xa2r\xaf', 
	56366: b"\xa1\xc9G\x9e'F\x02\xec\xc2.j+[\x99", 
	24452: b'\xcc\x00\xdf\xce\xaf\xae\x1eo\x8f\xf2C\xe4g\xb8', 
	56345: b'IU+N\xf1\xde\x992u}\xa0\x87P\xa0', 
	15116: b'\xf7\xd58\n\x81\xe2\xb1\x92\x01\t\x05\n\x11\xf0', 
	25865: b'\xa0\xf2u\xe1o\xfa>UQY\x9ac\xbab', 
	63363: b'\xac\x82\x01\x0c\xbb\xb5u\x8e\xa7\xec\xe6\x991\x97', 
	19031: b'z\x86\x97~=\xc09\xbb\x91_\xe8\xe1<\x02', 
	43206: b'\xd8\x01/\xcd\x92\xad\xfaq\xda\x0bK\xce \xab', 
	43127: b'\x14\xcfJ\xd8\xe1\x0c\x92\xdd\x84\xbe\xb4\xf1\x13\xb3', 
	6363: b'\xe1\x8e\xc3\xc5\xa6eg\xe0:\xdf\xe8\xf3[\x8b', 
	46739: b'\xa3S\x0c\xf2Nh9\xf3r\nn\xb8\x8c}', 
	25349: b'\xd4\x14\x1f\xd1\xa47k\xa9\xe2?\xb0#\x03\xd2', 
	2672: b'\xa9\xf3u2\xcf\xe0\x17\xf4\xd9zjf\xb5\xf7', 
	5879: b'\xda(\x96\n_\xec\x02U\x913\xfa\xeevB', 
	15796: b'"V`7\xcfPF8\x1a\x81$0\x8e\xf2', 
	17675: b'\x7f\xc6u@\xa8\xff\xec\xfe\xbf>\x86\xbcHN', 
	13717: b"U\xd1!\xd4'kD\xaf\r\t\x84\xce\x17t", 
	18359: b'H-\xd7\xae*u\x9e\xcc\xbe\x02r\x9bx\xe3', 
	44645: b'\x071-\xdf\x10\x8c=E=\x86\x84\xe97\xb5', 
	28502: b'\xdeAL\xfe\xcb\x0c\xa7\xc0\xc3@@4\xb0>', 
	2919: b'\xc4c&Bs\xbd\x97\xeb\xb2<G\x92\xd3\x01', 
	42253: b'\xa8\xeaS\x7fA*\xbb\xcc\x83\xc3\xfc\xb4\xc3Y', 
	62195: b'\x87o\xfd+\x1b\x845Ec3C\x82S?', 
	47715: b'\xae&\xa9\x8a\x9f\xde\xae\xa6\xeb_b>;s', 
	20256: b'm\xe5P.\xb0\x14\xe4\xb1\xc6\xa63\x8e\x03\x16', 
	3555: b'\x83R\rA**\xac\x12\x99\xae\xb6\x0f\xa7 ', 
	29843: b'N?\x92\xb1].\x83~\xce\x8a\x15\x1c\x04y', 
	18563: b'\x91|\x8ad9L\x84\x18t\xc3\xc5\x96\xf9d', 
	30384: b'0(\x02Tss\xc0\xe8\x03\xa9\x9d\xa9L\r', 
	11212: b"a\n$\xe6\x7f\xe4\xf0H=\x1c<\xa2'\xac", 
	21465: b'#K\x86\x08\xde\x8f\xef\xee\xe3o\xef\xc1B\xfb', 
	11184: b'\xbeo\xf1\xd4\x05g\x9f\n\xabI\xf3a\x19a', 
	48471: b'\x02t\xbb\x8e\xecy\x93o\xc8\xe3\xdf;\xef]', 
	18115: b'{A~V\xbd"\x03\x82L\xbb\x02\x13\n\xe4', 
	35913: b'\xdd\xba\xd7\xfa\x8e\xbc\xb9\xa5\x9c\x89\x11\xcd\xb9\xdd', 
	37544: b'{N\xc2P^\xc4~\xe4\x1b\x11\x8a\x97\xb7\x96', 
	29033: b'\xb2);\\\x1c(\x1e4\xf6\xa3\xd3bv\xd2', 
	44417: b'\xc9\x04\xe57R\xe2\x7f\xbe\x1e]\xbf\x95dg', 
	9036: b'\xc0"\x10w\xe9\xc7\xba\xa1]\t9O\xc0\x9f', 
	25834: b'\xc8#\xc2L<\x1f\x82\xa0\x9aFMX\x9d\x92', 
	25016: b'l\xe6\x06\xd9\x8e"\xb3G\xda-\x1bu\n\xf7', 
	60800: b"8\x11\xc2\x85\xcc\x8dY'\xaa\x8a^L]\xe8", 
	44662: b'\xc1D*B+V\xe5\x8fb\x8a\x88\xea\x81B', 
	62819: b'\xb7\x88\x9b\xfc+\xe0\xf5E\xb67\xda\xd5|\xc3', 
	35080: b"\xc4\xd1>\xce\x8d\x12>I\xea\xc5*'\xbd\xb6", 
	21195: b'\x03*\xf6v%\x08\\\xde\xe84lM\x18\xbc', 
	55772: b'\xe5\xbb\t\xb9x\xe2\xf8\xfe\x18"D\x1eq\xee', 
	46868: b' \xa7{\x067\x8c\xd5m\x9a\x80d\xef\x90\x05', 
	44141: b'`"\xect\xafQUn\xf0X~\xe5\xf2\xa0', 
	61691: b'V\xfb\x9e\xc5K\xb3\xf2\x0fq\x1d\xc68\x9em', 
	6452: b'\xf6\x03?)\xe02\x82Y\xaf\x1a\xfcG\x95z', 
	23653: b'\xa3\xfb`-^\xf5\x03\x1a\xd3\xe5\xd6\x9b\x12\xa7', 
	9365: b'\x0f\xb8\xa0\xc6\x9d\xcc\xa4^\xd6\xa4\x98\xf8oM', 
	35639: b'F\x90nP4\xdc\xa1\xd1\x0e\x94\xd2\x05\x05r', 
	27689: b'\x07\xcf\xe2\x87o\x96\xed\xcc\xde\x05\xdf\x86+0', 
	332: b'\xdd\xf1\xed\x0b<\x0c\x11D\xf1\x17\x14\xa7\xfa*', 
	21117: b' =\x92s\x02\xa5\xc6\xc6\x98\x96M\x19\x97\x84', 
	47233: b'\xd0O\x9c\x84\xd3\xa8%\xf1\xb5w\xb7\x90\x1d\xc7', 
	62108: b'_\xf6\xba\xbd\x94\xb4\xaa!\xb9\xb5\xa9\xbf\xa7\xbd', 
	65156: b'\xe8q\x17@\x91\x82\xed\x0e\xde~\x19qn\x91', 
	32301: b';\xe8fx\x16\xe4\xd6\xf3\xb4)sh\x04\xa4', 
	32525: b'A\x9a\xe5\x11\xcbJ\x16\x04\xaa\x804\xae\xe1\x95', 
	52697: b'\xc8]\xcf\x1e`\xf1\x17\xea\xda\xa7\xfd\xc65\xdc', 
	57129: b"\x1ek\xa5\xa9\x9d\r\x96\xf5\xf9'\xb6X1\xfc", 
	37676: b'\x86\xca\x18\xc0\xf9\x89\xcf`\x85\x7fQ6\xbc\x06', 
	59409: b'\xfa"\xad0\xc9\xef$\xdb\x0bUk\n\xc0\xb2', 
	13443: b'\xf9a\xfdv\x84\xe5U\xef\xd7\x9f\xba\xbeZ[', 
	35287: b'\xee\x03\x04\xa4\xaa\xd6\xb6a\x88\x84\xa7\xdc\xcbc', 
	22913: b' \x94\xa1-\xcc\xd1.\xe3\xf5\xc0*\xab\xe6e', 
	61314: b'\x11kkM\x9a\xf0k(r\x7f\x00\x00\xd1Q', 
	20515: b':SR\xcc\x05\x07\xf7\x12\x0c\xc3\xe8\x12\xaa\x18', 
	27387: b'\x1d\x1d\xf3\xffuMc\xbbT:b\x91\xc5\x0b', 
	65127: b'\xbe9\xde\xf9\x8e\xac\x07\xcb\xbc\xd9\xa8\x98Z1', 
	21439: b'\xac9"2c\xd633\xdf\xd7e\xf8\xf0T', 
	48085: b'K\xd3655\x87\xd8\x18\r\xd7&\r:f', 
	23511: b'bC\x99\x85\xeb"/u\x96\x14\xc8@\xeb(', 
	47833: b'\x88\x8c*\xb2\xc8\xf5\xc4\x9f)l\xb4\xa7\xe6\xfb', 
	5420: b'\x0f\x80\xeb\xb5\xb7\xd7}\xfcV\x95\x9e\xde3\xc8', 
	23656: b'\x88\x1b\xf59G}\\}\x08 \xa1\xfa\xa7\x03', 
	36295: b'\x9d\xd3\xc22\xd7\xdd\x9e\n\xb3,uI\xf7]', 
	57684: b'\x8ai\n\xe8g_\xe9\xcd\x85L\xe4!a\xb6', 
	19001: b'\x94&\x96\xcb\xa8\x90&\xd7\xa1\xe9\x07\x01<\xc4', 
	5036: b'}\xf4\x0c\x16=+Bvb01\x97\xbaF', 
	1765: b'\xeb3G\xbe\xf8\xbc\x90\xb4\xb1\xbd\xcb\xbcM\xa1', 
	22728: b'\x07\x1c\xc4l1\xd4\x81\xd2r\xb9\x8a\xd8\xbaJ', 
	52597: b'\x9e\x9d\xf0\xe4_\x8c\xbf7\xa8p\xd9\x8b\x06)', 
	57079: b'\xc9W\x8d\x94\xa2\xdb\x8a\x80y\x1c+\xd48\x13', 
	37626: b'\x9dZQ\xfd\xa8\xb2\x9eu\xf4\r\xfd\x1e\xdac', 
	57394: b'\xd5\xdf}}38)\x10]K}\r\xbf\xb9', 
	47260: b'NhPc\xae\xeaF\xf5\x8aB%\x17\xc4\xd7', 
	31196: b'\xfc}\xac\x94\xc7\xf4\xd8\x87\x0f\xda\xa1\xff\xd4\x00', 
	63884: b"K\xff)\xc8NP'\xec&\x97Gn\xb6k", 
	29660: b'\xa7\x07\xcb?U_\xe7\xbd\xf8\xc0\xa6\xf7\xe0\x13', 
	14132: b'\x9b\x1e\x1e\x9a\xe4\x97\xf19\x0cc7\x18\xc7*', 
	57683: b'\xc0\xb3TL\x90\xebD?\xb9I\x19\xe5\x85 ', 
	25367: b'F\xc8\xf0G\xe9\xd6?\x9e\xb8C\xc5\xf2\xe5\xe7', 
	5024: b'\xd7\xcb\x83KQZ}\x186I\xab\x8e\xe4\x91', 
	54971: b'\x8a\xddL\x08\xf6\x84\xc4\x95\xec\n\xe9h\x85\x9f', 
	30406: b'\xce\xcfu\x1d`\xe8\x12\x90\x15E\x849\x00\xc6', 
	37400: b'x\xee\xbc{7\xf8E\x887\xdc2U\xd5~', 
	15558: b'\xcc\xd9g\xfea\xe6\r\xfe[\xc7RC\xf7\n', 
	16665: b'\xd4\xa7\xee\xe5,\xf4\xe0\xc8\xfa\xd5\xbe\xeb\x1dd', 
	28911: b'\x07\x17x\xba\x85\xbc\xa9^ec\xb32\x1c\x99', 
	15528: b'\xb8\x1f\xc4F\xf7\\\x01\x10P~~6K\x15', 
	3491: b'4^q\x02Z\xa2\xac\x1f\x11\xe0A\x98\x15R', 
	47211: b'\xb1\x93u`\xca\xc4L{]\xbd\xf5>$~', 
	708: b'\xca&\x83p\x9e\x174\xd1,B5H\x05K', 
	31140: b"\xdcd\x969\xbcsQ'\xee\xc5\x98dt\xd0", 
	2407: b'\xc5\xa3\xc3\x88O\x7f\xdf1\x19\x7f\x0ey\xb20', 
	37169: b'\x04\xe4\x11\xdc\xff\x05\x8b\x06\x19\x9b\x06\xf0\x1e\x96', 
	22373: b'Y\xc0e}\xb0\x17\xc7R\xd3w\xb5R\xae\xca', 
	1399: b"Wf\xad\xdc\x08'\x80\x18\xff0\x86\xe8\x88C", 
	64795: b'4\xb2\xb3#&\xf3nF<j\xd1\r\x82\xe0', 
	19515: b'\x19\xa2\xa9\xd3\x02\xd4w\xd1z\xdd\xeb\x83\xc5\x80', 
	11626: b'\xee\xe5<\x93#\x97:R\xb5\x98\x0f{\x1b ', 
	51080: b'\xe7H \xffX\xa6\xc1\xad\xca\x8a\x84\xfcx\x9b', 
	21363: b'\xa6E\x9f\xa2<2\x9c!H\xc3\x98\xfa\xa0\x98', 
	30522: b'`\xcdua\x1e\xf7 \x8d\xf1\xf1\x18\xb1\x98e', 
	40339: b'\xf6\xbe\xf1\xa0l\xc1\xf8\xf9[C\xecnB\x7f', 
	399: b'jd\xf2\xc0\xb5\xf7\xa7[\x982i.\x17\xcb', 
	38830: b'\x15\xc3&Aj\xfe\xd8\xce\r%\xcd7\xa0\x8c', 
	32666: b'\x91I\x04\x9ax\xa1\n\xd8\xa5H\x0e\xa0\\\xc0', 
	50411: b'\xd7\xad\x80\x848*`\x05Eb\xf9\x907"', 
	43664: b'\n\xfe^>,\xa8\x1d\xcd\xa7\xb73\xca]\xa4', 
	59735: b'\x9aO\x1b\xe2\x98\xe7\xa5K\xa0V:\xa4\xdb\x92', 
	21980: b'\x01\xbf\xf6\xc6\x07\xd97R\xc2\xe4r\xf2\x88\xe9', 
	39476: b'\xbc[\xe6\xee\x11\xcbFfN\xffd\x93/\x9e', 
	25869: b'QWm\xfe\xc9o\x9b\xd4\xe5e\x8c\xa6\x82\x14', 
	36230: b'\x9cb\t\xaf\xec\xea*QV\x828\xa0@&', 
	39359: b'\xa8R\xb9\xd9B\xed\x07\x1c\x1bF\x10m+\x06', 
	22530: b'\xef\xd1m\xb5A"r\xc9\xa0\xf4\x9bv\xc3-', 
	54450: b';x\xc9[\xa5hj\xf26#[/\xfb\xde', 
	4800: b'\xcaI\x8b$\xcdw\xd0\xa1om\x8d\x7f\xfd"', 
	27453: b'\xec\x0ey\xfe\xaam\x91q\x94<\xe5\xe6\xac\x18', 
	54967: b'P\xb4\xb5\xb4F\xf1\xca\xff\n1G\xf3\x14\x17', 
	57125: b'\n\xe3Q\xded7\rug\x87\x7f\xd8\x18T', 
	62036: b'\xe0\x9a\t9\xab`A\x8f\x92fZ\x8fZ\x83', 
	24069: b'\x04\xad\xa62\x85l7\x08\xa5\xfc\xca\xa09\x7f', 
	27510: b'\xb559\xfa\x00\x8f|\xfc\xfe\xdc\xacp\x87\x1a', 
	20392: b'\xb8\xae\x96\xad\x17\xddp\x9a\x18\xd8\xaa\xec3R', 
	59836: b'\x9e\xc6\x02\xabR\x01\xd9\xee\xde\x00\x0b\xce\x80S', 
	48921: b'"7\x86\x86\xeb\x0cX.\xe6\xb4\xc5\xda\'\x02', 
	39295: b"\x8f~\xd8\xb5\xb8\xddL\xb6_\xbf\xbf3'*", 
	858: b'\xda\xbb\xaf\x94\x91\xc0\xa6)\x1f^\xcf,UU', 
	23927: b'\xab\xee:\x84\x12\x07\xaa\x96\xbc\xca1\x05\xc5C', 
	43670: b'\x178\xd3\xb3g\xa7\x0b\xb5J\xf8\xa4\x01\x18F', 
	61220: b'E\xdc\x98\xb4\xd7#e\xf6\xb4\xd7s\nZ\xa0', 
	29424: b'A\xd2g\x0e\x812\xd9.\x01\xc0 v:\xdb', 
	31530: b'o\x19\xbc\x05!\xabg\xef\x8b\r\x90Y=\x07', 
	12409: b'JI\xf5\xdc\x9f8P\xff \xf6\xdc\xc7Hi', 
	10498: b'\xdd|"|\xa3\xbe\xdeJ\x1c\x81\x92P*N', 
	25592: b'\xb8\x8dA\xcba,\xc2\xf4o\x83\x9e\\\x9a\xdc', 
	50838: b'\xbc\x8d\x9b\xd4\x12\xe3 \x15)Pp\xa1\x03\x01', 
	14262: b'\xb5.h\xa0rZ\xc9Z\x9f\xc1o\xeb\x1d\x9d', 
	34509: b'\xb6"\x12\x07\'\xc1\xb4\xdb*$\xb9x\xb2A', 
	25790: b'\x10\n<\xd5\x19\xde~\x89\xc9\xd3=\x87\xf1.', 
	46157: b'JvXIU\xfb\x92#\x91\xff\x82\xfcw\xed', 
	37863: b'r[_\xccA\xd0X\x8e\xd4\x8btV\xab\xe9', 
	31871: b"\xd3\xeb\xb77]'\x82\xac\xdeC\xec \x08\x9a", 
	51051: b'\x1fk\xe3\x96&B0\x18a\x1dO\xe3*i', 
	46287: b'\xeb\x9aw\xb7\xd1\xdc\xd1A\xe8\xceR\x90YT', 
	3242: b'cF\xdf6\xcapR\xf8\x1c\xc5\x02Cb\xc6', 
	22602: b'Q\xa7\x0bh\xbb\x83\xe5q\xdd)\xbc2\x8aR', 
	21204: b'\\}fa$g\x87k\xbf\xbf\xa7:\xcd\xb5', 
	41700: b'\xc9\xc8!\x1b~\x8a\xf3$\xe1\xee\x98\x98\x94A', 
	64805: b'\x01\xf6\xdf\x9f\xf2\x9e\x1b:\x85\x06L?\xda\xad', 
	24214: b'\xfd\xf5\xc5\x96]k\x84g\xff7\xd4\xaf\xdcs', 
	3708: b'\xab\xd8\x02;\t\x92\xf2\x15\xd0\xd4\x12n\xd0{', 
	53901: b'\xb79\xa5m\xbb\x86\xcd\x98\xc4\x82\x1e\xcc\xf6\xdf', 
	63031: b'\xd0\x86\r\xef\x022\x15\x0b\x00Q\xd4Q\xbdF', 
	41249: b'\x97\x80r\xe1c\xd9\x97s\xbe\x1e\x1f\xfe\xc9\xe2', 
	42334: b'\xdcq\x9e4\xc7zG\xc1\x8e\xaf\x99\xcf\xd5\x17', 
	59692: b'}\xd82\x8d\x99t\x8c>Uqx\xed\xd2\xb9', 
	31691: b'\xd0\xd0\xa1g\x19\xcb9^\xfd\xe4\xa5\xd3\x1d\xe4', 
	13956: b'\xdf\xc3\x11\xe8\xb6\xf8\x1b5\\\xab\xfa\xe5p\x93', 
	19737: b'\xd6\x0fg\xcbS\x04\xc1h\x8f\x82UW\x82\xc0', 
	20490: b'\x00s\xf8\xedJ\xa8\x99b8>\xe7\x08lq', 
	5125: b'v\xf4~\x1d\xb4d\x9a\xda\x9f\x97\xc9\\\x14\xaf', 
	52713: b'\x93P\xe5\xafC\x88\xa8\xbb\x81\xb6\x82\xc5\xa1\x89', 
	22476: b'\xe6%\xc5\x12\x81\xe29)\xa6\xa6\xeb\xebn/', 
	46026: b'\xb3j\xb0C\xbdb!\x16\x8c\xdeA\xc2\x062', 
	37471: b'\x81O\xbb5\x14\xdd\xbd\x96\x1e\x92I*\xbe~', 
	10696: b'&\xb17\xd4\x15\xc66 \xff\xdc%\xa7\xbd\x84', 
	31398: b'1G:\xb6b\xc2k|\xdek\xbb\xb5k\xff', 
	31422: b'\xa7\xf9f\x89Z\xd2_\xc8O(P\xae=9', 
	54795: b'5\x02b\xf2`\xadN\xb9\xed7\xe4:,\xcc', 
	23380: b'\x9c\xd4\xea.\x16H\xb7Aa:\x05\xb8\xef!', 
	18044: b'`\n\x90\x05\x96I\xf3`\x0c\x19k\x0b\x80R', 
	23612: b'u\xeb}\xbf_\xcfTJ`\xda\xc27l\x18', 
	51583: b'S\xcc\x04\xdf\xb6\x8f9\x83[\xaa\xa3\x05\xf8K', 
	23066: b'\xd9;\xdb\xb8\x1e0J\xc5\xd2\x8d\xbf\xaa\x1c\x96', 
	48575: b'&S\xb6\x9e\x85\t\xf7\x93\x1cQ\xf0h}~', 
	52424: b'\x08S`n\xd1\x16\x17\x17\xfd\xd2\x16\xd7\\"', 
	41089: b'\xc1\x01\xdc9\x87\xb4j\xe7\xfe\x1a\xf7\xb8gG', 
	30961: b'\xed-$\x84\xdb(\xb0\x8bp\xa7\x86\x98F?', 
	17119: b'Nk>?\xd5\xf0\x0e>\xfb\xfb\x8c:\x1e\x8b', 
	38535: b'\xba\x02\xed\x7f"\x1eg\'\x03\x92\xbb\x1e\xc4F', 
	23994: b'\xa2\xa8\xf2\xf5\xd4&\xf2\x11W\xf1\xbb;\x0e\x18', 
	34211: b'\xc5\x10\xeeW\x91\xfb-\x11\xcb\xbd\xa9\x15\xb9m', 
	62276: b'\xcaD\x19\x17k\xbfqC\x88\xd6M\xbd\x01}', 
	13270: b'\xfaCn/\xf7\xc5\\\xe4n<>x:\x9f', 
	32440: b'\n|\xacM\x1f\xd4\x97\x8a\xdcpZ\x87\x06\xaa', 
	19033: b'\xc9^\xad\xdb@g\x98\x14dc2\xe2\xaa\xa3', 
	25972: b'\xfek;M1T\x01\xbd\xa5Z\x8a\xf0\xfd\x1b', 
	31027: b'\x8e\x97~\xdd\xcd!&\xa7K\xf4\xf7\x90:\xe2', 
	47728: b'*\xf8\xfc\x17\xa3`_\xca\xeb8\x87Xt\xea', 
	17459: b'\xaa\x07M@E\xb8\x8cL\x9c E\x1d\xd0 ', 
	27923: b'\xb15S\xbe\xeb\xb6\xf5|\xc2 g*\x97x', 
	51811: b'}\x81\xd1\xd8\x15\x92\x8aP\xe3jy\x0b:\xb8', 
	54386: b'\xfd\xdb\xf0\xa43\xf6\xb5\xda\xb0\xe8F*\xd7\x86', 
	31173: b'\xb4\xf3\xa6\xect\xbd\x02\xfa{\x92\xcaH\xf2[', 
	54408: b'\t\x08\xf3a\x00\xb8\xd8z\x89\xfa.<\xd0)', 
	57186: b'\x8b\xdf\xf8\xe3T\x08\xd0$0\xa5oS\xe8#', 
	35195: b'\x9a\x92j4\xf3\x13A\t\x81n\\%\xff\xa4', 
	22091: b'\x978$)%\x05\xe9\x81\xb8\xd0c\x82O\xba', 
	11314: b"t\xe2\xf3t.G\tU\x86-\x84\x0f\xfb'", 
	49417: b'\xfcr\xcfq\xf2\x9a\xcf\xaa\xbb\x0f\x91\xd7\xc3\xc3', 
	10449: b'~\xb9\xf5\xcf\x0cI\x98w\xd8WH\xc53+', 
	26842: b'o\x14g\xd7.7\x9bn#\xc0\x84\x1a\xf96', 
	11530: b'\xb5w\xaa(\x0b\x05\xd0\xd0e)d(\x9dH', 
	32708: b'E\xde\xb7r\x05\xc9\xa9S|a\x10\xc1G\xc9', 
	46498: b'\x88\xf7\n\x00\xfc\x8aI\xb8\xc8\x10\x80D\x1a\xb6', 
	60356: b'\xc7U}\x85\xed\xd1\xea\x8f\x14\xe3{F\xd2G', 
	41347: b'\xdb\xf6W\r&[\xf8\x93wS\x81\xc6[\xb0', 
	20936: b'\xdb\xa2\x0c\xa9$\n\xa4\xf3\xa5ds\xd7\x99\xdf', 
	17855: b'\xac\xbbsR\xbe\x0b0\xac^AC;y\xb0', 
	59202: b"\x9d\xec'\xa6\xec\xf6\x92\x9a\x7fT\xc1\xdf\xae\x85", 
	49119: b'\xc6\xe1\x03f\x95\x9a\t\xbf\x1ezrekM', 
	46353: b'\x89j\x01\xc2\xd1\n]\x18\xf3X\xc2\x0ey\xaa', 
	37072: b'\tW3j"G\xbbJ~\xbd\xf1\xdd\x12p', 
	16230: b'\x0e\xa3\xc1+a\x1bST\x87n}\xfe\xe8\xd7', 
	13863: b'X\xee\xac)-\xaaBeb6P\xda\xe2E', 
	39227: b'CCiV\xdfV\x04\xbb.\x82\x98\xc6\xe5\x8f', 
	22779: b'O\xb5\xc2\xfc\xc0\x86?+\xd4\x9f\xf3\xbf\x02\xaa', 
	16919: b'\x01lj\xda\xe6\xf1<\x0c\xac\xf1\xabq\xd4\xfb', 
	20612: b'\x933\xe5`1_!\xb0CTt\xad\xaca', 
	33056: b'\xb2\x19|pp\xa4A(c\xe9\xcc\xd5n\xc2', 
	65354: b'I\xb2\x03\xf5\xa2Z\x18=\x8fW\xceO\xe6\xf4', 
	25371: b'B\xb5\xbe\xc1jP\x8f^\xb8Y\xe2\xc2\xee\r', 
	53561: b'\xb9R:\xd1\x86\xa9\xa0=K\x96q$8\xde', 
	49692: b'\xd7\xf8%`\xa8`\xdf\x08vS\xcc\xcc\x05\x8f', 
	38023: b"\xe0P\xcf\xc1H?\xefP\xc4\xb4>'\xb3\xe0", 
	21545: b'\xa9\x19@6G\x05/O\x14\x0cZ?\xd0\xe6', 
	25955: b'\x15\xd5\x0f\xcc\x96\xbf\xca8h0\x05\xe7\xb3\x08', 
	63337: b'9\x8f=%\x96"\x06\xdd\xfd\'H)\xadV', 
	48867: b'\xbcy\xf2\xba}\xa0\xd5\xd8\x073\xf9\xf4w\x97', 
	8490: b'\x90;6XaN\xd9\xa4\x0b\x80$\x02\x8f\xf9', 
	41151: b'T\x1c6\xc98\xd8*\xc9\xbds\xc3m\xce\x84', 
	52515: b'\xca\x89\xe5\xeb\xa5\x17}Wx\xb6\xdc\xf2\xde\xc6', 
	22691: b'M\x12h\xe4z\xf9\x12^|r\xb29\x92y', 
	25471: b'\xb3)\xb7 %\xb7\xa6)\xc2fg C8', 
	4429: b'9&X\\\x9f.\xaa\xdf\xa7m4Un\x15', 
	34680: b'\x02\xea\xe8*\x83\x90d-\xc1\xb9#\x08\xe4!', 
	36075: b'\xd0\xdf)\xc0<\x8dq\xf7\xf4i\xa6\xd0\x07\xd8', 
	49666: b'Fran\x1e\x0b+\xc1\xcbNHDH\xb0', 
	6579: b'\x88d\xdd|\xa6[\xb4\t\x13\xe9SXT\x10', 
	50488: b'\nIDT\x93\x01\xafVC\xe4\x02\xcd\x07&', 
	57544: b'\xdfq\xdb\xcc\\=\xb7\x125&C\xd9\xdfp', 
	59510: b'Br\xb0\xe1\x16iM\xed:a\x8dL\xf8O', 
	54167: b'S\xca\xec\\\xb5\x11BxjZ\xce{\xda\xfa', 
	64716: b'\xac,\xcf\xca\xd9t!y\xf7\xc3\xd0\xa0\x98\x0f', 
	31679: b'|\x8c?\xf8\xdd+\xecv{m\x14\xad\xb7{', 
	42961: b'\x8a\xc0\xfds\xa5ue\xa8y\xdct\x98\x90S', 
	37061: b'D\xfc\x14\x91\x07\xad\xd2A\xed"\x04\x13\x04\x1e', 
	54262: b'~@I\xcb\x02\xe2\n\xf0t6\x0c\xd6^\xbc', 
	20524: b'\xfaRV\x14\x04\t\xf1\xe2\xcd\xb7~\x10\xe5{', 
	6309: b'w\xb1\x11\x16J!\x90\xeb\xe2\x19\xce\x8a)}', 
	26357: b'\x13}j\xcb\xf3\xa4\xa7\xdc\xbb\xe9\xef\x8b\xc4\x85', 
	60835: b'n\xf2qq;\xf4p\x81\xbekN\xe9S\xc0', 
	55716: b'\xf0GE\x98^\xdf\xa5\xa0\xfd\xc3\x8e\xa3\x0fq'}, 'service_data': {}, 'service_uuids': ['0000fff0-0000-1000-8000-00805f9b34fb'], 'source': 'D8:3B:DA:9B:7D:62', 'advertisement': AdvertisementData(local_name='Pro BMS', manufacturer_data={
	76: b'\x02\x15\x95\x85\x1d\xb5\x04\xb8\xea0\x11a\x13\xcc\xfb\xff\xc8\x172\x05\x85\x01\x80', 
	5092: b'\xe9\x7f\xb8,z\x12S\xa3\xf0G\x9c\x80\x00\xb4', 
	27954: b'\x11Q.\x02$c\xa8*\xda\x0c\x7f2N\x18', 
	35817: b'\xb8\xe9\x8b\xe8%\xealf\xf1n\x1b\xd5\r\x96', 
	19907: b'_x"z_\xbb6\x8b\xc9\xabi\x0bf\xe6', 
	42686: b"\x13n<R\n\xab\x9c\xce\xd9\x1cQ\x1a'\x16", 
	36832: b'/j\xce\xa9!\xc3\x96\xfb\xdd\x8e\x84\xf1\xd9\x9c', 
	51545: b'\x91eR\x84\x10\xf8\xb8C\x8b>\x83^\xb2\xcd', 
	18909: b'\xf0\x7f\xba\x15\x8e\xf9~\xa4`\xaa\xf1\x0eku', 
	63118: b'\x1c\xfcq4\xb82Y\xb2Ub8\x91Ny', 
	31694: b'"&5\xc5p\x8d=>d P\x0b\xfe\x94', 
	49009: b'\x1d[\xc0\xe3\xca=\xab\x87\xf7:\xd0\xfa\x84\xc5', 
	48161: b'\xd1\x15R3}\xcd\xfe\xc1\x92\x00\xf8\xf9\x88\xd8', 
	32315: b'\xcd\x9f\xa1\xeb\xf6\xbd\xd1\xec\x82H%M\xd8\xe9', 
	48153: b'\x81\xb43=f\xa4c\xd1\x83~hn\xa16', 
	33942: b'p\x98\xf2\x18G\xddu\x01\xe0\xc4MZ\xa7e', 
	57751: b'p\xeaY\x89\xdf\x0c\xe5G\xf07\xd8Q\xf9\xd5', 
	12378: b'W\x0c\xbd\xae\xc0\x06&\xb9\x01\xbaa#\xd2?', 
	36691: b'm\xf4\xc4\xc4n\x1c\xbf\x1c\xfb\xeaMh\x04)', 
	59286: b'N\xf1\xa4\x8e\r\x1d;\xfb\\\xc6@\x81\xe5\x85', 
	43914: b'I\xdb\xc5~n\x86.k\x8f\xf6\xa6\x06\x0fp', 
	31169: b'+\xbe\x9d\xe5\x08>\x18n8\xe6\xf9\xa5\x0ck', 
	5653: b'|\xe6\x1b\xcf\xce\xce\xd5\x16>p\xeac\x18\x0e', 
	21004: b'\x01\xd9\xa3\x80\x93W\xda"\x8b\x06\t\xf8!G', 
	25912: b'm\x89\xec\xc6\n(\xe1K\xbb^2\xda\xbf3', 
	56706: b',\xc8\x80~7\x80\x9c\x98%\x8c\xca5!p', 
	26027: b'\x1d\xc218\xaci\xf4D\x00B\x867=\x9f', 
	16168: b'\xe2Jj\x8c\xe1\x8d\xcc(0X=FY\xc9', 
	19714: b"\x81[M\xb2\xc4'\x8btsI;1#\\", 
	57443: b'\xef\x88*\xc5\xd4?\x0c\xa2\x19\x92\xf8r\x98\xf6', 
	26175: b'\xf8\x1d\xfe\x06S\xbd\xd4O\x14\xe0\xca\x12y\x98', 
	19098: b'\x05h\x0c\xf2\x88\xd5\xd7\x98\xc83\xb1=\x04&', 
	21999: b'\x01\xfe\xc7%\xb5\xf9\xc9\x07Q0u\x06jd', 
	35729: b'\x1c\r\xdd*\xed[9\xb8c\x9a\xfet\xe7g', 
	37177: b'/n\x8a/\xa7.\x83\x8d\xc9*\xab\x8c\x9f\xd2', 
	3989: b'c\t\xe9\xfb\xfd\x7f>\x1e\xcc\x1d?\xbcA\x8d', 
	17084: b'\xd9|\xf3\xb5\x8a\x9d\xf1R\xc4&\xfbW\xcf{', 
	23172: b"q\x84'\x176\xe0\x8a\xc6y\x0b\xbc\xef\x89q", 
	47004: b'~\x01x\x06\xcf\xcc\x17\x8f\xa9g\xe8e\xd4]', 
	53240: b'])\xb7-\x8eJV\xf0\xdf\\o\r\xd8\x0f', 
	37853: b'\x97,\xebZ\xb2\xc9\xf0$\xf3\xf8H\xc5@B', 
	18873: b'\x1fN\x12.#\r\x07\xc3\xd6\xb0rv\xd7\x05', 
	52672: b'\xee\x1fV\xf6v\x13\x0e\xc6_\xe3\xac\xa7\xbfi', 
	44932: b'\x90\xcb2Ck:\xe2G\xf5\x91\xcf\x07l^', 
	21531: b')\xfc\xe0\xa5\n\x12g\xd8\xb4\x84\xb5\x97w2', 
	31864: b' \xd2\x826.\x1a$[~>\xf7q\x18\xb7', 
	27071: b'wS\xc4AF7\xde\x98\xd7\xbbM?\x06\xf6', 
	22882: b'G\x8ac~nn\xe5\xd9\xe0v\rE\xeb\xef', 
	43571: b'"\x91\x06"\xe3\xe5\x01\xaa\x88\xce\xa23N\xee', 
	26972: b'h\x94\xec\xeb7C+\x00-\xcb\xc4_\xac\x87', 
	11592: b'/{\xd7Oj\xf2\xbd(\x92#+\xd6\x82\x1e', 
	57257: b'\xb1H\xe3\xd9\xc0Q\xce\xdd.\xdc\xe1B\xe8g', 
	1174: b'g\xa1\x17\x001\xce\xdb\x04\x9c\xae\xebW\x06v', 
	31166: b'\x0f\xab\xd7mC\x11\x97\xc5L\x80\x1a\xea\xfd\xa1', 
	36784: b'H2s\x85\xd6\x0ct\xc2\x9b\xcf\x9b\xdc\xedo', 
	16520: b'\xcbS"\xae\xf4(IBW\xd1\x06)\xe6\xab', 
	14656: b'\x16\xa1\x9e.f\xc4}\xef\xcenp\x8c\x90\x02', 
	47396: b'*\xaa\xfbKT\x7f\x15w0\x98^\x9dG\x8d', 
	59795: b'v\x8ehU\xccJ\r\xcc\x04\x05<_\xb6(', 
	5991: b'\x9c\xc1\x95\xa2e\x0e\x9e=\x06R\xa7%k\x1c', 
	48037: b'\xad\xacH\xd6\xe8\xfdJ\xcc\xc1\xfb\x9c\xc5\x1dJ', 
	30665: b'\x84w.\xb3\xa8\x0f{R\xc7$D\x01=2', 
	11740: b'"Ed\xf7+zR\x1b\xaeT\xf3\xc9\x95\xb7', 
	55372: b'\x8f\x91\xa7\xeb\xb8\xa9\x17\xce\x97?\xda\xc8\xe2\x14', 
	36923: b'\xcf\xd6\x0b\x91[\xd1\xf0 0\xa0\xda\xa5\xea\n', 
	31124: b"\x89\x88T\xe2}\xad\xcd\t\xbd\x0fF\t\x9e'", 
	47631: b'5\xdc\xfd\x94\xa2\xd6\xf0\xb9\xa5Tj\x02;\xe7', 
	61617: b'\xad\xeb\x8aT\x7f\x1a\xfd\x9d\x03\x0eR\x91W)', 
	52043: b'\x83\xdc\xf18VgA\xc9!\x0f\x1a\x86S\xa5', 
	24952: b'\xba\xde\x90\xe0\xb1\x1e\xfa\xa0\xe4\xfdV\xe3\x87\xf1', 
	17593: b'\xd4_\xba\xc3A^\xd1\xf6\xf5ao\xbf\xca\xa2', 
	6903: b'\x08\xc6\xc0\xfb\x17<x\xced?\x944\xeaA', 
	51059: b'\xd2\x9dF^*!\x89\x93\xf8\xb64\xc0\x83\x8f', 
	29410: b'\\\x0co\xa8\xfe\xcd\xa4z\xdc{\xf8\xa7\xf88', 
	54955: b'\x93\xec\xe7Xo\xceO\xd3r\xff\xcd\xc8\x11\x8d', 
	55583: b'\x06\x0b7\xbc \t\x19g\x18\x03\x1e~cz', 
	62943: b'\x01\rFk\x1bb\xa0\x1a\x9f\x19-MS\x19', 
	2017: b'qL \xc9z\xf9?\xad&T\xe3\xd4\xc5;', 
	30929: b'\x8d\xdb\x0b\x9c\x85\xf3\xde\x16\xe3\x12>\xab6\x87', 
	31575: b'\xe2I;\xd8\xb2Z\xd8\x1b\t\xb1%\xda$\x9a', 
	18146: b"\xad\x18r\x85\xca(\xef\t\x17'!\xe8%\xbe", 
	45386: b'\xe2\r\x04\x0e\x8b\x12\x871\xda\x18w\xc2K\xd8', 
	43982: b'\xb2k\x11Q\x049>4\xf92K\x89\xd7\x12', 
	9685: b'\xf8Y\xd1j\xd8~\x81\xeex\x9f\xdc\x1aTg', 
	42478: b'\x90l\xf4\xb5\x86p\xc5\xd1\xbe6\x03XD\x05', 
	39869: b'x`\xd8}\x95\xda\xc0w"\x0c\x80\xcd\x15\xf6', 
	12558: b'\x8f\xb8\x07P9>F^mc\xe7t\xf7\x13', 
	49640: b'\xd9\x7f\xa7\xdf\x8f\x8e\x11\x7fG\xc0`\x14\xe8\xda', 
	46671: b'g\xeb\xaf`\x83b\xd6K\x90j\x0eg(u', 
	41532: b'c\x07\x98@\x8b\x8c\x06\x88hK9\x01=\xa8', 
	65439: b'\xfdr\xbf\x13\xfd\r\xc6\xc0\xe5\x87\x83\x8a}\xc3', 
	34639: b'\xed\xbbY6\xdb\xa6n\xce\x96 3\x1c\x93J', 
	46907: b'\xb1\x92\x8a4\x95\xe08\x7f\xf7\xeb\xe7\\\xeb\xf6', 
	12485: b'F\x85\xaf\xad\x01\x16\xc3\xa2\xee\xafS\xf5\xef\xbe', 
	6829: b'\xaa/l\xabi\xf0\xee\x93\xe1E\xc5\xb5m\xa2', 
	36428: b'\xf7q\xfd\xb7-\x148\xa9\xd9\xb9\xf9R\xb8\x91', 
	51963: b'\xbfeM\xd8\x05\xf7\x9b\xf0\x7f\xa1u224', 
	38161: b'\xe9\xee\x88S/\xef\xf08\xc7\x1c\xfa\x08\xe1A', 
	40840: b'Ze\x98\xcc\xbc\x7f\xb6\xb8\xe86{\xab \xe1', 
	8377: b'X\x81\x8c\xdd1p0i.?v\xb6\x7f.', 
	14332: b'\xe1\xc2\x81&\xf6\xdb\xa3\xd2\x11\xa0\xcc!\xcf\xd4', 
	19557: b'\xbeK\xb1\xdb\xff[br\x19~B\xcas\xa8', 
	57198: b"p'\xff\xae\x9a\xa2\x98m\x87\x903zj\x0c", 
	35738: b'\x86.\x97\xf7\xcf\x1a\xa5\xc0\xca\xdd\x97O\xd4\xd7', 
	39717: b'\x8b\xf0\xc5\xcb\xc7""y\x83\x1e%\x8f&7', 
	33419: b'<\xca\xeaj\xebg\xba\xea\xb7\x11\x84\xee\xba\x0f', 
	19122: b'T\xda#\xfe\xdb\xd727\xday+I\x84\x8e', 
	49732: b'\x9a\x03\xa2\xcc\xcf\x8e\xa8PW\x81#(v\xfa', 
	36066: b'\xf3D\x8ah\xf1\xf7,N\xce\x97\xf6\xa9\xea&', 
	28588: b'\xb8\xa0$Ex~\x8f\x92GU\x9c\xf5\x1ey', 
	58085: b'\xd5\xe4}\xb7\xfe\xf4\x93\xafO\x9b\xaf#fI', 
	52906: b' \x1b,z\x08\x9a\x13\xaeH;\xc6->t', 
	51959: b')\x8c\xef\x02\xda\x1d-\x08\xbc\x809z\xa54', 
	41188: b'\xc4\x00E\xd0\xc3=\x0b\xbf\xe2Xb\xe0\xf9.', 
	2097: b')\x01\x9e\x91EL\x16c\x13\x8b\x0c\x1f\x1c\xca', 
	60583: b'\xa1\xf1hOUs_d+\x04w\x05D%', 
	51176: b'\x9f7\xaf\x03\xd7\x95\\"\x11]\x8c\xa6>v', 
	21438: b'[x\x1e\xaa3\xea,\x00\xfa\xfb\xae\x12\xa8!', 
	47771: b"\x1f\xde.\xf9\xee'\xc2\x9a\x18w\xb07\xdd\x85", 
	56281: b'\x81\xb3\xc8\xb2\xf4\x91}@\x87C\x1dl\xd6,', 
	26805: b'\x8b\x8c\xf2\x89\x0e\x8f\xa1U\xe0\x1d\xc9!\xaa\xae', 
	18106: b'\r\xaa"\xb6]\x8b=2\xcc\xa8\xbc\xd2\xcd\x06', 
	7602: b'k\xd3\xce\x07\x1b\xbd\xdf\xda!9\xee\xcc\x1dl', 
	53935: b'\xa9\xec-;\x88y\x0b\xad\x9f\\;\xb0\x9d(', 
	37183: b'\x9c\xf4\x16\x03\xae"\x04\'\x83\xa8\xd4~\x01\xc1', 
	1933: b'\xad\x16\x87>+\xf6\xe5O\x83\x9a\xeaS\xb6\xd8', 
	45225: b'S\xd0\xaco\x00\x9a\x12\xee\xb7"l\x11\x01A', 
	42571: b'\x1b\xc8.>\xc0\xe7\xcfL\x84\xfd\xd4\xe4Q\xe4', 
	22187: b'\x9d\xf0_#\x85*g4D\xb3\xf3\x1bJ\xf8', 
	17381: b'\xc3\xc1.\x89\xe2AB\x05\x9dMD\xd2AT', 
	49351: b'\xd3\xdb[\xb7\xd7\xa0\xeb\x03\r\xfb\xe1\xf5\xe6\xa7', 
	51131: b'0\x8eT{{[N\x9f\xabaE\xe2\xb7\xd6', 
	57777: b'\xed-\x85\xd8V<Oh+\x17\xda\xc6)C', 
	12897: b'{M\xb2h\x91\xcb-\x94\xdb!\xe0\x99\xad%', 
	20833: b'\x10\x8bV\x92)7\xea+X>\x9b+\xff\x10', 
	41889: b'5x\xd4\xb7\x04kG\x95\x0b\xdf\xce\xacl\xc0', 
	45468: b'pF\xe0\x08\r\xd87~\xf8\xc0m2P`', 
	25208: b'v\xcc\xb7\xf5\x86\xb6\xfd5|4\xf0\xa0\x0eG', 
	57250: b'_\xe9dx\x89\xde\xfc\xe7V_\xd97\xe8\xfc', 
	19053: b'?\x16W\xfc\x1b\xe2\x04\x7f\x9e\xa9R>u\xe8', 
	6348: b'2w\xe8[!B1\x18\xea\x83\xf2\x86\xa6s', 
	8488: b'\x9e\xb4$\xd7,\x98pE\x9f*\xc7\x96r9', 
	16026: b'\x99\x8e\x9e\x96o\xce\xe8%\x93\x90B\x83ys', 
	55436: b'\xe7\xee"c\xfe-\xe5\\\xa1\x9bg\xdb:Q', 
	56772: b'*\xe0K-\x18Sa\xa2~\x80\x05\xdc?A', 
	9831: b'eUI\x92&\xcfQ\x0f\xf4N\x8c\x95w\x83', 
	42799: b'2%\x1a`K2E0\n\xfb\xf4\x08\x969', 
	1447: b'\xef\xb2bA#\xd6\xe6\x80\xa2G\xcc\xef\xde\xd5', 
	29849: b'\xdfZ\x0c\xffK\xbag\xbe_\xf0\xe3\x80\xb5\xb6', 
	44124: b'\xb8\xdd\x99> p"\x18f$\xfaC#&', 
	48257: b'\x03BE\tf\x1b\x94\x8e\xb3\xb6\xbed\x96\x8a', 
	33387: b'\x14\xff\xd4\xd1\xdbB\xd5\'\xc1\xc8\xf5U\x13"', 
	36074: b'iY\x91\xb9\x86R\x86\xacI\xa2\x15%\xb4m', 
	26294: b'v\xe2\xb1\xf1:6u\xcd\xf3\x19\xed\xa8\xc3\xdd', 
	22392: b'h\xf8\xe0\xbe;\x850i\x8cH\xdc\xfe\xbap', 
	59940: b'M&B\x11~\x85\x833\xd9\xc0\xe4V1\xc9', 
	65164: b"C$\xc5h\x97\xf1:W[v~'\xd3;", 
	37297: b'\x88\r\x01r\x9dbJZ\x00\xd1\x19\xdf\xfd\x9d', 
	44593: b'm\xbe\xcc\xb5\xf0\x1d\xf6\xe46Z\x1d\xbc\xa7*', 
	15976: b'\xfb\x0b\xf9}\xcc\xfbL.\x8eR\xd5\xa7\\\xa8', 
	10602: b'\xf1\x80\x8a_\\/JQ\x8c!\x93\x94l\xf5', 
	6486: b'\x9e\xf2\xac\xca\xe2k\xf2\x07\xc0F\x1b\x89\xf3\xbe', 
	26126: b'\xce=t\xf5R8\x9a\xe5\x00\x94\x08j\xf5\x92', 
	29909: b'?U\xd0MND\x97\xdd\xe6\xef>\xb9\x8bS', 
	9539: b'\xa2\xd0\x06\xed\x0b\xb2\xcd}~\x17\xa1O\xc6\r', 
	52362: b'\xe22\xed\xdd\xa6\x93L\xc1z\xee)-zw', 
	14423: b'8n\xa2x\xe5"s\xe0t\xc7\xc0\xec\x9b:', 
	46340: b'AZ\xb00:\x9c\xaf\xc2\x04^yh\xb1\x86', 
	17444: b'\xfc\xe8\xb6\xd4\xa9h\x8c-\xed\xe5\x06\xd0\x08d', 
	53120: b'%\x12\x9fI\xcb2\xc3\xcd\xf7ZM\x8a{\xb9', 
	50958: b'\xf2J\x90\x1e-\x7f6+\x08\xe9\xcd1\xe0\x9a', 
	1395: b'Fc@\x8f\x1f\xb7tf\xc1rU\xa2\xf9\xfd', 
	47952: b'u5\xfd>G\xe3\xdc\xc4\xfb\xa9\xa1\xf8^\xe4', 
	11642: b'\x07u\xe5\xbf8\xf1\xc3\x07\xa3\x85\xd2\xd9C\x9e', 
	14770: b'g\x9e\xc3\xa1\x90\xc9`s\xdeB\x92\r~\xf2', 
	26886: b'"IXM\xe1%d\x90W\xaa\xe7\n\x92\xda', 
	52310: b'.\x0c\xe2\xcd].a\xb0G\x86\x03\xeb\xeeP', 
	8848: b'O\xb7kb\xa4\xa8\xba<2S\x05a\xf7`', 
	31559: b"\r\xe6'\x93\x8c\xde\x80^(o\xdc^\x84!", 
	46757: b'\xdbC\xe7g\x95\xc4\r\x8f\xe5\xea0\x1e\xb1\xa1', 
	9367: b'\xf5N\x91$=h\x18\x01\xa1\xed\x9c\xd5*\xd2', 
	42930: b'\xdd\xa5\x04\xa5\xa6\xd5\x11\xab\x0f^z\x86\xbd\xae', 
	23794: b"\x9b\x80\x82\xac\xe2\xa0b'\xa8\xad\xbb\xb4\xb0\xc2", 
	28683: b'\xd9\x01\xbd\x90\xde\xaa\xc5\xa7\xf4njw*\x18', 
	15223: b"'\xd1\xb2\x16\x80\xd1TVc!\x15\x8c\xee\xb4", 
	15921: b'n\x90ZD"J\xff<~\xc5~!v\xba', 
	824: b'\xd9c\xeb\xb1\xffE\x87\\A\xb5\xd6\xbcn\xcc', 
	63828: b'\xe3LD\xb1#S\x02\xfc\\\xfb\xbaT1\x8a', 
	52804: b'\xe6\xeeD\xc7\xae\xfc\\\xa1Inxk(\xa9', 
	55165: b'\xbc\xf0\xe0\xe1$\xaca\xd4\x96\xf7\xa1I\xd4\xee', 
	38769: b'\xbbG\x91j\x0f!n\x04\x9c\x10U\x9e\xf1\xcd', 
	40170: b'c#\xba\xd4\xabmGb\xe6O\x7f\x8ci\x0e', 
	13760: b'\x03y\xc57\xd9#\xedT\xca7X\xac?\x91', 
	13215: b'\x92\xfe\x13\xfc\xdcsF\xa8/\xc2\xf9\x9dVe', 
	50642: b'\x84qR\xb6\x9b>\xf2\x0e\xca#[\x9b\x0cP', 
	56631: b'\xf6s :\xd3$\xd0\xbe%\x0cw\xd6:H', 
	51854: b'\xf7&\x8a\x14_\xfcYK\xd6\xca~\x93\xbf\x08', 
	20967: b'\xa9\x06\xc6\x86\x93\x9f\x9e\x950\xd8`\xc1\xeb\x8b', 
	18223: b'&\xd3\x15\xd5\xc9\x9b\x1f\xee\x96~\tqT\x1b', 
	31712: b'\xe6r\xc6\x964\xcb\x8b>oE\x07\x8e+\x14', 
	44559: b'\xa3\x86\x8c"\x9d\xe4\x1c\xb0\x8aU\x9b\x83k\x8b', 
	66: b'\x8d\xaf\xdd\t\x1a\xdcM\xd9t\x18\x17Q\xff\xb1', 
	10860: b'\xaa\xd7W\xfb`\x86\x06b\x1d_\x8cB\x98\xef', 
	63161: b'\x93ZQ\xe7\x9ftNP\xb1\xdc\x94|[\xa8', 
	38166: b',r\xb7\x16\xb34\xc9\x92\x98D3\xfc\xd8|', 
	25771: b'\x06<%\xd8\x81\xc1\xc0\xc9\x1a\xffg}p\x8a', 
	51430: b'}\xe9\xe8\xb8\x8c>\xc4^\xfb2\xb4\x00\xffb', 
	59561: b'4\xcb\xa3f\xde\xf1\x88\x90\x93\x1a\x02\x8a\x90\x11', 
	53694: b'-\x1eA3\xe6\x94\x1f\xda\xd5\xcb\xa7\xf6D\xa2', 
	31028: b'\xf8\xae0\x8e\xf1/\x0cN\tG\xbb\x836#', 
	8089: b'%y\x81\x01\x18zZ\n8X\xee\x87/!', 
	60843: b'}\xb19n\x0c\x9e\xdd\xb9\xaac\xd1\xe7\xb3\xec', 
	37154: b'\x8c1~\x85\x978\xe0\x1d\xb9\x07^vN\x8d', 
	59770: b'\xbbh\xca\xa0\x05NQ{\xb7,\x88\x98\xee\xb6', 
	38666: b'\xe8\xc1\xb4\x17\xb3\x1cdHD\xde/\x84\xe4J', 
	41806: b'P\x07\xa2HS2\xa40h\x9b\xbc\x8e\x9a\x9f', 
	25707: b'\xd4\xd1ulj]\xec\xe5\xfd4K\x9eqB', 
	59258: b'\x17\xcct\xb7"\xf3)\x14\xf3 \xb5\xacs\xb5', 
	31201: b'\x8a\x1c\xaf\\\xf2)~\x1d\x88\xa1\x0cW\x82T', 
	52619: b'\xac\x10p\xacJ\xc2(6?D\x87\x87\xe5\xee', 
	4406: b'\xee\xd2{\xdb\xac\xa9\x01\x8e\x16e\xd8/@\xa7', 
	40029: b'\xf5\x11\xf7e\xf5\xf4\xfbu\xe44\x93\xdf\xca\x1b', 
	131: b'\xae\xbd\x8f\xd2.a\x89\x87\xc7\\\xe0\x9b\xbe\x1a', 
	22856: b'Kf\x11\xf2P\xc9\xf2}\xdf\xba<\x89d\xd1', 
	45021: b'x\x81\xb0\xf4\xf1\xeb\xa00\xd1\x00h\x17v2', 
	61283: b'\x03\xb3\xb7\xfe\xd1N\xdc3+\xe6\xd6\xfa\x0f\x95', 
	39147: b'\xc0\x8b\xb0\xbc\xeb\xf0\x9b\xe3W\t\x08\xbd\x8ab', 
	10117: b'?\xbbm\x84\xd9\x83\xe7U\xa0\xce\xc9\xea7\x80', 
	20624: b'FX\xd9w\xe3\xe00-a\xc6\xc0\xf5Sa', 
	54650: b'\xbf\xe6\x9b\xe3\xbbq-\x86}\xb4\x1f]\x0fp', 
	2915: b'\xf4\x8d.\tf+c\xe4\xbb5\x01\xae\xd0\xf5', 
	19150: b'\x1acD&^Sv=\xeb\xdcI2]\xb6', 
	52981: b'\xb9M\x91R:\xbb\xbdPCf\x8ck\x8b"', 
	38157: b'z8n8i!\x98\xae\x9a\x10\xf0\x9f%\x1f', 
	54202: b'\x88|\x8f\xfe\xef\x94\x0c\x85\r2*>uT', 
	61471: b'Q\xdc\x149\xa6$\xa7\xcb\xf0\x91C+\x08\x0b', 
	13768: b'}(\xc2\x10\xd8\xa9\xbcv\x8c\x18\xdc~\xeb\xc0', 
	62172: b'W\xaa8\x9616\x1f%\xfd]\x19\xe2k\x80', 
	25466: b'\x81ur\x89\xd0\xae\x1an\xda\x12\x84\xcf\x04\x13', 
	11299: b'\x18h\xecEv\xd4p\xe5\xb8\x83+\xaf/\x1b', 
	63822: b'\xc9$\xc0:A\xe60\xd6,\x04Z\xf3\x80\xb6', 
	6430: b'\xa5\xd8\xb7\xa7\xd5\x14ks;\x8b\xd8\x98\xed\xfb', 
	60366: b'\xb9\x94C\xa2\x84\x9e\xd5\xdds\n#s\x8d\xc5', 
	39537: b'\xc8;\x84xn\x83]\xa7\x1c\x9c\xb0s)>', 
	24228: b'MJv\xcaQ\xdc\xfc\xc6j\x82\xa0G\xf3M', 
	52497: b'm\x90\x88\xa1\xef\x93\xc0H\x03\x11\xcd\xf9LG', 
	33292: b'\x95\xd6AL\xf5[\x9cbJ\x99!\xf5\xf1X', 
	1442: b'U\xeb\xbcT2\x18\xf6\x9e0"\x06\xd8kY', 
	64791: b'\xa1\x9b\xfc\x96C\xf6\xe6!\xe9\x9d\xdd\xe1\xf7\xa5', 
	26199: b'\xfc\x8e\xf8\xf3\xcf\xcf\xc9\xba\xf4\xc9\xb3\x92\xbf\xcb', 
	58829: b'\x97\xea\xf3\x19\x7f9vf"o\xd2\x85\xb3\xfa', 
	45769: b'\x14\x82\x04\x89$\xc3D{\xf6\xcc\x11\x92\xe2\xbe', 
	19950: b'u\xe1-\x1b?:xC\xadvP>a\x14', 
	35419: b'<\x0fF\xb3\xd9C\xd5\x1ac\xaf:\xf2\xac\xa1', 
	50953: b'\x11\x1a\xe6\x17\xee\x9a\x17\xde\x95gxa\x19\x1a', 
	32174: b'\xaf-H\x9e\xac\xc31:O\x03\x97\x11\x17\x00', 
	4932: b'\xac\xacU\x82\xf3+w\xdc\xf6\xc3\xd1\xb6\x13>', 
	40753: b'\xde\x04*\xbe\xb9C/\x8e\xd1)\xe5.\xe7P', 
	18901: b'\xca\xf5L:PA\x97\x8790uT\x88\xcf', 
	18856: b',\x1aQ9\xf7\xf7\xe6d"\xfb\x15F\xf32', 
	55040: b'1}J\xe4p\x08\xcd\x9dF\x8fgH\x99\xaf', 
	48721: b'\x86\xb3\x1fYim\xd3.\xb3\x10\xd9\x03b&', 
	21669: b'\xbb\xb9\x0e\x16\x9e\xfc\xe1`\xbd\xe5\x0e\xe2\xf1\xc4', 
	11215: b'\x0f\xbbf\x92-~\xee\xa30\xb9\xe2\xb5s9', 
	45231: b'qo/@\x9c(\xa4\xd0\xc7,o\x90S#', 
	8499: b'r\xbd\x8f\xf4%\xa4\xe2\x15i2\xa3\xa8z\x19', 
	57382: b'\xf43\x9a\x96\xf2\xbc\xe8\xbe\x0c\x7f\xa3-l\x0c', 
	17653: b'\xe92\xbd\xc98{\xeaH\x16\xd7\xd5\xc8-E', 
	22060: b':\xbe\xe3\x8f\xbc\x8b\xbc\x8d\x05\xfc#\x1d`\xa0', 
	770: b'"\x16\xe60\x12\xc3\x9f91B\n\x1dWu', 
	22722: b'\x9bh\xec\xa1\x99\xf7\x1e|6\x1a\xa9k\xaf\xa8', 
	46813: b'M\xa0|\xfb\xe8\xe7\xbc\xbeIf\x0f\xf7\xa6\x93', 
	39417: b'\xce\x86s\x14\xc6\xf3\xda\xec\xf4\x14\x1aY\xc6g', 
	58528: b'\xa4\x8a\xf2:\x05\r\xbfQ}\xb4t\xa5mT', 
	3999: b'\xfa\xb1\x8cG\xd9\xd9DT\x9d\x9e\xf7\x06/\x91', 
	6084: b'\x0e\x9c\xb5\x93k\xc9\t}\x9f\x92\x18]s\x89', 
	18604: b'\x8e\xf0\x1e\x16\x14\xee*w\xdb\x10\x1a\xd7\xfa\x11', 
	58805: b'N\xd0\xd9\x18i\xeaw*\xe2S.\xe6h9', 
	60937: b'\xe7O:\xd2\xf2\xf9\x1fT\xd6\x8d`\xc5\x8cu', 
	20567: b'\x10\xc2\xb9\xcc\xa9h\xfeG\x7f5\x06+\xc7B', 
	13720: b'3\xba:\xf9\x19,t\xcd\xefK-\xef\x11Z', 
	13536: b'Zu\x04\x0f00\x815zr\x96Y\x06\x9a', 
	1992: b'~\xd7\x8b:h\x14y5\xb6W\x19,5f', 
	23945: b'\xcf\xfaU\x8a\xf0\xef&\x04\x06]\xf6]\x1f\x00', 
	51626: b'\x81\x0b%y\x04\xcc\xaa\x91\xce\x95V\xc1\xb4\x10', 
	24536: b'd5\xaa;U)\xc9\x99\xd5\x7f[c\xd9%', 
	43482: b'\xd5\xf6\xe0\xa0Cw\xec\xb7\xa7\xaa\xab\xc2\x17\n', 
	14318: b'\x00:\t\xe5uX\x8a4\xff\x91\x9a\xe3\xcar', 
	54853: b'4\xeeG\\}\xc3e\xdbpV\xe1\x88\xe1\xdf', 
	40243: b'\xac\x06\x16\x0e\xdd\xb5\x06\x98\xc5\xbc?\x97\x98\x88', 
	43389: b'U\xcc\xe3]\xa8\x0f$V\xc8B\xc14,\xa4', 
	53127: b'\xc2\xe2\x8e\xa4\xf5\xdc|g\x1b\xe6\x12\x0f\x11\xb8', 
	17668: b'\xf0\x8c\xe7\xda/\x82\xa3ME\x04\x1b\xf0<(', 
	59965: b'\xfb\xeb4\r)\x19\x1f3\xb5\x1d\x8f8\xc7(', 
	27592: b'\xef\xa35W\xbd\x17\xf6\xbd&\x87\x06\xc1J\xfb', 
	48311: b'\xa1(\x15M\xd0\xba|\xb3\xa03"\xa9\xc4\xd6', 
	5086: b'# \xa6\x15\x97fj_\xd6\x94\xd5\xe0@D', 
	63357: b'\xf8\x87\xd01\x97\xa9\x9c\x95\xd3\xe8\xc5\x05\xce\t', 
	56758: b'1\xd1-B\xads\xac\xc2\x14X\x1a\xea\xc3 ', 
	57998: b'\xd5\xd6\xa5AU\xff!\x0e\xe2\t"\x0b\xc5\xef', 
	43636: b'\x18\xdf\xd5l!\xe2\xe7m\x9cP\x06\x13\xc2!', 
	62209: b'\xf8q\xd2\xf7\\b>\xd8?\x83a*`\x9b', 
	49762: b'\x88\x1f\xa2\xb6R\xc4Vf~d\xbe51\x90', 
	31146: b'\xfe\xf3iu\xcf\x04\xec\xbc\xe0\xdc\x15 \xace', 
	28045: b'\xfa/\xa7\xac\x12\xa1\x1f|\x8bl\x91\xe7\n\xf9', 
	64373: b'\xf2\x10\x82\x9f\xaf\x98\x997\x7f_rd|\xe7', 
	25952: b'\xe7\x07i\x80XR\r\xbdA\x19\xe9\xe6\x8a\xdd', 
	58791: b">\x12'2\x8a\x1c\xfc\xa0\xd2\x12\xa6\xb6#\xbd", 
	45940: b'\xf8-AW\x01\x95L\xfa\xdc\xe9\xf9\x9a\ry', 
	31033: b'\xe9\x81\x9a\xf4b\xcb\x0fu\xfd[$D7\xd1', 
	52016: b'\xe4\x85\xf5\xff\xd1\xaf\x01\x04\xf4Y\x97\xad\xad ', 
	34607: b'\x9d\xa3\x0b\x02\xee\xccOd*\xac$i\x05{', 
	43250: b"\x188\xf5\xa7\xc6'U\xf0V\x01\xc7\x19\x9e\xab", 
	43398: b'+\x8d\xea\n\xe2\xf7ZI\xf9(\x9d\xf8\x82\xee', 
	4622: b'\x99)\xa1\x14\xb4\xa4kz\xf1\xa4\x902.\x84', 
	13034: b'\xe3\xbe\x8b\x08\xf3\xff\xe8\xa1\xc2\x14w\x8a\xa4\x7f', 
	64917: b'\x88\xe0\x1axb\xfbl\xe1g<w\xf0f\x16', 
	31770: b'\x1b\xbe}\xbb\xab:\x9b\x8c\x88\x9e\xbe\xdc\xdaP', 
	14410: b'\x8dH\xb19\xf7\xa0\xc2\xd2\xa4\x04\xda-D\x06', 
	50736: b"\xe8\xb4C7T\x96\x8b:\xef\xab}\x06\xf8'", 
	25433: b'b\x9b\xa2\xb4\x7f\x8d\xcc\xa7W\x00i\x05\x85\x1f', 
	59873: b'\x11\xff\x11\x80B\x02\x93{2\xb9\x84oAw', 
	22375: b'\xcb\xde\xb1$\xf8\x9d\xdd\x0e\x06\xb0\xc4\xe4\xda\x02', 
	49648: b'F\x053-\x9e\xba\xcc\x7f8\xc0\xb2x\xc2\x86', 
	871: b'\xaaU\x85\x17\x88\x9c\x1cM\x1b\xdf\xbeP\xc4\xb5', 
	49104: b'0\xeb\x8d\x9a\xf9\xcbLh\xd3\xc6\x15\xc7\xdb\x11', 
	64022: b'\xeb\xc8o\x9aL\xa2)\xaaOF\x1a\x0b)c', 
	37096: b'\x17\xbbRG\x1eMG 65\x88\xd4\xae$', 
	64924: b'\x97\xe6\x8b\x1ao\xbb\xde\xca\x07^TTk\xab', 
	51803: b'\x8c\x85\xc0\xa8f/\x84\x94\xfcu\xfa\xaa\xf0\xf5', 
	23505: b'\x0c*\xd2B\x932dQv\xbdNA\x15\x93', 
	27906: b'T\x17\xcf^\xdc\x9b\xdf\xccC\xceV\xc3\xaae', 
	49850: b'W\x0f\xee\xca%\xb7\x1d\xbe\xbe\xc1H\xc2\x08\xe6', 
	860: b'\xedH\xb8\x19V\x8d]\xe9\x17\x9c\x92\xc3>\x14', 
	19985: b'\x1d.\xa1\x81|]K\xa7%\x97\xa8H"|', 
	10147: b'\x97\xba\xdc\x9e\x7f\x12\xc1m\n\xa3\xe6%E\xe7', 
	40134: b':G\x1ew\x14\xac3(\xfb\x8a=V\xf5<', 
	34643: b'1=h\xe2\xc3\t\xff\xf86\xfe\xc1\xa2\xd0\x0f', 
	49239: b'\xe9\xdd\x80\xd3i`\x91\x16\xee\x92\x9b\xac\xd1\x93', 
	48619: b'\xf1\xab4\xfd\xbf\xae\x80\x8c\xe4T\xe7\xf6\xd8U', 
	64762: b'\xe5f\xb7\x87\xcf\xa7{>;X\xef\x82\x83\x98', 
	53869: b'\x07\r\xc7\xab\xdc\x16\x16\x99.+_\xb9\x91@', 
	59183: b'P\xc01\x9d\xd5\x0c\x03\x13\xea\xdb\x02)!f', 
	18285: b'O\x7f\x8c\x97\xba\xea_y\x06Y\xf3V\x87f', 
	52037: b'[7Q\x98\x92\xdfj\x89\x97\xd8\xe0o\xc4B', 
	26109: b'\xeci\x000"\xeb\xc2\x8f\x7f\x8bX\xed\x88\xb9', 
	23770: b'B}\x00\xaeoo\xd4.S\xc3\xberIY', 
	51523: b'\xa5\xdf_\x847\xcc\x0b+u}\xf8\xe3N\x1b', 
	28015: b'\xad"!\xd3q\xd9B\xc4\x88q\xe8\x8b[\xad', 
	6343: b'\xb64\xcf\xf4\xaak9G \xd48\x81\xa4\xec', 
	32327: b"r#!\xcbZ\xfa\x04'J\xcd\xb0\x83\x83\xe9", 
	31228: b'\xb1\xc7\xbez\x03\x1f\xa5\xa9\xf4\x88M`\xaa:', 
	44120: b'\xd1K\x96\x9aW\xa8\x7f$\x9a\xda\xfa\xd1{6', 
	33151: b'\xa2J\xa63\x83\x03}\xb9\x88\xe7\xb0\x9a_\x84', 
	48357: b'_!\x84\x96K\xbe\xd48=\x1f<\xb6\x0b\xcf', 
	54629: b'\x88S\x1a\xee\xe2\xfa\x0b\xf7\xb4TV\xc1\x94\xde', 
	27399: b'\x8e\xb7q\x0e\x98\x9f)\xcd\xcd\xd7\x85-\xe6\xf5', 
	7607: b'\xdcM\xe7\xd7\xb5\xaa\x18A\xf2\x88\x9a\xccS"', 
	9301: b"\x82\x91\xdb4'\xe5\x7f\xf8a\x08\x02\x83\xb0\xc4", 
	35570: b'V\xf4D\xf8\x0cc\xf1\xc8\xcbd\x9d\t\xdd\xe0', 
	25269: b'wa\x05c\xba\xe4\x10\t\xd0Ke\xcb\xce\xac', 
	13103: b'A\x882h\xeb\r\xa2\x959g\xa3\t5\xc7', 
	5644: b'Yr7\xd4?\xaf\x9d\xf9\xed\x93\x99\x8a\xb3\xd2', 
	49561: b'\x86\xd9\xa7i\x92Dd\x0b\x8b\xbf\xaa?K|', 
	36972: b'\x94"\xab\x80\xeb\xc7O\xf7\xc3#RG.\x8f', 
	40978: b'4\x81\xdb\xc4I>\xcaI\xc6\xf55\x81h?', 
	47187: b'\xe39\x08A\rQ\xec[\xa7\t3\xfen\xb2', 
	36888: b'+\x84\x81\x8e\xaez?$\x07\xa6H*\xbf\x9c', 
	7244: b'\x9a\xf6\x1a#\x12\xf1\x9e\x7fSS\xe9J\x99\xb6', 
	63701: b'\xe8(!\xfc}\xb0)0*\x87u\x07dA', 
	59386: b'^xHS\x03B\x1da\xfa&\xb9\xad\x8f\xb4', 
	28834: b'{\xe2P\xb1\xa6\xb2\xda\xc3v\xa9\r_\x08\xbd', 
	14944: b']\x8b\x0fr\xfe\x08\xf7\xca\x0b\x88\x0f\x9c\x9e.', 
	27167: b'\xea\xb2\xa4i\xb9\xad\xf5\x81\xf4\xe0\xde.\x9a\xf6', 
	14052: b'\xe2\xd5\xd1hB\x7f$\xa2\x89[\x9c}\x07\x89', 
	22554: b'\xd0\x81v\x1dd[LQ\x95\xfa\xaf\xae\x9d\x89', 
	8659: b'\x14m\xd2m\xef"\x81\xf7\x9ct\xbd#ya', 
	55082: b'\x942\x04\xf0\x97\xfa\xc50\x91\xdf*\xa2r\xaf', 
	56366: b"\xa1\xc9G\x9e'F\x02\xec\xc2.j+[\x99", 
	24452: b'\xcc\x00\xdf\xce\xaf\xae\x1eo\x8f\xf2C\xe4g\xb8', 
	56345: b'IU+N\xf1\xde\x992u}\xa0\x87P\xa0', 
	15116: b'\xf7\xd58\n\x81\xe2\xb1\x92\x01\t\x05\n\x11\xf0', 
	25865: b'\xa0\xf2u\xe1o\xfa>UQY\x9ac\xbab', 
	63363: b'\xac\x82\x01\x0c\xbb\xb5u\x8e\xa7\xec\xe6\x991\x97', 
	19031: b'z\x86\x97~=\xc09\xbb\x91_\xe8\xe1<\x02', 
	43206: b'\xd8\x01/\xcd\x92\xad\xfaq\xda\x0bK\xce \xab', 
	43127: b'\x14\xcfJ\xd8\xe1\x0c\x92\xdd\x84\xbe\xb4\xf1\x13\xb3', 
	6363: b'\xe1\x8e\xc3\xc5\xa6eg\xe0:\xdf\xe8\xf3[\x8b', 
	46739: b'\xa3S\x0c\xf2Nh9\xf3r\nn\xb8\x8c}', 
	25349: b'\xd4\x14\x1f\xd1\xa47k\xa9\xe2?\xb0#\x03\xd2', 
	2672: b'\xa9\xf3u2\xcf\xe0\x17\xf4\xd9zjf\xb5\xf7', 
	5879: b'\xda(\x96\n_\xec\x02U\x913\xfa\xeevB', 
	15796: b'"V`7\xcfPF8\x1a\x81$0\x8e\xf2', 
	17675: b'\x7f\xc6u@\xa8\xff\xec\xfe\xbf>\x86\xbcHN', 
	13717: b"U\xd1!\xd4'kD\xaf\r\t\x84\xce\x17t", 
	18359: b'H-\xd7\xae*u\x9e\xcc\xbe\x02r\x9bx\xe3', 
	44645: b'\x071-\xdf\x10\x8c=E=\x86\x84\xe97\xb5', 
	28502: b'\xdeAL\xfe\xcb\x0c\xa7\xc0\xc3@@4\xb0>', 
	2919: b'\xc4c&Bs\xbd\x97\xeb\xb2<G\x92\xd3\x01', 
	42253: b'\xa8\xeaS\x7fA*\xbb\xcc\x83\xc3\xfc\xb4\xc3Y', 
	62195: b'\x87o\xfd+\x1b\x845Ec3C\x82S?', 
	47715: b'\xae&\xa9\x8a\x9f\xde\xae\xa6\xeb_b>;s', 
	20256: b'm\xe5P.\xb0\x14\xe4\xb1\xc6\xa63\x8e\x03\x16', 
	3555: b'\x83R\rA**\xac\x12\x99\xae\xb6\x0f\xa7 ', 
	29843: b'N?\x92\xb1].\x83~\xce\x8a\x15\x1c\x04y', 
	18563: b'\x91|\x8ad9L\x84\x18t\xc3\xc5\x96\xf9d', 
	30384: b'0(\x02Tss\xc0\xe8\x03\xa9\x9d\xa9L\r', 
	11212: b"a\n$\xe6\x7f\xe4\xf0H=\x1c<\xa2'\xac", 
	21465: b'#K\x86\x08\xde\x8f\xef\xee\xe3o\xef\xc1B\xfb', 
	11184: b'\xbeo\xf1\xd4\x05g\x9f\n\xabI\xf3a\x19a', 
	48471: b'\x02t\xbb\x8e\xecy\x93o\xc8\xe3\xdf;\xef]', 
	18115: b'{A~V\xbd"\x03\x82L\xbb\x02\x13\n\xe4', 
	35913: b'\xdd\xba\xd7\xfa\x8e\xbc\xb9\xa5\x9c\x89\x11\xcd\xb9\xdd', 
	37544: b'{N\xc2P^\xc4~\xe4\x1b\x11\x8a\x97\xb7\x96', 
	29033: b'\xb2);\\\x1c(\x1e4\xf6\xa3\xd3bv\xd2', 
	44417: b'\xc9\x04\xe57R\xe2\x7f\xbe\x1e]\xbf\x95dg', 
	9036: b'\xc0"\x10w\xe9\xc7\xba\xa1]\t9O\xc0\x9f', 
	25834: b'\xc8#\xc2L<\x1f\x82\xa0\x9aFMX\x9d\x92', 
	25016: b'l\xe6\x06\xd9\x8e"\xb3G\xda-\x1bu\n\xf7', 
	60800: b"8\x11\xc2\x85\xcc\x8dY'\xaa\x8a^L]\xe8", 
	44662: b'\xc1D*B+V\xe5\x8fb\x8a\x88\xea\x81B', 
	62819: b'\xb7\x88\x9b\xfc+\xe0\xf5E\xb67\xda\xd5|\xc3', 
	35080: b"\xc4\xd1>\xce\x8d\x12>I\xea\xc5*'\xbd\xb6", 
	21195: b'\x03*\xf6v%\x08\\\xde\xe84lM\x18\xbc', 
	55772: b'\xe5\xbb\t\xb9x\xe2\xf8\xfe\x18"D\x1eq\xee', 
	46868: b' \xa7{\x067\x8c\xd5m\x9a\x80d\xef\x90\x05', 
	44141: b'`"\xect\xafQUn\xf0X~\xe5\xf2\xa0', 
	61691: b'V\xfb\x9e\xc5K\xb3\xf2\x0fq\x1d\xc68\x9em', 
	6452: b'\xf6\x03?)\xe02\x82Y\xaf\x1a\xfcG\x95z', 
	23653: b'\xa3\xfb`-^\xf5\x03\x1a\xd3\xe5\xd6\x9b\x12\xa7', 
	9365: b'\x0f\xb8\xa0\xc6\x9d\xcc\xa4^\xd6\xa4\x98\xf8oM', 
	35639: b'F\x90nP4\xdc\xa1\xd1\x0e\x94\xd2\x05\x05r', 
	27689: b'\x07\xcf\xe2\x87o\x96\xed\xcc\xde\x05\xdf\x86+0', 
	332: b'\xdd\xf1\xed\x0b<\x0c\x11D\xf1\x17\x14\xa7\xfa*', 
	21117: b' =\x92s\x02\xa5\xc6\xc6\x98\x96M\x19\x97\x84', 
	47233: b'\xd0O\x9c\x84\xd3\xa8%\xf1\xb5w\xb7\x90\x1d\xc7', 
	62108: b'_\xf6\xba\xbd\x94\xb4\xaa!\xb9\xb5\xa9\xbf\xa7\xbd', 
	65156: b'\xe8q\x17@\x91\x82\xed\x0e\xde~\x19qn\x91', 
	32301: b';\xe8fx\x16\xe4\xd6\xf3\xb4)sh\x04\xa4', 
	32525: b'A\x9a\xe5\x11\xcbJ\x16\x04\xaa\x804\xae\xe1\x95', 
	52697: b'\xc8]\xcf\x1e`\xf1\x17\xea\xda\xa7\xfd\xc65\xdc', 
	57129: b"\x1ek\xa5\xa9\x9d\r\x96\xf5\xf9'\xb6X1\xfc", 
	37676: b'\x86\xca\x18\xc0\xf9\x89\xcf`\x85\x7fQ6\xbc\x06', 
	59409: b'\xfa"\xad0\xc9\xef$\xdb\x0bUk\n\xc0\xb2', 
	13443: b'\xf9a\xfdv\x84\xe5U\xef\xd7\x9f\xba\xbeZ[', 
	35287: b'\xee\x03\x04\xa4\xaa\xd6\xb6a\x88\x84\xa7\xdc\xcbc', 
	22913: b' \x94\xa1-\xcc\xd1.\xe3\xf5\xc0*\xab\xe6e', 
	61314: b'\x11kkM\x9a\xf0k(r\x7f\x00\x00\xd1Q', 
	20515: b':SR\xcc\x05\x07\xf7\x12\x0c\xc3\xe8\x12\xaa\x18', 
	27387: b'\x1d\x1d\xf3\xffuMc\xbbT:b\x91\xc5\x0b', 
	65127: b'\xbe9\xde\xf9\x8e\xac\x07\xcb\xbc\xd9\xa8\x98Z1', 
	21439: b'\xac9"2c\xd633\xdf\xd7e\xf8\xf0T', 
	48085: b'K\xd3655\x87\xd8\x18\r\xd7&\r:f', 
	23511: b'bC\x99\x85\xeb"/u\x96\x14\xc8@\xeb(', 
	47833: b'\x88\x8c*\xb2\xc8\xf5\xc4\x9f)l\xb4\xa7\xe6\xfb', 
	5420: b'\x0f\x80\xeb\xb5\xb7\xd7}\xfcV\x95\x9e\xde3\xc8', 
	23656: b'\x88\x1b\xf59G}\\}\x08 \xa1\xfa\xa7\x03', 
	36295: b'\x9d\xd3\xc22\xd7\xdd\x9e\n\xb3,uI\xf7]', 
	57684: b'\x8ai\n\xe8g_\xe9\xcd\x85L\xe4!a\xb6', 
	19001: b'\x94&\x96\xcb\xa8\x90&\xd7\xa1\xe9\x07\x01<\xc4', 
	5036: b'}\xf4\x0c\x16=+Bvb01\x97\xbaF', 
	1765: b'\xeb3G\xbe\xf8\xbc\x90\xb4\xb1\xbd\xcb\xbcM\xa1', 
	22728: b'\x07\x1c\xc4l1\xd4\x81\xd2r\xb9\x8a\xd8\xbaJ', 
	52597: b'\x9e\x9d\xf0\xe4_\x8c\xbf7\xa8p\xd9\x8b\x06)', 
	57079: b'\xc9W\x8d\x94\xa2\xdb\x8a\x80y\x1c+\xd48\x13', 
	37626: b'\x9dZQ\xfd\xa8\xb2\x9eu\xf4\r\xfd\x1e\xdac', 
	57394: b'\xd5\xdf}}38)\x10]K}\r\xbf\xb9', 
	47260: b'NhPc\xae\xeaF\xf5\x8aB%\x17\xc4\xd7', 
	31196: b'\xfc}\xac\x94\xc7\xf4\xd8\x87\x0f\xda\xa1\xff\xd4\x00', 
	63884: b"K\xff)\xc8NP'\xec&\x97Gn\xb6k", 
	29660: b'\xa7\x07\xcb?U_\xe7\xbd\xf8\xc0\xa6\xf7\xe0\x13', 
	14132: b'\x9b\x1e\x1e\x9a\xe4\x97\xf19\x0cc7\x18\xc7*', 
	57683: b'\xc0\xb3TL\x90\xebD?\xb9I\x19\xe5\x85 ', 
	25367: b'F\xc8\xf0G\xe9\xd6?\x9e\xb8C\xc5\xf2\xe5\xe7', 
	5024: b'\xd7\xcb\x83KQZ}\x186I\xab\x8e\xe4\x91', 
	54971: b'\x8a\xddL\x08\xf6\x84\xc4\x95\xec\n\xe9h\x85\x9f', 
	30406: b'\xce\xcfu\x1d`\xe8\x12\x90\x15E\x849\x00\xc6', 
	37400: b'x\xee\xbc{7\xf8E\x887\xdc2U\xd5~', 
	15558: b'\xcc\xd9g\xfea\xe6\r\xfe[\xc7RC\xf7\n', 
	16665: b'\xd4\xa7\xee\xe5,\xf4\xe0\xc8\xfa\xd5\xbe\xeb\x1dd', 
	28911: b'\x07\x17x\xba\x85\xbc\xa9^ec\xb32\x1c\x99', 
	15528: b'\xb8\x1f\xc4F\xf7\\\x01\x10P~~6K\x15', 
	3491: b'4^q\x02Z\xa2\xac\x1f\x11\xe0A\x98\x15R', 
	47211: b'\xb1\x93u`\xca\xc4L{]\xbd\xf5>$~', 
	708: b'\xca&\x83p\x9e\x174\xd1,B5H\x05K', 
	31140: b"\xdcd\x969\xbcsQ'\xee\xc5\x98dt\xd0", 
	2407: b'\xc5\xa3\xc3\x88O\x7f\xdf1\x19\x7f\x0ey\xb20', 
	37169: b'\x04\xe4\x11\xdc\xff\x05\x8b\x06\x19\x9b\x06\xf0\x1e\x96', 
	22373: b'Y\xc0e}\xb0\x17\xc7R\xd3w\xb5R\xae\xca', 
	1399: b"Wf\xad\xdc\x08'\x80\x18\xff0\x86\xe8\x88C", 
	64795: b'4\xb2\xb3#&\xf3nF<j\xd1\r\x82\xe0', 
	19515: b'\x19\xa2\xa9\xd3\x02\xd4w\xd1z\xdd\xeb\x83\xc5\x80', 
	11626: b'\xee\xe5<\x93#\x97:R\xb5\x98\x0f{\x1b ', 
	51080: b'\xe7H \xffX\xa6\xc1\xad\xca\x8a\x84\xfcx\x9b', 
	21363: b'\xa6E\x9f\xa2<2\x9c!H\xc3\x98\xfa\xa0\x98', 
	30522: b'`\xcdua\x1e\xf7 \x8d\xf1\xf1\x18\xb1\x98e', 
	40339: b'\xf6\xbe\xf1\xa0l\xc1\xf8\xf9[C\xecnB\x7f', 
	399: b'jd\xf2\xc0\xb5\xf7\xa7[\x982i.\x17\xcb', 
	38830: b'\x15\xc3&Aj\xfe\xd8\xce\r%\xcd7\xa0\x8c', 
	32666: b'\x91I\x04\x9ax\xa1\n\xd8\xa5H\x0e\xa0\\\xc0', 
	50411: b'\xd7\xad\x80\x848*`\x05Eb\xf9\x907"', 
	43664: b'\n\xfe^>,\xa8\x1d\xcd\xa7\xb73\xca]\xa4', 
	59735: b'\x9aO\x1b\xe2\x98\xe7\xa5K\xa0V:\xa4\xdb\x92', 
	21980: b'\x01\xbf\xf6\xc6\x07\xd97R\xc2\xe4r\xf2\x88\xe9', 
	39476: b'\xbc[\xe6\xee\x11\xcbFfN\xffd\x93/\x9e', 
	25869: b'QWm\xfe\xc9o\x9b\xd4\xe5e\x8c\xa6\x82\x14', 
	36230: b'\x9cb\t\xaf\xec\xea*QV\x828\xa0@&', 
	39359: b'\xa8R\xb9\xd9B\xed\x07\x1c\x1bF\x10m+\x06', 
	22530: b'\xef\xd1m\xb5A"r\xc9\xa0\xf4\x9bv\xc3-', 
	54450: b';x\xc9[\xa5hj\xf26#[/\xfb\xde', 
	4800: b'\xcaI\x8b$\xcdw\xd0\xa1om\x8d\x7f\xfd"', 
	27453: b'\xec\x0ey\xfe\xaam\x91q\x94<\xe5\xe6\xac\x18', 
	54967: b'P\xb4\xb5\xb4F\xf1\xca\xff\n1G\xf3\x14\x17', 
	57125: b'\n\xe3Q\xded7\rug\x87\x7f\xd8\x18T', 
	62036: b'\xe0\x9a\t9\xab`A\x8f\x92fZ\x8fZ\x83', 
	24069: b'\x04\xad\xa62\x85l7\x08\xa5\xfc\xca\xa09\x7f', 
	27510: b'\xb559\xfa\x00\x8f|\xfc\xfe\xdc\xacp\x87\x1a', 
	20392: b'\xb8\xae\x96\xad\x17\xddp\x9a\x18\xd8\xaa\xec3R', 
	59836: b'\x9e\xc6\x02\xabR\x01\xd9\xee\xde\x00\x0b\xce\x80S', 
	48921: b'"7\x86\x86\xeb\x0cX.\xe6\xb4\xc5\xda\'\x02', 
	39295: b"\x8f~\xd8\xb5\xb8\xddL\xb6_\xbf\xbf3'*", 
	858: b'\xda\xbb\xaf\x94\x91\xc0\xa6)\x1f^\xcf,UU', 
	23927: b'\xab\xee:\x84\x12\x07\xaa\x96\xbc\xca1\x05\xc5C', 
	43670: b'\x178\xd3\xb3g\xa7\x0b\xb5J\xf8\xa4\x01\x18F', 
	61220: b'E\xdc\x98\xb4\xd7#e\xf6\xb4\xd7s\nZ\xa0', 
	29424: b'A\xd2g\x0e\x812\xd9.\x01\xc0 v:\xdb', 
	31530: b'o\x19\xbc\x05!\xabg\xef\x8b\r\x90Y=\x07', 
	12409: b'JI\xf5\xdc\x9f8P\xff \xf6\xdc\xc7Hi', 
	10498: b'\xdd|"|\xa3\xbe\xdeJ\x1c\x81\x92P*N', 
	25592: b'\xb8\x8dA\xcba,\xc2\xf4o\x83\x9e\\\x9a\xdc', 
	50838: b'\xbc\x8d\x9b\xd4\x12\xe3 \x15)Pp\xa1\x03\x01', 
	14262: b'\xb5.h\xa0rZ\xc9Z\x9f\xc1o\xeb\x1d\x9d', 
	34509: b'\xb6"\x12\x07\'\xc1\xb4\xdb*$\xb9x\xb2A', 
	25790: b'\x10\n<\xd5\x19\xde~\x89\xc9\xd3=\x87\xf1.', 
	46157: b'JvXIU\xfb\x92#\x91\xff\x82\xfcw\xed', 
	37863: b'r[_\xccA\xd0X\x8e\xd4\x8btV\xab\xe9', 
	31871: b"\xd3\xeb\xb77]'\x82\xac\xdeC\xec \x08\x9a", 
	51051: b'\x1fk\xe3\x96&B0\x18a\x1dO\xe3*i', 
	46287: b'\xeb\x9aw\xb7\xd1\xdc\xd1A\xe8\xceR\x90YT', 
	3242: b'cF\xdf6\xcapR\xf8\x1c\xc5\x02Cb\xc6', 
	22602: b'Q\xa7\x0bh\xbb\x83\xe5q\xdd)\xbc2\x8aR', 
	21204: b'\\}fa$g\x87k\xbf\xbf\xa7:\xcd\xb5', 
	41700: b'\xc9\xc8!\x1b~\x8a\xf3$\xe1\xee\x98\x98\x94A', 
	64805: b'\x01\xf6\xdf\x9f\xf2\x9e\x1b:\x85\x06L?\xda\xad', 
	24214: b'\xfd\xf5\xc5\x96]k\x84g\xff7\xd4\xaf\xdcs', 
	3708: b'\xab\xd8\x02;\t\x92\xf2\x15\xd0\xd4\x12n\xd0{', 
	53901: b'\xb79\xa5m\xbb\x86\xcd\x98\xc4\x82\x1e\xcc\xf6\xdf', 
	63031: b'\xd0\x86\r\xef\x022\x15\x0b\x00Q\xd4Q\xbdF', 
	41249: b'\x97\x80r\xe1c\xd9\x97s\xbe\x1e\x1f\xfe\xc9\xe2', 
	42334: b'\xdcq\x9e4\xc7zG\xc1\x8e\xaf\x99\xcf\xd5\x17', 
	59692: b'}\xd82\x8d\x99t\x8c>Uqx\xed\xd2\xb9', 
	31691: b'\xd0\xd0\xa1g\x19\xcb9^\xfd\xe4\xa5\xd3\x1d\xe4', 
	13956: b'\xdf\xc3\x11\xe8\xb6\xf8\x1b5\\\xab\xfa\xe5p\x93', 
	19737: b'\xd6\x0fg\xcbS\x04\xc1h\x8f\x82UW\x82\xc0', 
	20490: b'\x00s\xf8\xedJ\xa8\x99b8>\xe7\x08lq', 
	5125: b'v\xf4~\x1d\xb4d\x9a\xda\x9f\x97\xc9\\\x14\xaf', 
	52713: b'\x93P\xe5\xafC\x88\xa8\xbb\x81\xb6\x82\xc5\xa1\x89', 
	22476: b'\xe6%\xc5\x12\x81\xe29)\xa6\xa6\xeb\xebn/', 
	46026: b'\xb3j\xb0C\xbdb!\x16\x8c\xdeA\xc2\x062', 
	37471: b'\x81O\xbb5\x14\xdd\xbd\x96\x1e\x92I*\xbe~', 
	10696: b'&\xb17\xd4\x15\xc66 \xff\xdc%\xa7\xbd\x84', 
	31398: b'1G:\xb6b\xc2k|\xdek\xbb\xb5k\xff', 
	31422: b'\xa7\xf9f\x89Z\xd2_\xc8O(P\xae=9', 
	54795: b'5\x02b\xf2`\xadN\xb9\xed7\xe4:,\xcc', 
	23380: b'\x9c\xd4\xea.\x16H\xb7Aa:\x05\xb8\xef!', 
	18044: b'`\n\x90\x05\x96I\xf3`\x0c\x19k\x0b\x80R', 
	23612: b'u\xeb}\xbf_\xcfTJ`\xda\xc27l\x18', 
	51583: b'S\xcc\x04\xdf\xb6\x8f9\x83[\xaa\xa3\x05\xf8K', 
	23066: b'\xd9;\xdb\xb8\x1e0J\xc5\xd2\x8d\xbf\xaa\x1c\x96', 
	48575: b'&S\xb6\x9e\x85\t\xf7\x93\x1cQ\xf0h}~', 
	52424: b'\x08S`n\xd1\x16\x17\x17\xfd\xd2\x16\xd7\\"', 
	41089: b'\xc1\x01\xdc9\x87\xb4j\xe7\xfe\x1a\xf7\xb8gG', 
	30961: b'\xed-$\x84\xdb(\xb0\x8bp\xa7\x86\x98F?', 
	17119: b'Nk>?\xd5\xf0\x0e>\xfb\xfb\x8c:\x1e\x8b', 
	38535: b'\xba\x02\xed\x7f"\x1eg\'\x03\x92\xbb\x1e\xc4F', 
	23994: b'\xa2\xa8\xf2\xf5\xd4&\xf2\x11W\xf1\xbb;\x0e\x18', 
	34211: b'\xc5\x10\xeeW\x91\xfb-\x11\xcb\xbd\xa9\x15\xb9m', 
	62276: b'\xcaD\x19\x17k\xbfqC\x88\xd6M\xbd\x01}', 
	13270: b'\xfaCn/\xf7\xc5\\\xe4n<>x:\x9f', 
	32440: b'\n|\xacM\x1f\xd4\x97\x8a\xdcpZ\x87\x06\xaa', 
	19033: b'\xc9^\xad\xdb@g\x98\x14dc2\xe2\xaa\xa3', 
	25972: b'\xfek;M1T\x01\xbd\xa5Z\x8a\xf0\xfd\x1b', 
	31027: b'\x8e\x97~\xdd\xcd!&\xa7K\xf4\xf7\x90:\xe2', 
	47728: b'*\xf8\xfc\x17\xa3`_\xca\xeb8\x87Xt\xea', 
	17459: b'\xaa\x07M@E\xb8\x8cL\x9c E\x1d\xd0 ', 
	27923: b'\xb15S\xbe\xeb\xb6\xf5|\xc2 g*\x97x', 
	51811: b'}\x81\xd1\xd8\x15\x92\x8aP\xe3jy\x0b:\xb8', 
	54386: b'\xfd\xdb\xf0\xa43\xf6\xb5\xda\xb0\xe8F*\xd7\x86', 
	31173: b'\xb4\xf3\xa6\xect\xbd\x02\xfa{\x92\xcaH\xf2[', 
	54408: b'\t\x08\xf3a\x00\xb8\xd8z\x89\xfa.<\xd0)', 
	57186: b'\x8b\xdf\xf8\xe3T\x08\xd0$0\xa5oS\xe8#', 
	35195: b'\x9a\x92j4\xf3\x13A\t\x81n\\%\xff\xa4', 
	22091: b'\x978$)%\x05\xe9\x81\xb8\xd0c\x82O\xba', 
	11314: b"t\xe2\xf3t.G\tU\x86-\x84\x0f\xfb'", 
	49417: b'\xfcr\xcfq\xf2\x9a\xcf\xaa\xbb\x0f\x91\xd7\xc3\xc3', 
	10449: b'~\xb9\xf5\xcf\x0cI\x98w\xd8WH\xc53+', 
	26842: b'o\x14g\xd7.7\x9bn#\xc0\x84\x1a\xf96', 
	11530: b'\xb5w\xaa(\x0b\x05\xd0\xd0e)d(\x9dH', 
	32708: b'E\xde\xb7r\x05\xc9\xa9S|a\x10\xc1G\xc9', 
	46498: b'\x88\xf7\n\x00\xfc\x8aI\xb8\xc8\x10\x80D\x1a\xb6', 
	60356: b'\xc7U}\x85\xed\xd1\xea\x8f\x14\xe3{F\xd2G', 
	41347: b'\xdb\xf6W\r&[\xf8\x93wS\x81\xc6[\xb0', 
	20936: b'\xdb\xa2\x0c\xa9$\n\xa4\xf3\xa5ds\xd7\x99\xdf', 
	17855: b'\xac\xbbsR\xbe\x0b0\xac^AC;y\xb0', 
	59202: b"\x9d\xec'\xa6\xec\xf6\x92\x9a\x7fT\xc1\xdf\xae\x85", 
	49119: b'\xc6\xe1\x03f\x95\x9a\t\xbf\x1ezrekM', 
	46353: b'\x89j\x01\xc2\xd1\n]\x18\xf3X\xc2\x0ey\xaa', 
	37072: b'\tW3j"G\xbbJ~\xbd\xf1\xdd\x12p', 
	16230: b'\x0e\xa3\xc1+a\x1bST\x87n}\xfe\xe8\xd7', 
	13863: b'X\xee\xac)-\xaaBeb6P\xda\xe2E', 
	39227: b'CCiV\xdfV\x04\xbb.\x82\x98\xc6\xe5\x8f', 
	22779: b'O\xb5\xc2\xfc\xc0\x86?+\xd4\x9f\xf3\xbf\x02\xaa', 
	16919: b'\x01lj\xda\xe6\xf1<\x0c\xac\xf1\xabq\xd4\xfb', 
	20612: b'\x933\xe5`1_!\xb0CTt\xad\xaca', 
	33056: b'\xb2\x19|pp\xa4A(c\xe9\xcc\xd5n\xc2', 
	65354: b'I\xb2\x03\xf5\xa2Z\x18=\x8fW\xceO\xe6\xf4', 
	25371: b'B\xb5\xbe\xc1jP\x8f^\xb8Y\xe2\xc2\xee\r', 
	53561: b'\xb9R:\xd1\x86\xa9\xa0=K\x96q$8\xde', 
	49692: b'\xd7\xf8%`\xa8`\xdf\x08vS\xcc\xcc\x05\x8f', 
	38023: b"\xe0P\xcf\xc1H?\xefP\xc4\xb4>'\xb3\xe0", 
	21545: b'\xa9\x19@6G\x05/O\x14\x0cZ?\xd0\xe6', 
	25955: b'\x15\xd5\x0f\xcc\x96\xbf\xca8h0\x05\xe7\xb3\x08', 
	63337: b'9\x8f=%\x96"\x06\xdd\xfd\'H)\xadV', 
	48867: b'\xbcy\xf2\xba}\xa0\xd5\xd8\x073\xf9\xf4w\x97', 
	8490: b'\x90;6XaN\xd9\xa4\x0b\x80$\x02\x8f\xf9', 
	41151: b'T\x1c6\xc98\xd8*\xc9\xbds\xc3m\xce\x84', 
	52515: b'\xca\x89\xe5\xeb\xa5\x17}Wx\xb6\xdc\xf2\xde\xc6', 
	22691: b'M\x12h\xe4z\xf9\x12^|r\xb29\x92y', 
	25471: b'\xb3)\xb7 %\xb7\xa6)\xc2fg C8', 
	4429: b'9&X\\\x9f.\xaa\xdf\xa7m4Un\x15', 
	34680: b'\x02\xea\xe8*\x83\x90d-\xc1\xb9#\x08\xe4!', 
	36075: b'\xd0\xdf)\xc0<\x8dq\xf7\xf4i\xa6\xd0\x07\xd8', 
	49666: b'Fran\x1e\x0b+\xc1\xcbNHDH\xb0', 
	6579: b'\x88d\xdd|\xa6[\xb4\t\x13\xe9SXT\x10', 
	50488: b'\nIDT\x93\x01\xafVC\xe4\x02\xcd\x07&', 
	57544: b'\xdfq\xdb\xcc\\=\xb7\x125&C\xd9\xdfp', 
	59510: b'Br\xb0\xe1\x16iM\xed:a\x8dL\xf8O', 
	54167: b'S\xca\xec\\\xb5\x11BxjZ\xce{\xda\xfa', 
	64716: b'\xac,\xcf\xca\xd9t!y\xf7\xc3\xd0\xa0\x98\x0f', 
	31679: b'|\x8c?\xf8\xdd+\xecv{m\x14\xad\xb7{', 
	42961: b'\x8a\xc0\xfds\xa5ue\xa8y\xdct\x98\x90S', 
	37061: b'D\xfc\x14\x91\x07\xad\xd2A\xed"\x04\x13\x04\x1e', 
	54262: b'~@I\xcb\x02\xe2\n\xf0t6\x0c\xd6^\xbc', 
	20524: b'\xfaRV\x14\x04\t\xf1\xe2\xcd\xb7~\x10\xe5{', 
	6309: b'w\xb1\x11\x16J!\x90\xeb\xe2\x19\xce\x8a)}', 
	26357: b'\x13}j\xcb\xf3\xa4\xa7\xdc\xbb\xe9\xef\x8b\xc4\x85', 
	60835: b'n\xf2qq;\xf4p\x81\xbekN\xe9S\xc0', 
	55716: b'\xf0GE\x98^\xdf\xa5\xa0\xfd\xc3\x8e\xa3\x0fq'}, service_uuids=['0000fff0-0000-1000-8000-00805f9b34fb'], tx_power=-127, rssi=-70), 'device': BLEDevice(E0:4E:7A:AF:5E:06, Pro BMS), 'connectable': True, 'time': 1402985.441553496, 'tx_power': None, 'raw': b'\x02\x01\x06\x1a\xffL\x00\x02\x15\x95\x85\x1d\xb5\x04\xb8\xea0\x11a\x13\xcc\xfb\xff\xc8\x172\x05\x85\x01\x80'}
2025-07-25 20:47:19.025 DEBUG (MainThread) [custom_components.bms_ble] Pro BMS: BMS data update
2025-07-25 20:47:19.025 DEBUG (MainThread) [custom_components.bms_ble.daly_bms::Pro BMS:5E06)] connecting BMS
2025-07-25 20:47:19.026 DEBUG (MainThread) [bleak_retry_connector] E0:4E:7A:AF:5E:06 - E0:4E:7A:AF:5E:06: Connection attempt: 1
2025-07-25 20:47:21.197 DEBUG (MainThread) [bleak_retry_connector] E0:4E:7A:AF:5E:06 - E0:4E:7A:AF:5E:06: Connected after 1 attempts
2025-07-25 20:47:21.197 INFO (MainThread) [custom_components.bms_ble.daly_bms::Pro BMS:5E06)] failed to initialize BMS connection (BleakError)
2025-07-25 20:47:21.198 DEBUG (MainThread) [custom_components.bms_ble.daly_bms::Pro BMS:5E06)] disconnecting BMS (True)
2025-07-25 20:47:21.213 DEBUG (MainThread) [custom_components.bms_ble.daly_bms::Pro BMS:5E06)] disconnected from BMS
2025-07-25 20:47:21.213 DEBUG (MainThread) [custom_components.bms_ble] Pro BMS: BMS communication failed: esp32-s3-poe-01 [D8:3B:DA:9B:7D:62]: Pro BMS - E0:4E:7A:AF:5E:06: Characteristic 0000fff1-0000-1000-8000-00805f9b34fb does not have notify or indicate property set. (BleakError)
2025-07-25 20:47:21.214 DEBUG (MainThread) [custom_components.bms_ble] Finished fetching Pro BMS data in 2.189 seconds (success: False)
2025-07-25 20:47:21.214 DEBUG (MainThread) [custom_components.bms_ble] Shutting down BMS (Pro BMS)
2025-07-25 20:47:21.215 DEBUG (MainThread) [custom_components.bms_ble.daly_bms::Pro BMS:5E06)] disconnecting BMS (False)
2025-07-25 20:47:26.489 DEBUG (MainThread) [custom_components.bms_ble] Setup of <ConfigEntry entry_id=01K1235NF5CVTYH5VHB19CAXH2 version=1 domain=bms_ble title=Pro BMS state=ConfigEntryState.SETUP_IN_PROGRESS unique_id=E0:4E:7A:AF:5E:06>
2025-07-25 20:47:26.489 DEBUG (MainThread) [custom_components.bms_ble] Loading BMS plugin type: custom_components.bms_ble.plugins.daly_bms for device E0:4E:7A:AF:5E:06
2025-07-25 20:47:26.490 DEBUG (MainThread) [custom_components.bms_ble.daly_bms::Pro BMS:5E06)] initializing Daly Smart BMS, BT address: E0:4E:7A:AF:5E:06
2025-07-25 20:47:26.490 DEBUG (MainThread) [custom_components.bms_ble] Initializing coordinator for Pro BMS (E0:4E:7A:AF:5E:06) as Daly Smart BMS
2025-07-25 20:47:26.491 DEBUG (MainThread) [custom_components.bms_ble] Pro BMS: advertisement: {'name': 'Pro BMS', 'address': 'E0:4E:7A:AF:5E:06', 'rssi': -70, 'manufacturer_data': {
	76: b'\x02\x15\x95\x85\x1d\xb5\x04\xb8\xea0\x11a\x13\xcc\xfb\xff\xc8\x172\x05\x86\x01\x80', 
	5092: b'\xe9\x7f\xb8,z\x12S\xa3\xf0G\x9c\x80\x00\xb4', 
	27954: b'\x11Q.\x02$c\xa8*\xda\x0c\x7f2N\x18', 
	35817: b'\xb8\xe9\x8b\xe8%\xealf\xf1n\x1b\xd5\r\x96', 
	19907: b'_x"z_\xbb6\x8b\xc9\xabi\x0bf\xe6', 
	42686: b"\x13n<R\n\xab\x9c\xce\xd9\x1cQ\x1a'\x16", 
	36832: b'/j\xce\xa9!\xc3\x96\xfb\xdd\x8e\x84\xf1\xd9\x9c', 
	51545: b'\x91eR\x84\x10\xf8\xb8C\x8b>\x83^\xb2\xcd', 
	18909: b'\xf0\x7f\xba\x15\x8e\xf9~\xa4`\xaa\xf1\x0eku', 
	63118: b'\x1c\xfcq4\xb82Y\xb2Ub8\x91Ny', 
	31694: b'"&5\xc5p\x8d=>d P\x0b\xfe\x94', 
	49009: b'\x1d[\xc0\xe3\xca=\xab\x87\xf7:\xd0\xfa\x84\xc5', 
	48161: b'\xd1\x15R3}\xcd\xfe\xc1\x92\x00\xf8\xf9\x88\xd8', 
	32315: b'\xcd\x9f\xa1\xeb\xf6\xbd\xd1\xec\x82H%M\xd8\xe9', 
	48153: b'\x81\xb43=f\xa4c\xd1\x83~hn\xa16', 
	33942: b'p\x98\xf2\x18G\xddu\x01\xe0\xc4MZ\xa7e', 
	57751: b'p\xeaY\x89\xdf\x0c\xe5G\xf07\xd8Q\xf9\xd5', 
	12378: b'W\x0c\xbd\xae\xc0\x06&\xb9\x01\xbaa#\xd2?', 
	36691: b'm\xf4\xc4\xc4n\x1c\xbf\x1c\xfb\xeaMh\x04)', 
	59286: b'N\xf1\xa4\x8e\r\x1d;\xfb\\\xc6@\x81\xe5\x85', 
	43914: b'I\xdb\xc5~n\x86.k\x8f\xf6\xa6\x06\x0fp', 
	31169: b'+\xbe\x9d\xe5\x08>\x18n8\xe6\xf9\xa5\x0ck', 
	5653: b'|\xe6\x1b\xcf\xce\xce\xd5\x16>p\xeac\x18\x0e', 
	21004: b'\x01\xd9\xa3\x80\x93W\xda"\x8b\x06\t\xf8!G', 
	25912: b'm\x89\xec\xc6\n(\xe1K\xbb^2\xda\xbf3', 
	56706: b',\xc8\x80~7\x80\x9c\x98%\x8c\xca5!p', 
	26027: b'\x1d\xc218\xaci\xf4D\x00B\x867=\x9f', 
	16168: b'\xe2Jj\x8c\xe1\x8d\xcc(0X=FY\xc9', 
	19714: b"\x81[M\xb2\xc4'\x8btsI;1#\\", 
	57443: b'\xef\x88*\xc5\xd4?\x0c\xa2\x19\x92\xf8r\x98\xf6', 
	26175: b'\xf8\x1d\xfe\x06S\xbd\xd4O\x14\xe0\xca\x12y\x98', 
	19098: b'\x05h\x0c\xf2\x88\xd5\xd7\x98\xc83\xb1=\x04&', 
	21999: b'\x01\xfe\xc7%\xb5\xf9\xc9\x07Q0u\x06jd', 
	35729: b'\x1c\r\xdd*\xed[9\xb8c\x9a\xfet\xe7g', 
	37177: b'/n\x8a/\xa7.\x83\x8d\xc9*\xab\x8c\x9f\xd2', 
	3989: b'c\t\xe9\xfb\xfd\x7f>\x1e\xcc\x1d?\xbcA\x8d', 
	17084: b'\xd9|\xf3\xb5\x8a\x9d\xf1R\xc4&\xfbW\xcf{', 
	23172: b"q\x84'\x176\xe0\x8a\xc6y\x0b\xbc\xef\x89q", 
	47004: b'~\x01x\x06\xcf\xcc\x17\x8f\xa9g\xe8e\xd4]', 
	53240: b'])\xb7-\x8eJV\xf0\xdf\\o\r\xd8\x0f', 
	37853: b'\x97,\xebZ\xb2\xc9\xf0$\xf3\xf8H\xc5@B', 
	18873: b'\x1fN\x12.#\r\x07\xc3\xd6\xb0rv\xd7\x05', 
	52672: b'\xee\x1fV\xf6v\x13\x0e\xc6_\xe3\xac\xa7\xbfi', 
	44932: b'\x90\xcb2Ck:\xe2G\xf5\x91\xcf\x07l^', 
	21531: b')\xfc\xe0\xa5\n\x12g\xd8\xb4\x84\xb5\x97w2', 
	31864: b' \xd2\x826.\x1a$[~>\xf7q\x18\xb7', 
	27071: b'wS\xc4AF7\xde\x98\xd7\xbbM?\x06\xf6', 
	22882: b'G\x8ac~nn\xe5\xd9\xe0v\rE\xeb\xef', 
	43571: b'"\x91\x06"\xe3\xe5\x01\xaa\x88\xce\xa23N\xee', 
	26972: b'h\x94\xec\xeb7C+\x00-\xcb\xc4_\xac\x87', 
	11592: b'/{\xd7Oj\xf2\xbd(\x92#+\xd6\x82\x1e', 
	57257: b'\xb1H\xe3\xd9\xc0Q\xce\xdd.\xdc\xe1B\xe8g', 
	1174: b'g\xa1\x17\x001\xce\xdb\x04\x9c\xae\xebW\x06v', 
	31166: b'\x0f\xab\xd7mC\x11\x97\xc5L\x80\x1a\xea\xfd\xa1', 
	36784: b'H2s\x85\xd6\x0ct\xc2\x9b\xcf\x9b\xdc\xedo', 
	16520: b'\xcbS"\xae\xf4(IBW\xd1\x06)\xe6\xab', 
	14656: b'\x16\xa1\x9e.f\xc4}\xef\xcenp\x8c\x90\x02', 
	47396: b'*\xaa\xfbKT\x7f\x15w0\x98^\x9dG\x8d', 
	59795: b'v\x8ehU\xccJ\r\xcc\x04\x05<_\xb6(', 
	5991: b'\x9c\xc1\x95\xa2e\x0e\x9e=\x06R\xa7%k\x1c', 
	48037: b'\xad\xacH\xd6\xe8\xfdJ\xcc\xc1\xfb\x9c\xc5\x1dJ', 
	30665: b'\x84w.\xb3\xa8\x0f{R\xc7$D\x01=2', 
	11740: b'"Ed\xf7+zR\x1b\xaeT\xf3\xc9\x95\xb7', 
	55372: b'\x8f\x91\xa7\xeb\xb8\xa9\x17\xce\x97?\xda\xc8\xe2\x14', 
	36923: b'\xcf\xd6\x0b\x91[\xd1\xf0 0\xa0\xda\xa5\xea\n', 
	31124: b"\x89\x88T\xe2}\xad\xcd\t\xbd\x0fF\t\x9e'", 
	47631: b'5\xdc\xfd\x94\xa2\xd6\xf0\xb9\xa5Tj\x02;\xe7', 
	61617: b'\xad\xeb\x8aT\x7f\x1a\xfd\x9d\x03\x0eR\x91W)', 
	52043: b'\x83\xdc\xf18VgA\xc9!\x0f\x1a\x86S\xa5', 
	24952: b'\xba\xde\x90\xe0\xb1\x1e\xfa\xa0\xe4\xfdV\xe3\x87\xf1', 
	17593: b'\xd4_\xba\xc3A^\xd1\xf6\xf5ao\xbf\xca\xa2', 
	6903: b'\x08\xc6\xc0\xfb\x17<x\xced?\x944\xeaA', 
	51059: b'\xd2\x9dF^*!\x89\x93\xf8\xb64\xc0\x83\x8f', 
	29410: b'\\\x0co\xa8\xfe\xcd\xa4z\xdc{\xf8\xa7\xf88', 
	54955: b'\x93\xec\xe7Xo\xceO\xd3r\xff\xcd\xc8\x11\x8d', 
	55583: b'\x06\x0b7\xbc \t\x19g\x18\x03\x1e~cz', 
	62943: b'\x01\rFk\x1bb\xa0\x1a\x9f\x19-MS\x19', 
	2017: b'qL \xc9z\xf9?\xad&T\xe3\xd4\xc5;', 
	30929: b'\x8d\xdb\x0b\x9c\x85\xf3\xde\x16\xe3\x12>\xab6\x87', 
	31575: b'\xe2I;\xd8\xb2Z\xd8\x1b\t\xb1%\xda$\x9a', 
	18146: b"\xad\x18r\x85\xca(\xef\t\x17'!\xe8%\xbe", 
	45386: b'\xe2\r\x04\x0e\x8b\x12\x871\xda\x18w\xc2K\xd8', 
	43982: b'\xb2k\x11Q\x049>4\xf92K\x89\xd7\x12', 
	9685: b'\xf8Y\xd1j\xd8~\x81\xeex\x9f\xdc\x1aTg', 
	42478: b'\x90l\xf4\xb5\x86p\xc5\xd1\xbe6\x03XD\x05', 
	39869: b'x`\xd8}\x95\xda\xc0w"\x0c\x80\xcd\x15\xf6', 
	12558: b'\x8f\xb8\x07P9>F^mc\xe7t\xf7\x13', 
	49640: b'\xd9\x7f\xa7\xdf\x8f\x8e\x11\x7fG\xc0`\x14\xe8\xda', 
	46671: b'g\xeb\xaf`\x83b\xd6K\x90j\x0eg(u', 
	41532: b'c\x07\x98@\x8b\x8c\x06\x88hK9\x01=\xa8', 
	65439: b'\xfdr\xbf\x13\xfd\r\xc6\xc0\xe5\x87\x83\x8a}\xc3', 
	34639: b'\xed\xbbY6\xdb\xa6n\xce\x96 3\x1c\x93J', 
	46907: b'\xb1\x92\x8a4\x95\xe08\x7f\xf7\xeb\xe7\\\xeb\xf6', 
	12485: b'F\x85\xaf\xad\x01\x16\xc3\xa2\xee\xafS\xf5\xef\xbe', 
	6829: b'\xaa/l\xabi\xf0\xee\x93\xe1E\xc5\xb5m\xa2', 
	36428: b'\xf7q\xfd\xb7-\x148\xa9\xd9\xb9\xf9R\xb8\x91', 
	51963: b'\xbfeM\xd8\x05\xf7\x9b\xf0\x7f\xa1u224', 
	38161: b'\xe9\xee\x88S/\xef\xf08\xc7\x1c\xfa\x08\xe1A', 
	40840: b'Ze\x98\xcc\xbc\x7f\xb6\xb8\xe86{\xab \xe1', 
	8377: b'X\x81\x8c\xdd1p0i.?v\xb6\x7f.', 
	14332: b'\xe1\xc2\x81&\xf6\xdb\xa3\xd2\x11\xa0\xcc!\xcf\xd4', 
	19557: b'\xbeK\xb1\xdb\xff[br\x19~B\xcas\xa8', 
	57198: b"p'\xff\xae\x9a\xa2\x98m\x87\x903zj\x0c", 
	35738: b'\x86.\x97\xf7\xcf\x1a\xa5\xc0\xca\xdd\x97O\xd4\xd7', 
	39717: b'\x8b\xf0\xc5\xcb\xc7""y\x83\x1e%\x8f&7', 
	33419: b'<\xca\xeaj\xebg\xba\xea\xb7\x11\x84\xee\xba\x0f', 
	19122: b'T\xda#\xfe\xdb\xd727\xday+I\x84\x8e', 
	49732: b'\x9a\x03\xa2\xcc\xcf\x8e\xa8PW\x81#(v\xfa', 
	36066: b'\xf3D\x8ah\xf1\xf7,N\xce\x97\xf6\xa9\xea&', 
	28588: b'\xb8\xa0$Ex~\x8f\x92GU\x9c\xf5\x1ey', 
	58085: b'\xd5\xe4}\xb7\xfe\xf4\x93\xafO\x9b\xaf#fI', 
	52906: b' \x1b,z\x08\x9a\x13\xaeH;\xc6->t', 
	51959: b')\x8c\xef\x02\xda\x1d-\x08\xbc\x809z\xa54', 
	41188: b'\xc4\x00E\xd0\xc3=\x0b\xbf\xe2Xb\xe0\xf9.', 
	2097: b')\x01\x9e\x91EL\x16c\x13\x8b\x0c\x1f\x1c\xca', 
	60583: b'\xa1\xf1hOUs_d+\x04w\x05D%', 
	51176: b'\x9f7\xaf\x03\xd7\x95\\"\x11]\x8c\xa6>v', 
	21438: b'[x\x1e\xaa3\xea,\x00\xfa\xfb\xae\x12\xa8!', 
	47771: b"\x1f\xde.\xf9\xee'\xc2\x9a\x18w\xb07\xdd\x85", 
	56281: b'\x81\xb3\xc8\xb2\xf4\x91}@\x87C\x1dl\xd6,', 
	26805: b'\x8b\x8c\xf2\x89\x0e\x8f\xa1U\xe0\x1d\xc9!\xaa\xae', 
	18106: b'\r\xaa"\xb6]\x8b=2\xcc\xa8\xbc\xd2\xcd\x06', 
	7602: b'k\xd3\xce\x07\x1b\xbd\xdf\xda!9\xee\xcc\x1dl', 
	53935: b'\xa9\xec-;\x88y\x0b\xad\x9f\\;\xb0\x9d(', 
	37183: b'\x9c\xf4\x16\x03\xae"\x04\'\x83\xa8\xd4~\x01\xc1', 
	1933: b'\xad\x16\x87>+\xf6\xe5O\x83\x9a\xeaS\xb6\xd8', 
	45225: b'S\xd0\xaco\x00\x9a\x12\xee\xb7"l\x11\x01A', 
	42571: b'\x1b\xc8.>\xc0\xe7\xcfL\x84\xfd\xd4\xe4Q\xe4', 
	22187: b'\x9d\xf0_#\x85*g4D\xb3\xf3\x1bJ\xf8', 
	17381: b'\xc3\xc1.\x89\xe2AB\x05\x9dMD\xd2AT', 
	49351: b'\xd3\xdb[\xb7\xd7\xa0\xeb\x03\r\xfb\xe1\xf5\xe6\xa7', 
	51131: b'0\x8eT{{[N\x9f\xabaE\xe2\xb7\xd6', 
	57777: b'\xed-\x85\xd8V<Oh+\x17\xda\xc6)C', 
	12897: b'{M\xb2h\x91\xcb-\x94\xdb!\xe0\x99\xad%', 
	20833: b'\x10\x8bV\x92)7\xea+X>\x9b+\xff\x10', 
	41889: b'5x\xd4\xb7\x04kG\x95\x0b\xdf\xce\xacl\xc0', 
	45468: b'pF\xe0\x08\r\xd87~\xf8\xc0m2P`', 
	25208: b'v\xcc\xb7\xf5\x86\xb6\xfd5|4\xf0\xa0\x0eG', 
	57250: b'_\xe9dx\x89\xde\xfc\xe7V_\xd97\xe8\xfc', 
	19053: b'?\x16W\xfc\x1b\xe2\x04\x7f\x9e\xa9R>u\xe8', 
	6348: b'2w\xe8[!B1\x18\xea\x83\xf2\x86\xa6s', 
	8488: b'\x9e\xb4$\xd7,\x98pE\x9f*\xc7\x96r9', 
	16026: b'\x99\x8e\x9e\x96o\xce\xe8%\x93\x90B\x83ys', 
	55436: b'\xe7\xee"c\xfe-\xe5\\\xa1\x9bg\xdb:Q', 
	56772: b'*\xe0K-\x18Sa\xa2~\x80\x05\xdc?A', 
	9831: b'eUI\x92&\xcfQ\x0f\xf4N\x8c\x95w\x83', 
	42799: b'2%\x1a`K2E0\n\xfb\xf4\x08\x969', 
	1447: b'\xef\xb2bA#\xd6\xe6\x80\xa2G\xcc\xef\xde\xd5', 
	29849: b'\xdfZ\x0c\xffK\xbag\xbe_\xf0\xe3\x80\xb5\xb6', 
	44124: b'\xb8\xdd\x99> p"\x18f$\xfaC#&', 
	48257: b'\x03BE\tf\x1b\x94\x8e\xb3\xb6\xbed\x96\x8a', 
	33387: b'\x14\xff\xd4\xd1\xdbB\xd5\'\xc1\xc8\xf5U\x13"', 
	36074: b'iY\x91\xb9\x86R\x86\xacI\xa2\x15%\xb4m', 
	26294: b'v\xe2\xb1\xf1:6u\xcd\xf3\x19\xed\xa8\xc3\xdd', 
	22392: b'h\xf8\xe0\xbe;\x850i\x8cH\xdc\xfe\xbap', 
	59940: b'M&B\x11~\x85\x833\xd9\xc0\xe4V1\xc9', 
	65164: b"C$\xc5h\x97\xf1:W[v~'\xd3;", 
	37297: b'\x88\r\x01r\x9dbJZ\x00\xd1\x19\xdf\xfd\x9d', 
	44593: b'm\xbe\xcc\xb5\xf0\x1d\xf6\xe46Z\x1d\xbc\xa7*', 
	15976: b'\xfb\x0b\xf9}\xcc\xfbL.\x8eR\xd5\xa7\\\xa8', 
	10602: b'\xf1\x80\x8a_\\/JQ\x8c!\x93\x94l\xf5', 
	6486: b'\x9e\xf2\xac\xca\xe2k\xf2\x07\xc0F\x1b\x89\xf3\xbe', 
	26126: b'\xce=t\xf5R8\x9a\xe5\x00\x94\x08j\xf5\x92', 
	29909: b'?U\xd0MND\x97\xdd\xe6\xef>\xb9\x8bS', 
	9539: b'\xa2\xd0\x06\xed\x0b\xb2\xcd}~\x17\xa1O\xc6\r', 
	52362: b'\xe22\xed\xdd\xa6\x93L\xc1z\xee)-zw', 
	14423: b'8n\xa2x\xe5"s\xe0t\xc7\xc0\xec\x9b:', 
	46340: b'AZ\xb00:\x9c\xaf\xc2\x04^yh\xb1\x86', 
	17444: b'\xfc\xe8\xb6\xd4\xa9h\x8c-\xed\xe5\x06\xd0\x08d', 
	53120: b'%\x12\x9fI\xcb2\xc3\xcd\xf7ZM\x8a{\xb9', 
	50958: b'\xf2J\x90\x1e-\x7f6+\x08\xe9\xcd1\xe0\x9a', 
	1395: b'Fc@\x8f\x1f\xb7tf\xc1rU\xa2\xf9\xfd', 
	47952: b'u5\xfd>G\xe3\xdc\xc4\xfb\xa9\xa1\xf8^\xe4', 
	11642: b'\x07u\xe5\xbf8\xf1\xc3\x07\xa3\x85\xd2\xd9C\x9e', 
	14770: b'g\x9e\xc3\xa1\x90\xc9`s\xdeB\x92\r~\xf2', 
	26886: b'"IXM\xe1%d\x90W\xaa\xe7\n\x92\xda', 
	52310: b'.\x0c\xe2\xcd].a\xb0G\x86\x03\xeb\xeeP', 
	8848: b'O\xb7kb\xa4\xa8\xba<2S\x05a\xf7`', 
	31559: b"\r\xe6'\x93\x8c\xde\x80^(o\xdc^\x84!", 
	46757: b'\xdbC\xe7g\x95\xc4\r\x8f\xe5\xea0\x1e\xb1\xa1', 
	9367: b'\xf5N\x91$=h\x18\x01\xa1\xed\x9c\xd5*\xd2', 
	42930: b'\xdd\xa5\x04\xa5\xa6\xd5\x11\xab\x0f^z\x86\xbd\xae', 
	23794: b"\x9b\x80\x82\xac\xe2\xa0b'\xa8\xad\xbb\xb4\xb0\xc2", 
	28683: b'\xd9\x01\xbd\x90\xde\xaa\xc5\xa7\xf4njw*\x18', 
	15223: b"'\xd1\xb2\x16\x80\xd1TVc!\x15\x8c\xee\xb4", 
	15921: b'n\x90ZD"J\xff<~\xc5~!v\xba', 
	824: b'\xd9c\xeb\xb1\xffE\x87\\A\xb5\xd6\xbcn\xcc', 
	63828: b'\xe3LD\xb1#S\x02\xfc\\\xfb\xbaT1\x8a', 
	52804: b'\xe6\xeeD\xc7\xae\xfc\\\xa1Inxk(\xa9', 
	55165: b'\xbc\xf0\xe0\xe1$\xaca\xd4\x96\xf7\xa1I\xd4\xee', 
	38769: b'\xbbG\x91j\x0f!n\x04\x9c\x10U\x9e\xf1\xcd', 
	40170: b'c#\xba\xd4\xabmGb\xe6O\x7f\x8ci\x0e', 
	13760: b'\x03y\xc57\xd9#\xedT\xca7X\xac?\x91', 
	13215: b'\x92\xfe\x13\xfc\xdcsF\xa8/\xc2\xf9\x9dVe', 
	50642: b'\x84qR\xb6\x9b>\xf2\x0e\xca#[\x9b\x0cP', 
	56631: b'\xf6s :\xd3$\xd0\xbe%\x0cw\xd6:H', 
	51854: b'\xf7&\x8a\x14_\xfcYK\xd6\xca~\x93\xbf\x08', 
	20967: b'\xa9\x06\xc6\x86\x93\x9f\x9e\x950\xd8`\xc1\xeb\x8b', 
	18223: b'&\xd3\x15\xd5\xc9\x9b\x1f\xee\x96~\tqT\x1b', 
	31712: b'\xe6r\xc6\x964\xcb\x8b>oE\x07\x8e+\x14', 
	44559: b'\xa3\x86\x8c"\x9d\xe4\x1c\xb0\x8aU\x9b\x83k\x8b', 
	66: b'\x8d\xaf\xdd\t\x1a\xdcM\xd9t\x18\x17Q\xff\xb1', 
	10860: b'\xaa\xd7W\xfb`\x86\x06b\x1d_\x8cB\x98\xef', 
	63161: b'\x93ZQ\xe7\x9ftNP\xb1\xdc\x94|[\xa8', 
	38166: b',r\xb7\x16\xb34\xc9\x92\x98D3\xfc\xd8|', 
	25771: b'\x06<%\xd8\x81\xc1\xc0\xc9\x1a\xffg}p\x8a', 
	51430: b'}\xe9\xe8\xb8\x8c>\xc4^\xfb2\xb4\x00\xffb', 
	59561: b'4\xcb\xa3f\xde\xf1\x88\x90\x93\x1a\x02\x8a\x90\x11', 
	53694: b'-\x1eA3\xe6\x94\x1f\xda\xd5\xcb\xa7\xf6D\xa2', 
	31028: b'\xf8\xae0\x8e\xf1/\x0cN\tG\xbb\x836#', 
	8089: b'%y\x81\x01\x18zZ\n8X\xee\x87/!', 
	60843: b'}\xb19n\x0c\x9e\xdd\xb9\xaac\xd1\xe7\xb3\xec', 
	37154: b'\x8c1~\x85\x978\xe0\x1d\xb9\x07^vN\x8d', 
	59770: b'\xbbh\xca\xa0\x05NQ{\xb7,\x88\x98\xee\xb6', 
	38666: b'\xe8\xc1\xb4\x17\xb3\x1cdHD\xde/\x84\xe4J', 
	41806: b'P\x07\xa2HS2\xa40h\x9b\xbc\x8e\x9a\x9f', 
	25707: b'\xd4\xd1ulj]\xec\xe5\xfd4K\x9eqB', 
	59258: b'\x17\xcct\xb7"\xf3)\x14\xf3 \xb5\xacs\xb5', 
	31201: b'\x8a\x1c\xaf\\\xf2)~\x1d\x88\xa1\x0cW\x82T', 
	52619: b'\xac\x10p\xacJ\xc2(6?D\x87\x87\xe5\xee', 
	4406: b'\xee\xd2{\xdb\xac\xa9\x01\x8e\x16e\xd8/@\xa7', 
	40029: b'\xf5\x11\xf7e\xf5\xf4\xfbu\xe44\x93\xdf\xca\x1b', 
	131: b'\xae\xbd\x8f\xd2.a\x89\x87\xc7\\\xe0\x9b\xbe\x1a', 
	22856: b'Kf\x11\xf2P\xc9\xf2}\xdf\xba<\x89d\xd1', 
	45021: b'x\x81\xb0\xf4\xf1\xeb\xa00\xd1\x00h\x17v2', 
	61283: b'\x03\xb3\xb7\xfe\xd1N\xdc3+\xe6\xd6\xfa\x0f\x95', 
	39147: b'\xc0\x8b\xb0\xbc\xeb\xf0\x9b\xe3W\t\x08\xbd\x8ab', 
	10117: b'?\xbbm\x84\xd9\x83\xe7U\xa0\xce\xc9\xea7\x80', 
	20624: b'FX\xd9w\xe3\xe00-a\xc6\xc0\xf5Sa', 
	54650: b'\xbf\xe6\x9b\xe3\xbbq-\x86}\xb4\x1f]\x0fp', 
	2915: b'\xf4\x8d.\tf+c\xe4\xbb5\x01\xae\xd0\xf5', 
	19150: b'\x1acD&^Sv=\xeb\xdcI2]\xb6', 
	52981: b'\xb9M\x91R:\xbb\xbdPCf\x8ck\x8b"', 
	38157: b'z8n8i!\x98\xae\x9a\x10\xf0\x9f%\x1f', 
	54202: b'\x88|\x8f\xfe\xef\x94\x0c\x85\r2*>uT', 
	61471: b'Q\xdc\x149\xa6$\xa7\xcb\xf0\x91C+\x08\x0b', 
	13768: b'}(\xc2\x10\xd8\xa9\xbcv\x8c\x18\xdc~\xeb\xc0', 
	62172: b'W\xaa8\x9616\x1f%\xfd]\x19\xe2k\x80', 
	25466: b'\x81ur\x89\xd0\xae\x1an\xda\x12\x84\xcf\x04\x13', 
	11299: b'\x18h\xecEv\xd4p\xe5\xb8\x83+\xaf/\x1b', 
	63822: b'\xc9$\xc0:A\xe60\xd6,\x04Z\xf3\x80\xb6', 
	6430: b'\xa5\xd8\xb7\xa7\xd5\x14ks;\x8b\xd8\x98\xed\xfb', 
	60366: b'\xb9\x94C\xa2\x84\x9e\xd5\xdds\n#s\x8d\xc5', 
	39537: b'\xc8;\x84xn\x83]\xa7\x1c\x9c\xb0s)>', 
	24228: b'MJv\xcaQ\xdc\xfc\xc6j\x82\xa0G\xf3M', 
	52497: b'm\x90\x88\xa1\xef\x93\xc0H\x03\x11\xcd\xf9LG', 
	33292: b'\x95\xd6AL\xf5[\x9cbJ\x99!\xf5\xf1X', 
	1442: b'U\xeb\xbcT2\x18\xf6\x9e0"\x06\xd8kY', 
	64791: b'\xa1\x9b\xfc\x96C\xf6\xe6!\xe9\x9d\xdd\xe1\xf7\xa5', 
	26199: b'\xfc\x8e\xf8\xf3\xcf\xcf\xc9\xba\xf4\xc9\xb3\x92\xbf\xcb', 
	58829: b'\x97\xea\xf3\x19\x7f9vf"o\xd2\x85\xb3\xfa', 
	45769: b'\x14\x82\x04\x89$\xc3D{\xf6\xcc\x11\x92\xe2\xbe', 
	19950: b'u\xe1-\x1b?:xC\xadvP>a\x14', 
	35419: b'<\x0fF\xb3\xd9C\xd5\x1ac\xaf:\xf2\xac\xa1', 
	50953: b'\x11\x1a\xe6\x17\xee\x9a\x17\xde\x95gxa\x19\x1a', 
	32174: b'\xaf-H\x9e\xac\xc31:O\x03\x97\x11\x17\x00', 
	4932: b'\xac\xacU\x82\xf3+w\xdc\xf6\xc3\xd1\xb6\x13>', 
	40753: b'\xde\x04*\xbe\xb9C/\x8e\xd1)\xe5.\xe7P', 
	18901: b'\xca\xf5L:PA\x97\x8790uT\x88\xcf', 
	18856: b',\x1aQ9\xf7\xf7\xe6d"\xfb\x15F\xf32', 
	55040: b'1}J\xe4p\x08\xcd\x9dF\x8fgH\x99\xaf', 
	48721: b'\x86\xb3\x1fYim\xd3.\xb3\x10\xd9\x03b&', 
	21669: b'\xbb\xb9\x0e\x16\x9e\xfc\xe1`\xbd\xe5\x0e\xe2\xf1\xc4', 
	11215: b'\x0f\xbbf\x92-~\xee\xa30\xb9\xe2\xb5s9', 
	45231: b'qo/@\x9c(\xa4\xd0\xc7,o\x90S#', 
	8499: b'r\xbd\x8f\xf4%\xa4\xe2\x15i2\xa3\xa8z\x19', 
	57382: b'\xf43\x9a\x96\xf2\xbc\xe8\xbe\x0c\x7f\xa3-l\x0c', 
	17653: b'\xe92\xbd\xc98{\xeaH\x16\xd7\xd5\xc8-E', 
	22060: b':\xbe\xe3\x8f\xbc\x8b\xbc\x8d\x05\xfc#\x1d`\xa0', 
	770: b'"\x16\xe60\x12\xc3\x9f91B\n\x1dWu', 
	22722: b'\x9bh\xec\xa1\x99\xf7\x1e|6\x1a\xa9k\xaf\xa8', 
	46813: b'M\xa0|\xfb\xe8\xe7\xbc\xbeIf\x0f\xf7\xa6\x93', 
	39417: b'\xce\x86s\x14\xc6\xf3\xda\xec\xf4\x14\x1aY\xc6g', 
	58528: b'\xa4\x8a\xf2:\x05\r\xbfQ}\xb4t\xa5mT', 
	3999: b'\xfa\xb1\x8cG\xd9\xd9DT\x9d\x9e\xf7\x06/\x91', 
	6084: b'\x0e\x9c\xb5\x93k\xc9\t}\x9f\x92\x18]s\x89', 
	18604: b'\x8e\xf0\x1e\x16\x14\xee*w\xdb\x10\x1a\xd7\xfa\x11', 
	58805: b'N\xd0\xd9\x18i\xeaw*\xe2S.\xe6h9', 
	60937: b'\xe7O:\xd2\xf2\xf9\x1fT\xd6\x8d`\xc5\x8cu', 
	20567: b'\x10\xc2\xb9\xcc\xa9h\xfeG\x7f5\x06+\xc7B', 
	13720: b'3\xba:\xf9\x19,t\xcd\xefK-\xef\x11Z', 
	13536: b'Zu\x04\x0f00\x815zr\x96Y\x06\x9a', 
	1992: b'~\xd7\x8b:h\x14y5\xb6W\x19,5f', 
	23945: b'\xcf\xfaU\x8a\xf0\xef&\x04\x06]\xf6]\x1f\x00', 
	51626: b'\x81\x0b%y\x04\xcc\xaa\x91\xce\x95V\xc1\xb4\x10', 
	24536: b'd5\xaa;U)\xc9\x99\xd5\x7f[c\xd9%', 
	43482: b'\xd5\xf6\xe0\xa0Cw\xec\xb7\xa7\xaa\xab\xc2\x17\n', 
	14318: b'\x00:\t\xe5uX\x8a4\xff\x91\x9a\xe3\xcar', 
	54853: b'4\xeeG\\}\xc3e\xdbpV\xe1\x88\xe1\xdf', 
	40243: b'\xac\x06\x16\x0e\xdd\xb5\x06\x98\xc5\xbc?\x97\x98\x88', 
	43389: b'U\xcc\xe3]\xa8\x0f$V\xc8B\xc14,\xa4', 
	53127: b'\xc2\xe2\x8e\xa4\xf5\xdc|g\x1b\xe6\x12\x0f\x11\xb8', 
	17668: b'\xf0\x8c\xe7\xda/\x82\xa3ME\x04\x1b\xf0<(', 
	59965: b'\xfb\xeb4\r)\x19\x1f3\xb5\x1d\x8f8\xc7(', 
	27592: b'\xef\xa35W\xbd\x17\xf6\xbd&\x87\x06\xc1J\xfb', 
	48311: b'\xa1(\x15M\xd0\xba|\xb3\xa03"\xa9\xc4\xd6', 
	5086: b'# \xa6\x15\x97fj_\xd6\x94\xd5\xe0@D', 
	63357: b'\xf8\x87\xd01\x97\xa9\x9c\x95\xd3\xe8\xc5\x05\xce\t', 
	56758: b'1\xd1-B\xads\xac\xc2\x14X\x1a\xea\xc3 ', 
	57998: b'\xd5\xd6\xa5AU\xff!\x0e\xe2\t"\x0b\xc5\xef', 
	43636: b'\x18\xdf\xd5l!\xe2\xe7m\x9cP\x06\x13\xc2!', 
	62209: b'\xf8q\xd2\xf7\\b>\xd8?\x83a*`\x9b', 
	49762: b'\x88\x1f\xa2\xb6R\xc4Vf~d\xbe51\x90', 
	31146: b'\xfe\xf3iu\xcf\x04\xec\xbc\xe0\xdc\x15 \xace', 
	28045: b'\xfa/\xa7\xac\x12\xa1\x1f|\x8bl\x91\xe7\n\xf9', 
	64373: b'\xf2\x10\x82\x9f\xaf\x98\x997\x7f_rd|\xe7', 
	25952: b'\xe7\x07i\x80XR\r\xbdA\x19\xe9\xe6\x8a\xdd', 
	58791: b">\x12'2\x8a\x1c\xfc\xa0\xd2\x12\xa6\xb6#\xbd", 
	45940: b'\xf8-AW\x01\x95L\xfa\xdc\xe9\xf9\x9a\ry', 
	31033: b'\xe9\x81\x9a\xf4b\xcb\x0fu\xfd[$D7\xd1', 
	52016: b'\xe4\x85\xf5\xff\xd1\xaf\x01\x04\xf4Y\x97\xad\xad ', 
	34607: b'\x9d\xa3\x0b\x02\xee\xccOd*\xac$i\x05{', 
	43250: b"\x188\xf5\xa7\xc6'U\xf0V\x01\xc7\x19\x9e\xab", 
	43398: b'+\x8d\xea\n\xe2\xf7ZI\xf9(\x9d\xf8\x82\xee', 
	4622: b'\x99)\xa1\x14\xb4\xa4kz\xf1\xa4\x902.\x84', 
	13034: b'\xe3\xbe\x8b\x08\xf3\xff\xe8\xa1\xc2\x14w\x8a\xa4\x7f', 
	64917: b'\x88\xe0\x1axb\xfbl\xe1g<w\xf0f\x16', 
	31770: b'\x1b\xbe}\xbb\xab:\x9b\x8c\x88\x9e\xbe\xdc\xdaP', 
	14410: b'\x8dH\xb19\xf7\xa0\xc2\xd2\xa4\x04\xda-D\x06', 
	50736: b"\xe8\xb4C7T\x96\x8b:\xef\xab}\x06\xf8'", 
	25433: b'b\x9b\xa2\xb4\x7f\x8d\xcc\xa7W\x00i\x05\x85\x1f', 
	59873: b'\x11\xff\x11\x80B\x02\x93{2\xb9\x84oAw', 
	22375: b'\xcb\xde\xb1$\xf8\x9d\xdd\x0e\x06\xb0\xc4\xe4\xda\x02', 
	49648: b'F\x053-\x9e\xba\xcc\x7f8\xc0\xb2x\xc2\x86', 
	871: b'\xaaU\x85\x17\x88\x9c\x1cM\x1b\xdf\xbeP\xc4\xb5', 
	49104: b'0\xeb\x8d\x9a\xf9\xcbLh\xd3\xc6\x15\xc7\xdb\x11', 
	64022: b'\xeb\xc8o\x9aL\xa2)\xaaOF\x1a\x0b)c', 
	37096: b'\x17\xbbRG\x1eMG 65\x88\xd4\xae$', 
	64924: b'\x97\xe6\x8b\x1ao\xbb\xde\xca\x07^TTk\xab', 
	51803: b'\x8c\x85\xc0\xa8f/\x84\x94\xfcu\xfa\xaa\xf0\xf5', 
	23505: b'\x0c*\xd2B\x932dQv\xbdNA\x15\x93', 
	27906: b'T\x17\xcf^\xdc\x9b\xdf\xccC\xceV\xc3\xaae', 
	49850: b'W\x0f\xee\xca%\xb7\x1d\xbe\xbe\xc1H\xc2\x08\xe6', 
	860: b'\xedH\xb8\x19V\x8d]\xe9\x17\x9c\x92\xc3>\x14', 
	19985: b'\x1d.\xa1\x81|]K\xa7%\x97\xa8H"|', 
	10147: b'\x97\xba\xdc\x9e\x7f\x12\xc1m\n\xa3\xe6%E\xe7', 
	40134: b':G\x1ew\x14\xac3(\xfb\x8a=V\xf5<', 
	34643: b'1=h\xe2\xc3\t\xff\xf86\xfe\xc1\xa2\xd0\x0f', 
	49239: b'\xe9\xdd\x80\xd3i`\x91\x16\xee\x92\x9b\xac\xd1\x93', 
	48619: b'\xf1\xab4\xfd\xbf\xae\x80\x8c\xe4T\xe7\xf6\xd8U', 
	64762: b'\xe5f\xb7\x87\xcf\xa7{>;X\xef\x82\x83\x98', 
	53869: b'\x07\r\xc7\xab\xdc\x16\x16\x99.+_\xb9\x91@', 
	59183: b'P\xc01\x9d\xd5\x0c\x03\x13\xea\xdb\x02)!f', 
	18285: b'O\x7f\x8c\x97\xba\xea_y\x06Y\xf3V\x87f', 
	52037: b'[7Q\x98\x92\xdfj\x89\x97\xd8\xe0o\xc4B', 
	26109: b'\xeci\x000"\xeb\xc2\x8f\x7f\x8bX\xed\x88\xb9', 
	23770: b'B}\x00\xaeoo\xd4.S\xc3\xberIY', 
	51523: b'\xa5\xdf_\x847\xcc\x0b+u}\xf8\xe3N\x1b', 
	28015: b'\xad"!\xd3q\xd9B\xc4\x88q\xe8\x8b[\xad', 
	6343: b'\xb64\xcf\xf4\xaak9G \xd48\x81\xa4\xec', 
	32327: b"r#!\xcbZ\xfa\x04'J\xcd\xb0\x83\x83\xe9", 
	31228: b'\xb1\xc7\xbez\x03\x1f\xa5\xa9\xf4\x88M`\xaa:', 
	44120: b'\xd1K\x96\x9aW\xa8\x7f$\x9a\xda\xfa\xd1{6', 
	33151: b'\xa2J\xa63\x83\x03}\xb9\x88\xe7\xb0\x9a_\x84', 
	48357: b'_!\x84\x96K\xbe\xd48=\x1f<\xb6\x0b\xcf', 
	54629: b'\x88S\x1a\xee\xe2\xfa\x0b\xf7\xb4TV\xc1\x94\xde', 
	27399: b'\x8e\xb7q\x0e\x98\x9f)\xcd\xcd\xd7\x85-\xe6\xf5', 
	7607: b'\xdcM\xe7\xd7\xb5\xaa\x18A\xf2\x88\x9a\xccS"', 
	9301: b"\x82\x91\xdb4'\xe5\x7f\xf8a\x08\x02\x83\xb0\xc4", 
	35570: b'V\xf4D\xf8\x0cc\xf1\xc8\xcbd\x9d\t\xdd\xe0', 
	25269: b'wa\x05c\xba\xe4\x10\t\xd0Ke\xcb\xce\xac', 
	13103: b'A\x882h\xeb\r\xa2\x959g\xa3\t5\xc7', 
	5644: b'Yr7\xd4?\xaf\x9d\xf9\xed\x93\x99\x8a\xb3\xd2', 
	49561: b'\x86\xd9\xa7i\x92Dd\x0b\x8b\xbf\xaa?K|', 
	36972: b'\x94"\xab\x80\xeb\xc7O\xf7\xc3#RG.\x8f', 
	40978: b'4\x81\xdb\xc4I>\xcaI\xc6\xf55\x81h?', 
	47187: b'\xe39\x08A\rQ\xec[\xa7\t3\xfen\xb2', 
	36888: b'+\x84\x81\x8e\xaez?$\x07\xa6H*\xbf\x9c', 
	7244: b'\x9a\xf6\x1a#\x12\xf1\x9e\x7fSS\xe9J\x99\xb6', 
	63701: b'\xe8(!\xfc}\xb0)0*\x87u\x07dA', 
	59386: b'^xHS\x03B\x1da\xfa&\xb9\xad\x8f\xb4', 
	28834: b'{\xe2P\xb1\xa6\xb2\xda\xc3v\xa9\r_\x08\xbd', 
	14944: b']\x8b\x0fr\xfe\x08\xf7\xca\x0b\x88\x0f\x9c\x9e.', 
	27167: b'\xea\xb2\xa4i\xb9\xad\xf5\x81\xf4\xe0\xde.\x9a\xf6', 
	14052: b'\xe2\xd5\xd1hB\x7f$\xa2\x89[\x9c}\x07\x89', 
	22554: b'\xd0\x81v\x1dd[LQ\x95\xfa\xaf\xae\x9d\x89', 
	8659: b'\x14m\xd2m\xef"\x81\xf7\x9ct\xbd#ya', 
	55082: b'\x942\x04\xf0\x97\xfa\xc50\x91\xdf*\xa2r\xaf', 
	56366: b"\xa1\xc9G\x9e'F\x02\xec\xc2.j+[\x99", 
	24452: b'\xcc\x00\xdf\xce\xaf\xae\x1eo\x8f\xf2C\xe4g\xb8', 
	56345: b'IU+N\xf1\xde\x992u}\xa0\x87P\xa0', 
	15116: b'\xf7\xd58\n\x81\xe2\xb1\x92\x01\t\x05\n\x11\xf0', 
	25865: b'\xa0\xf2u\xe1o\xfa>UQY\x9ac\xbab', 
	63363: b'\xac\x82\x01\x0c\xbb\xb5u\x8e\xa7\xec\xe6\x991\x97', 
	19031: b'z\x86\x97~=\xc09\xbb\x91_\xe8\xe1<\x02', 
	43206: b'\xd8\x01/\xcd\x92\xad\xfaq\xda\x0bK\xce \xab', 
	43127: b'\x14\xcfJ\xd8\xe1\x0c\x92\xdd\x84\xbe\xb4\xf1\x13\xb3', 
	6363: b'\xe1\x8e\xc3\xc5\xa6eg\xe0:\xdf\xe8\xf3[\x8b', 
	46739: b'\xa3S\x0c\xf2Nh9\xf3r\nn\xb8\x8c}', 
	25349: b'\xd4\x14\x1f\xd1\xa47k\xa9\xe2?\xb0#\x03\xd2', 
	2672: b'\xa9\xf3u2\xcf\xe0\x17\xf4\xd9zjf\xb5\xf7', 
	5879: b'\xda(\x96\n_\xec\x02U\x913\xfa\xeevB', 
	15796: b'"V`7\xcfPF8\x1a\x81$0\x8e\xf2', 
	17675: b'\x7f\xc6u@\xa8\xff\xec\xfe\xbf>\x86\xbcHN', 
	13717: b"U\xd1!\xd4'kD\xaf\r\t\x84\xce\x17t", 
	18359: b'H-\xd7\xae*u\x9e\xcc\xbe\x02r\x9bx\xe3', 
	44645: b'\x071-\xdf\x10\x8c=E=\x86\x84\xe97\xb5', 
	28502: b'\xdeAL\xfe\xcb\x0c\xa7\xc0\xc3@@4\xb0>', 
	2919: b'\xc4c&Bs\xbd\x97\xeb\xb2<G\x92\xd3\x01', 
	42253: b'\xa8\xeaS\x7fA*\xbb\xcc\x83\xc3\xfc\xb4\xc3Y', 
	62195: b'\x87o\xfd+\x1b\x845Ec3C\x82S?', 
	47715: b'\xae&\xa9\x8a\x9f\xde\xae\xa6\xeb_b>;s', 
	20256: b'm\xe5P.\xb0\x14\xe4\xb1\xc6\xa63\x8e\x03\x16', 
	3555: b'\x83R\rA**\xac\x12\x99\xae\xb6\x0f\xa7 ', 
	29843: b'N?\x92\xb1].\x83~\xce\x8a\x15\x1c\x04y', 
	18563: b'\x91|\x8ad9L\x84\x18t\xc3\xc5\x96\xf9d', 
	30384: b'0(\x02Tss\xc0\xe8\x03\xa9\x9d\xa9L\r', 
	11212: b"a\n$\xe6\x7f\xe4\xf0H=\x1c<\xa2'\xac", 
	21465: b'#K\x86\x08\xde\x8f\xef\xee\xe3o\xef\xc1B\xfb', 
	11184: b'\xbeo\xf1\xd4\x05g\x9f\n\xabI\xf3a\x19a', 
	48471: b'\x02t\xbb\x8e\xecy\x93o\xc8\xe3\xdf;\xef]', 
	18115: b'{A~V\xbd"\x03\x82L\xbb\x02\x13\n\xe4', 
	35913: b'\xdd\xba\xd7\xfa\x8e\xbc\xb9\xa5\x9c\x89\x11\xcd\xb9\xdd', 
	37544: b'{N\xc2P^\xc4~\xe4\x1b\x11\x8a\x97\xb7\x96', 
	29033: b'\xb2);\\\x1c(\x1e4\xf6\xa3\xd3bv\xd2', 
	44417: b'\xc9\x04\xe57R\xe2\x7f\xbe\x1e]\xbf\x95dg', 
	9036: b'\xc0"\x10w\xe9\xc7\xba\xa1]\t9O\xc0\x9f', 
	25834: b'\xc8#\xc2L<\x1f\x82\xa0\x9aFMX\x9d\x92', 
	25016: b'l\xe6\x06\xd9\x8e"\xb3G\xda-\x1bu\n\xf7', 
	60800: b"8\x11\xc2\x85\xcc\x8dY'\xaa\x8a^L]\xe8", 
	44662: b'\xc1D*B+V\xe5\x8fb\x8a\x88\xea\x81B', 
	62819: b'\xb7\x88\x9b\xfc+\xe0\xf5E\xb67\xda\xd5|\xc3', 
	35080: b"\xc4\xd1>\xce\x8d\x12>I\xea\xc5*'\xbd\xb6", 
	21195: b'\x03*\xf6v%\x08\\\xde\xe84lM\x18\xbc', 
	55772: b'\xe5\xbb\t\xb9x\xe2\xf8\xfe\x18"D\x1eq\xee', 
	46868: b' \xa7{\x067\x8c\xd5m\x9a\x80d\xef\x90\x05', 
	44141: b'`"\xect\xafQUn\xf0X~\xe5\xf2\xa0', 
	61691: b'V\xfb\x9e\xc5K\xb3\xf2\x0fq\x1d\xc68\x9em', 
	6452: b'\xf6\x03?)\xe02\x82Y\xaf\x1a\xfcG\x95z', 
	23653: b'\xa3\xfb`-^\xf5\x03\x1a\xd3\xe5\xd6\x9b\x12\xa7', 
	9365: b'\x0f\xb8\xa0\xc6\x9d\xcc\xa4^\xd6\xa4\x98\xf8oM', 
	35639: b'F\x90nP4\xdc\xa1\xd1\x0e\x94\xd2\x05\x05r', 
	27689: b'\x07\xcf\xe2\x87o\x96\xed\xcc\xde\x05\xdf\x86+0', 
	332: b'\xdd\xf1\xed\x0b<\x0c\x11D\xf1\x17\x14\xa7\xfa*', 
	21117: b' =\x92s\x02\xa5\xc6\xc6\x98\x96M\x19\x97\x84', 
	47233: b'\xd0O\x9c\x84\xd3\xa8%\xf1\xb5w\xb7\x90\x1d\xc7', 
	62108: b'_\xf6\xba\xbd\x94\xb4\xaa!\xb9\xb5\xa9\xbf\xa7\xbd', 
	65156: b'\xe8q\x17@\x91\x82\xed\x0e\xde~\x19qn\x91', 
	32301: b';\xe8fx\x16\xe4\xd6\xf3\xb4)sh\x04\xa4', 
	32525: b'A\x9a\xe5\x11\xcbJ\x16\x04\xaa\x804\xae\xe1\x95', 
	52697: b'\xc8]\xcf\x1e`\xf1\x17\xea\xda\xa7\xfd\xc65\xdc', 
	57129: b"\x1ek\xa5\xa9\x9d\r\x96\xf5\xf9'\xb6X1\xfc", 
	37676: b'\x86\xca\x18\xc0\xf9\x89\xcf`\x85\x7fQ6\xbc\x06', 
	59409: b'\xfa"\xad0\xc9\xef$\xdb\x0bUk\n\xc0\xb2', 
	13443: b'\xf9a\xfdv\x84\xe5U\xef\xd7\x9f\xba\xbeZ[', 
	35287: b'\xee\x03\x04\xa4\xaa\xd6\xb6a\x88\x84\xa7\xdc\xcbc', 
	22913: b' \x94\xa1-\xcc\xd1.\xe3\xf5\xc0*\xab\xe6e', 
	61314: b'\x11kkM\x9a\xf0k(r\x7f\x00\x00\xd1Q', 
	20515: b':SR\xcc\x05\x07\xf7\x12\x0c\xc3\xe8\x12\xaa\x18', 
	27387: b'\x1d\x1d\xf3\xffuMc\xbbT:b\x91\xc5\x0b', 
	65127: b'\xbe9\xde\xf9\x8e\xac\x07\xcb\xbc\xd9\xa8\x98Z1', 
	21439: b'\xac9"2c\xd633\xdf\xd7e\xf8\xf0T', 
	48085: b'K\xd3655\x87\xd8\x18\r\xd7&\r:f', 
	23511: b'bC\x99\x85\xeb"/u\x96\x14\xc8@\xeb(', 
	47833: b'\x88\x8c*\xb2\xc8\xf5\xc4\x9f)l\xb4\xa7\xe6\xfb', 
	5420: b'\x0f\x80\xeb\xb5\xb7\xd7}\xfcV\x95\x9e\xde3\xc8', 
	23656: b'\x88\x1b\xf59G}\\}\x08 \xa1\xfa\xa7\x03', 
	36295: b'\x9d\xd3\xc22\xd7\xdd\x9e\n\xb3,uI\xf7]', 
	57684: b'\x8ai\n\xe8g_\xe9\xcd\x85L\xe4!a\xb6', 
	19001: b'\x94&\x96\xcb\xa8\x90&\xd7\xa1\xe9\x07\x01<\xc4', 
	5036: b'}\xf4\x0c\x16=+Bvb01\x97\xbaF', 
	1765: b'\xeb3G\xbe\xf8\xbc\x90\xb4\xb1\xbd\xcb\xbcM\xa1', 
	22728: b'\x07\x1c\xc4l1\xd4\x81\xd2r\xb9\x8a\xd8\xbaJ', 
	52597: b'\x9e\x9d\xf0\xe4_\x8c\xbf7\xa8p\xd9\x8b\x06)', 
	57079: b'\xc9W\x8d\x94\xa2\xdb\x8a\x80y\x1c+\xd48\x13', 
	37626: b'\x9dZQ\xfd\xa8\xb2\x9eu\xf4\r\xfd\x1e\xdac', 
	57394: b'\xd5\xdf}}38)\x10]K}\r\xbf\xb9', 
	47260: b'NhPc\xae\xeaF\xf5\x8aB%\x17\xc4\xd7', 
	31196: b'\xfc}\xac\x94\xc7\xf4\xd8\x87\x0f\xda\xa1\xff\xd4\x00', 
	63884: b"K\xff)\xc8NP'\xec&\x97Gn\xb6k", 
	29660: b'\xa7\x07\xcb?U_\xe7\xbd\xf8\xc0\xa6\xf7\xe0\x13', 
	14132: b'\x9b\x1e\x1e\x9a\xe4\x97\xf19\x0cc7\x18\xc7*', 
	57683: b'\xc0\xb3TL\x90\xebD?\xb9I\x19\xe5\x85 ', 
	25367: b'F\xc8\xf0G\xe9\xd6?\x9e\xb8C\xc5\xf2\xe5\xe7', 
	5024: b'\xd7\xcb\x83KQZ}\x186I\xab\x8e\xe4\x91', 
	54971: b'\x8a\xddL\x08\xf6\x84\xc4\x95\xec\n\xe9h\x85\x9f', 
	30406: b'\xce\xcfu\x1d`\xe8\x12\x90\x15E\x849\x00\xc6', 
	37400: b'x\xee\xbc{7\xf8E\x887\xdc2U\xd5~', 
	15558: b'\xcc\xd9g\xfea\xe6\r\xfe[\xc7RC\xf7\n', 
	16665: b'\xd4\xa7\xee\xe5,\xf4\xe0\xc8\xfa\xd5\xbe\xeb\x1dd', 
	28911: b'\x07\x17x\xba\x85\xbc\xa9^ec\xb32\x1c\x99', 
	15528: b'\xb8\x1f\xc4F\xf7\\\x01\x10P~~6K\x15', 
	3491: b'4^q\x02Z\xa2\xac\x1f\x11\xe0A\x98\x15R', 
	47211: b'\xb1\x93u`\xca\xc4L{]\xbd\xf5>$~', 
	708: b'\xca&\x83p\x9e\x174\xd1,B5H\x05K', 
	31140: b"\xdcd\x969\xbcsQ'\xee\xc5\x98dt\xd0", 
	2407: b'\xc5\xa3\xc3\x88O\x7f\xdf1\x19\x7f\x0ey\xb20', 
	37169: b'\x04\xe4\x11\xdc\xff\x05\x8b\x06\x19\x9b\x06\xf0\x1e\x96', 
	22373: b'Y\xc0e}\xb0\x17\xc7R\xd3w\xb5R\xae\xca', 
	1399: b"Wf\xad\xdc\x08'\x80\x18\xff0\x86\xe8\x88C", 
	64795: b'4\xb2\xb3#&\xf3nF<j\xd1\r\x82\xe0', 
	19515: b'\x19\xa2\xa9\xd3\x02\xd4w\xd1z\xdd\xeb\x83\xc5\x80', 
	11626: b'\xee\xe5<\x93#\x97:R\xb5\x98\x0f{\x1b ', 
	51080: b'\xe7H \xffX\xa6\xc1\xad\xca\x8a\x84\xfcx\x9b', 
	21363: b'\xa6E\x9f\xa2<2\x9c!H\xc3\x98\xfa\xa0\x98', 
	30522: b'`\xcdua\x1e\xf7 \x8d\xf1\xf1\x18\xb1\x98e', 
	40339: b'\xf6\xbe\xf1\xa0l\xc1\xf8\xf9[C\xecnB\x7f', 
	399: b'jd\xf2\xc0\xb5\xf7\xa7[\x982i.\x17\xcb', 
	38830: b'\x15\xc3&Aj\xfe\xd8\xce\r%\xcd7\xa0\x8c', 
	32666: b'\x91I\x04\x9ax\xa1\n\xd8\xa5H\x0e\xa0\\\xc0', 
	50411: b'\xd7\xad\x80\x848*`\x05Eb\xf9\x907"', 
	43664: b'\n\xfe^>,\xa8\x1d\xcd\xa7\xb73\xca]\xa4', 
	59735: b'\x9aO\x1b\xe2\x98\xe7\xa5K\xa0V:\xa4\xdb\x92', 
	21980: b'\x01\xbf\xf6\xc6\x07\xd97R\xc2\xe4r\xf2\x88\xe9', 
	39476: b'\xbc[\xe6\xee\x11\xcbFfN\xffd\x93/\x9e', 
	25869: b'QWm\xfe\xc9o\x9b\xd4\xe5e\x8c\xa6\x82\x14', 
	36230: b'\x9cb\t\xaf\xec\xea*QV\x828\xa0@&', 
	39359: b'\xa8R\xb9\xd9B\xed\x07\x1c\x1bF\x10m+\x06', 
	22530: b'\xef\xd1m\xb5A"r\xc9\xa0\xf4\x9bv\xc3-', 
	54450: b';x\xc9[\xa5hj\xf26#[/\xfb\xde', 
	4800: b'\xcaI\x8b$\xcdw\xd0\xa1om\x8d\x7f\xfd"', 
	27453: b'\xec\x0ey\xfe\xaam\x91q\x94<\xe5\xe6\xac\x18', 
	54967: b'P\xb4\xb5\xb4F\xf1\xca\xff\n1G\xf3\x14\x17', 
	57125: b'\n\xe3Q\xded7\rug\x87\x7f\xd8\x18T', 
	62036: b'\xe0\x9a\t9\xab`A\x8f\x92fZ\x8fZ\x83', 
	24069: b'\x04\xad\xa62\x85l7\x08\xa5\xfc\xca\xa09\x7f', 
	27510: b'\xb559\xfa\x00\x8f|\xfc\xfe\xdc\xacp\x87\x1a', 
	20392: b'\xb8\xae\x96\xad\x17\xddp\x9a\x18\xd8\xaa\xec3R', 
	59836: b'\x9e\xc6\x02\xabR\x01\xd9\xee\xde\x00\x0b\xce\x80S', 
	48921: b'"7\x86\x86\xeb\x0cX.\xe6\xb4\xc5\xda\'\x02', 
	39295: b"\x8f~\xd8\xb5\xb8\xddL\xb6_\xbf\xbf3'*", 
	858: b'\xda\xbb\xaf\x94\x91\xc0\xa6)\x1f^\xcf,UU', 
	23927: b'\xab\xee:\x84\x12\x07\xaa\x96\xbc\xca1\x05\xc5C', 
	43670: b'\x178\xd3\xb3g\xa7\x0b\xb5J\xf8\xa4\x01\x18F', 
	61220: b'E\xdc\x98\xb4\xd7#e\xf6\xb4\xd7s\nZ\xa0', 
	29424: b'A\xd2g\x0e\x812\xd9.\x01\xc0 v:\xdb', 
	31530: b'o\x19\xbc\x05!\xabg\xef\x8b\r\x90Y=\x07', 
	12409: b'JI\xf5\xdc\x9f8P\xff \xf6\xdc\xc7Hi', 
	10498: b'\xdd|"|\xa3\xbe\xdeJ\x1c\x81\x92P*N', 
	25592: b'\xb8\x8dA\xcba,\xc2\xf4o\x83\x9e\\\x9a\xdc', 
	50838: b'\xbc\x8d\x9b\xd4\x12\xe3 \x15)Pp\xa1\x03\x01', 
	14262: b'\xb5.h\xa0rZ\xc9Z\x9f\xc1o\xeb\x1d\x9d', 
	34509: b'\xb6"\x12\x07\'\xc1\xb4\xdb*$\xb9x\xb2A', 
	25790: b'\x10\n<\xd5\x19\xde~\x89\xc9\xd3=\x87\xf1.', 
	46157: b'JvXIU\xfb\x92#\x91\xff\x82\xfcw\xed', 
	37863: b'r[_\xccA\xd0X\x8e\xd4\x8btV\xab\xe9', 
	31871: b"\xd3\xeb\xb77]'\x82\xac\xdeC\xec \x08\x9a", 
	51051: b'\x1fk\xe3\x96&B0\x18a\x1dO\xe3*i', 
	46287: b'\xeb\x9aw\xb7\xd1\xdc\xd1A\xe8\xceR\x90YT', 
	3242: b'cF\xdf6\xcapR\xf8\x1c\xc5\x02Cb\xc6', 
	22602: b'Q\xa7\x0bh\xbb\x83\xe5q\xdd)\xbc2\x8aR', 
	21204: b'\\}fa$g\x87k\xbf\xbf\xa7:\xcd\xb5', 
	41700: b'\xc9\xc8!\x1b~\x8a\xf3$\xe1\xee\x98\x98\x94A', 
	64805: b'\x01\xf6\xdf\x9f\xf2\x9e\x1b:\x85\x06L?\xda\xad', 
	24214: b'\xfd\xf5\xc5\x96]k\x84g\xff7\xd4\xaf\xdcs', 
	3708: b'\xab\xd8\x02;\t\x92\xf2\x15\xd0\xd4\x12n\xd0{', 
	53901: b'\xb79\xa5m\xbb\x86\xcd\x98\xc4\x82\x1e\xcc\xf6\xdf', 
	63031: b'\xd0\x86\r\xef\x022\x15\x0b\x00Q\xd4Q\xbdF', 
	41249: b'\x97\x80r\xe1c\xd9\x97s\xbe\x1e\x1f\xfe\xc9\xe2', 
	42334: b'\xdcq\x9e4\xc7zG\xc1\x8e\xaf\x99\xcf\xd5\x17', 
	59692: b'}\xd82\x8d\x99t\x8c>Uqx\xed\xd2\xb9', 
	31691: b'\xd0\xd0\xa1g\x19\xcb9^\xfd\xe4\xa5\xd3\x1d\xe4', 
	13956: b'\xdf\xc3\x11\xe8\xb6\xf8\x1b5\\\xab\xfa\xe5p\x93', 
	19737: b'\xd6\x0fg\xcbS\x04\xc1h\x8f\x82UW\x82\xc0', 
	20490: b'\x00s\xf8\xedJ\xa8\x99b8>\xe7\x08lq', 
	5125: b'v\xf4~\x1d\xb4d\x9a\xda\x9f\x97\xc9\\\x14\xaf', 
	52713: b'\x93P\xe5\xafC\x88\xa8\xbb\x81\xb6\x82\xc5\xa1\x89', 
	22476: b'\xe6%\xc5\x12\x81\xe29)\xa6\xa6\xeb\xebn/', 
	46026: b'\xb3j\xb0C\xbdb!\x16\x8c\xdeA\xc2\x062', 
	37471: b'\x81O\xbb5\x14\xdd\xbd\x96\x1e\x92I*\xbe~', 
	10696: b'&\xb17\xd4\x15\xc66 \xff\xdc%\xa7\xbd\x84', 
	31398: b'1G:\xb6b\xc2k|\xdek\xbb\xb5k\xff', 
	31422: b'\xa7\xf9f\x89Z\xd2_\xc8O(P\xae=9', 
	54795: b'5\x02b\xf2`\xadN\xb9\xed7\xe4:,\xcc', 
	23380: b'\x9c\xd4\xea.\x16H\xb7Aa:\x05\xb8\xef!', 
	18044: b'`\n\x90\x05\x96I\xf3`\x0c\x19k\x0b\x80R', 
	23612: b'u\xeb}\xbf_\xcfTJ`\xda\xc27l\x18', 
	51583: b'S\xcc\x04\xdf\xb6\x8f9\x83[\xaa\xa3\x05\xf8K', 
	23066: b'\xd9;\xdb\xb8\x1e0J\xc5\xd2\x8d\xbf\xaa\x1c\x96', 
	48575: b'&S\xb6\x9e\x85\t\xf7\x93\x1cQ\xf0h}~', 
	52424: b'\x08S`n\xd1\x16\x17\x17\xfd\xd2\x16\xd7\\"', 
	41089: b'\xc1\x01\xdc9\x87\xb4j\xe7\xfe\x1a\xf7\xb8gG', 
	30961: b'\xed-$\x84\xdb(\xb0\x8bp\xa7\x86\x98F?', 
	17119: b'Nk>?\xd5\xf0\x0e>\xfb\xfb\x8c:\x1e\x8b', 
	38535: b'\xba\x02\xed\x7f"\x1eg\'\x03\x92\xbb\x1e\xc4F', 
	23994: b'\xa2\xa8\xf2\xf5\xd4&\xf2\x11W\xf1\xbb;\x0e\x18', 
	34211: b'\xc5\x10\xeeW\x91\xfb-\x11\xcb\xbd\xa9\x15\xb9m', 
	62276: b'\xcaD\x19\x17k\xbfqC\x88\xd6M\xbd\x01}', 
	13270: b'\xfaCn/\xf7\xc5\\\xe4n<>x:\x9f', 
	32440: b'\n|\xacM\x1f\xd4\x97\x8a\xdcpZ\x87\x06\xaa', 
	19033: b'\xc9^\xad\xdb@g\x98\x14dc2\xe2\xaa\xa3', 
	25972: b'\xfek;M1T\x01\xbd\xa5Z\x8a\xf0\xfd\x1b', 
	31027: b'\x8e\x97~\xdd\xcd!&\xa7K\xf4\xf7\x90:\xe2', 
	47728: b'*\xf8\xfc\x17\xa3`_\xca\xeb8\x87Xt\xea', 
	17459: b'\xaa\x07M@E\xb8\x8cL\x9c E\x1d\xd0 ', 
	27923: b'\xb15S\xbe\xeb\xb6\xf5|\xc2 g*\x97x', 
	51811: b'}\x81\xd1\xd8\x15\x92\x8aP\xe3jy\x0b:\xb8', 
	54386: b'\xfd\xdb\xf0\xa43\xf6\xb5\xda\xb0\xe8F*\xd7\x86', 
	31173: b'\xb4\xf3\xa6\xect\xbd\x02\xfa{\x92\xcaH\xf2[', 
	54408: b'\t\x08\xf3a\x00\xb8\xd8z\x89\xfa.<\xd0)', 
	57186: b'\x8b\xdf\xf8\xe3T\x08\xd0$0\xa5oS\xe8#', 
	35195: b'\x9a\x92j4\xf3\x13A\t\x81n\\%\xff\xa4', 
	22091: b'\x978$)%\x05\xe9\x81\xb8\xd0c\x82O\xba', 
	11314: b"t\xe2\xf3t.G\tU\x86-\x84\x0f\xfb'", 
	49417: b'\xfcr\xcfq\xf2\x9a\xcf\xaa\xbb\x0f\x91\xd7\xc3\xc3', 
	10449: b'~\xb9\xf5\xcf\x0cI\x98w\xd8WH\xc53+', 
	26842: b'o\x14g\xd7.7\x9bn#\xc0\x84\x1a\xf96', 
	11530: b'\xb5w\xaa(\x0b\x05\xd0\xd0e)d(\x9dH', 
	32708: b'E\xde\xb7r\x05\xc9\xa9S|a\x10\xc1G\xc9', 
	46498: b'\x88\xf7\n\x00\xfc\x8aI\xb8\xc8\x10\x80D\x1a\xb6', 
	60356: b'\xc7U}\x85\xed\xd1\xea\x8f\x14\xe3{F\xd2G', 
	41347: b'\xdb\xf6W\r&[\xf8\x93wS\x81\xc6[\xb0', 
	20936: b'\xdb\xa2\x0c\xa9$\n\xa4\xf3\xa5ds\xd7\x99\xdf', 
	17855: b'\xac\xbbsR\xbe\x0b0\xac^AC;y\xb0', 
	59202: b"\x9d\xec'\xa6\xec\xf6\x92\x9a\x7fT\xc1\xdf\xae\x85", 
	49119: b'\xc6\xe1\x03f\x95\x9a\t\xbf\x1ezrekM', 
	46353: b'\x89j\x01\xc2\xd1\n]\x18\xf3X\xc2\x0ey\xaa', 
	37072: b'\tW3j"G\xbbJ~\xbd\xf1\xdd\x12p', 
	16230: b'\x0e\xa3\xc1+a\x1bST\x87n}\xfe\xe8\xd7', 
	13863: b'X\xee\xac)-\xaaBeb6P\xda\xe2E', 
	39227: b'CCiV\xdfV\x04\xbb.\x82\x98\xc6\xe5\x8f', 
	22779: b'O\xb5\xc2\xfc\xc0\x86?+\xd4\x9f\xf3\xbf\x02\xaa', 
	16919: b'\x01lj\xda\xe6\xf1<\x0c\xac\xf1\xabq\xd4\xfb', 
	20612: b'\x933\xe5`1_!\xb0CTt\xad\xaca', 
	33056: b'\xb2\x19|pp\xa4A(c\xe9\xcc\xd5n\xc2', 
	65354: b'I\xb2\x03\xf5\xa2Z\x18=\x8fW\xceO\xe6\xf4', 
	25371: b'B\xb5\xbe\xc1jP\x8f^\xb8Y\xe2\xc2\xee\r', 
	53561: b'\xb9R:\xd1\x86\xa9\xa0=K\x96q$8\xde', 
	49692: b'\xd7\xf8%`\xa8`\xdf\x08vS\xcc\xcc\x05\x8f', 
	38023: b"\xe0P\xcf\xc1H?\xefP\xc4\xb4>'\xb3\xe0", 
	21545: b'\xa9\x19@6G\x05/O\x14\x0cZ?\xd0\xe6', 
	25955: b'\x15\xd5\x0f\xcc\x96\xbf\xca8h0\x05\xe7\xb3\x08', 
	63337: b'9\x8f=%\x96"\x06\xdd\xfd\'H)\xadV', 
	48867: b'\xbcy\xf2\xba}\xa0\xd5\xd8\x073\xf9\xf4w\x97', 
	8490: b'\x90;6XaN\xd9\xa4\x0b\x80$\x02\x8f\xf9', 
	41151: b'T\x1c6\xc98\xd8*\xc9\xbds\xc3m\xce\x84', 
	52515: b'\xca\x89\xe5\xeb\xa5\x17}Wx\xb6\xdc\xf2\xde\xc6', 
	22691: b'M\x12h\xe4z\xf9\x12^|r\xb29\x92y', 
	25471: b'\xb3)\xb7 %\xb7\xa6)\xc2fg C8', 
	4429: b'9&X\\\x9f.\xaa\xdf\xa7m4Un\x15', 
	34680: b'\x02\xea\xe8*\x83\x90d-\xc1\xb9#\x08\xe4!', 
	36075: b'\xd0\xdf)\xc0<\x8dq\xf7\xf4i\xa6\xd0\x07\xd8', 
	49666: b'Fran\x1e\x0b+\xc1\xcbNHDH\xb0', 
	6579: b'\x88d\xdd|\xa6[\xb4\t\x13\xe9SXT\x10', 
	50488: b'\nIDT\x93\x01\xafVC\xe4\x02\xcd\x07&', 
	57544: b'\xdfq\xdb\xcc\\=\xb7\x125&C\xd9\xdfp', 
	59510: b'Br\xb0\xe1\x16iM\xed:a\x8dL\xf8O', 
	54167: b'S\xca\xec\\\xb5\x11BxjZ\xce{\xda\xfa', 
	64716: b'\xac,\xcf\xca\xd9t!y\xf7\xc3\xd0\xa0\x98\x0f', 
	31679: b'|\x8c?\xf8\xdd+\xecv{m\x14\xad\xb7{', 
	42961: b'\x8a\xc0\xfds\xa5ue\xa8y\xdct\x98\x90S', 
	37061: b'D\xfc\x14\x91\x07\xad\xd2A\xed"\x04\x13\x04\x1e', 
	54262: b'~@I\xcb\x02\xe2\n\xf0t6\x0c\xd6^\xbc', 
	20524: b'\xfaRV\x14\x04\t\xf1\xe2\xcd\xb7~\x10\xe5{', 
	6309: b'w\xb1\x11\x16J!\x90\xeb\xe2\x19\xce\x8a)}', 
	26357: b'\x13}j\xcb\xf3\xa4\xa7\xdc\xbb\xe9\xef\x8b\xc4\x85', 
	60835: b'n\xf2qq;\xf4p\x81\xbekN\xe9S\xc0', 
	55716: b'\xf0GE\x98^\xdf\xa5\xa0\xfd\xc3\x8e\xa3\x0fq'}, 'service_data': {}, 'service_uuids': ['0000fff0-0000-1000-8000-00805f9b34fb'], 'source': 'D8:3B:DA:9B:7D:62', 'advertisement': AdvertisementData(local_name='Pro BMS', manufacturer_data={
	76: b'\x02\x15\x95\x85\x1d\xb5\x04\xb8\xea0\x11a\x13\xcc\xfb\xff\xc8\x172\x05\x86\x01\x80', 
	5092: b'\xe9\x7f\xb8,z\x12S\xa3\xf0G\x9c\x80\x00\xb4', 
	27954: b'\x11Q.\x02$c\xa8*\xda\x0c\x7f2N\x18', 
	35817: b'\xb8\xe9\x8b\xe8%\xealf\xf1n\x1b\xd5\r\x96', 
	19907: b'_x"z_\xbb6\x8b\xc9\xabi\x0bf\xe6', 
	42686: b"\x13n<R\n\xab\x9c\xce\xd9\x1cQ\x1a'\x16", 
	36832: b'/j\xce\xa9!\xc3\x96\xfb\xdd\x8e\x84\xf1\xd9\x9c', 
	51545: b'\x91eR\x84\x10\xf8\xb8C\x8b>\x83^\xb2\xcd', 
	18909: b'\xf0\x7f\xba\x15\x8e\xf9~\xa4`\xaa\xf1\x0eku', 
	63118: b'\x1c\xfcq4\xb82Y\xb2Ub8\x91Ny', 
	31694: b'"&5\xc5p\x8d=>d P\x0b\xfe\x94', 
	49009: b'\x1d[\xc0\xe3\xca=\xab\x87\xf7:\xd0\xfa\x84\xc5', 
	48161: b'\xd1\x15R3}\xcd\xfe\xc1\x92\x00\xf8\xf9\x88\xd8', 
	32315: b'\xcd\x9f\xa1\xeb\xf6\xbd\xd1\xec\x82H%M\xd8\xe9', 
	48153: b'\x81\xb43=f\xa4c\xd1\x83~hn\xa16', 
	33942: b'p\x98\xf2\x18G\xddu\x01\xe0\xc4MZ\xa7e', 
	57751: b'p\xeaY\x89\xdf\x0c\xe5G\xf07\xd8Q\xf9\xd5', 
	12378: b'W\x0c\xbd\xae\xc0\x06&\xb9\x01\xbaa#\xd2?', 
	36691: b'm\xf4\xc4\xc4n\x1c\xbf\x1c\xfb\xeaMh\x04)', 
	59286: b'N\xf1\xa4\x8e\r\x1d;\xfb\\\xc6@\x81\xe5\x85', 
	43914: b'I\xdb\xc5~n\x86.k\x8f\xf6\xa6\x06\x0fp', 
	31169: b'+\xbe\x9d\xe5\x08>\x18n8\xe6\xf9\xa5\x0ck', 
	5653: b'|\xe6\x1b\xcf\xce\xce\xd5\x16>p\xeac\x18\x0e', 
	21004: b'\x01\xd9\xa3\x80\x93W\xda"\x8b\x06\t\xf8!G', 
	25912: b'm\x89\xec\xc6\n(\xe1K\xbb^2\xda\xbf3', 
	56706: b',\xc8\x80~7\x80\x9c\x98%\x8c\xca5!p', 
	26027: b'\x1d\xc218\xaci\xf4D\x00B\x867=\x9f', 
	16168: b'\xe2Jj\x8c\xe1\x8d\xcc(0X=FY\xc9', 
	19714: b"\x81[M\xb2\xc4'\x8btsI;1#\\", 
	57443: b'\xef\x88*\xc5\xd4?\x0c\xa2\x19\x92\xf8r\x98\xf6', 
	26175: b'\xf8\x1d\xfe\x06S\xbd\xd4O\x14\xe0\xca\x12y\x98', 
	19098: b'\x05h\x0c\xf2\x88\xd5\xd7\x98\xc83\xb1=\x04&', 
	21999: b'\x01\xfe\xc7%\xb5\xf9\xc9\x07Q0u\x06jd', 
	35729: b'\x1c\r\xdd*\xed[9\xb8c\x9a\xfet\xe7g', 
	37177: b'/n\x8a/\xa7.\x83\x8d\xc9*\xab\x8c\x9f\xd2', 
	3989: b'c\t\xe9\xfb\xfd\x7f>\x1e\xcc\x1d?\xbcA\x8d', 
	17084: b'\xd9|\xf3\xb5\x8a\x9d\xf1R\xc4&\xfbW\xcf{', 
	23172: b"q\x84'\x176\xe0\x8a\xc6y\x0b\xbc\xef\x89q", 
	47004: b'~\x01x\x06\xcf\xcc\x17\x8f\xa9g\xe8e\xd4]', 
	53240: b'])\xb7-\x8eJV\xf0\xdf\\o\r\xd8\x0f', 
	37853: b'\x97,\xebZ\xb2\xc9\xf0$\xf3\xf8H\xc5@B', 
	18873: b'\x1fN\x12.#\r\x07\xc3\xd6\xb0rv\xd7\x05', 
	52672: b'\xee\x1fV\xf6v\x13\x0e\xc6_\xe3\xac\xa7\xbfi', 
	44932: b'\x90\xcb2Ck:\xe2G\xf5\x91\xcf\x07l^', 
	21531: b')\xfc\xe0\xa5\n\x12g\xd8\xb4\x84\xb5\x97w2', 
	31864: b' \xd2\x826.\x1a$[~>\xf7q\x18\xb7', 
	27071: b'wS\xc4AF7\xde\x98\xd7\xbbM?\x06\xf6', 
	22882: b'G\x8ac~nn\xe5\xd9\xe0v\rE\xeb\xef', 
	43571: b'"\x91\x06"\xe3\xe5\x01\xaa\x88\xce\xa23N\xee', 
	26972: b'h\x94\xec\xeb7C+\x00-\xcb\xc4_\xac\x87', 
	11592: b'/{\xd7Oj\xf2\xbd(\x92#+\xd6\x82\x1e', 
	57257: b'\xb1H\xe3\xd9\xc0Q\xce\xdd.\xdc\xe1B\xe8g', 
	1174: b'g\xa1\x17\x001\xce\xdb\x04\x9c\xae\xebW\x06v', 
	31166: b'\x0f\xab\xd7mC\x11\x97\xc5L\x80\x1a\xea\xfd\xa1', 
	36784: b'H2s\x85\xd6\x0ct\xc2\x9b\xcf\x9b\xdc\xedo', 
	16520: b'\xcbS"\xae\xf4(IBW\xd1\x06)\xe6\xab', 
	14656: b'\x16\xa1\x9e.f\xc4}\xef\xcenp\x8c\x90\x02', 
	47396: b'*\xaa\xfbKT\x7f\x15w0\x98^\x9dG\x8d', 
	59795: b'v\x8ehU\xccJ\r\xcc\x04\x05<_\xb6(', 
	5991: b'\x9c\xc1\x95\xa2e\x0e\x9e=\x06R\xa7%k\x1c', 
	48037: b'\xad\xacH\xd6\xe8\xfdJ\xcc\xc1\xfb\x9c\xc5\x1dJ', 
	30665: b'\x84w.\xb3\xa8\x0f{R\xc7$D\x01=2', 
	11740: b'"Ed\xf7+zR\x1b\xaeT\xf3\xc9\x95\xb7', 
	55372: b'\x8f\x91\xa7\xeb\xb8\xa9\x17\xce\x97?\xda\xc8\xe2\x14', 
	36923: b'\xcf\xd6\x0b\x91[\xd1\xf0 0\xa0\xda\xa5\xea\n', 
	31124: b"\x89\x88T\xe2}\xad\xcd\t\xbd\x0fF\t\x9e'", 
	47631: b'5\xdc\xfd\x94\xa2\xd6\xf0\xb9\xa5Tj\x02;\xe7', 
	61617: b'\xad\xeb\x8aT\x7f\x1a\xfd\x9d\x03\x0eR\x91W)', 
	52043: b'\x83\xdc\xf18VgA\xc9!\x0f\x1a\x86S\xa5', 
	24952: b'\xba\xde\x90\xe0\xb1\x1e\xfa\xa0\xe4\xfdV\xe3\x87\xf1', 
	17593: b'\xd4_\xba\xc3A^\xd1\xf6\xf5ao\xbf\xca\xa2', 
	6903: b'\x08\xc6\xc0\xfb\x17<x\xced?\x944\xeaA', 
	51059: b'\xd2\x9dF^*!\x89\x93\xf8\xb64\xc0\x83\x8f', 
	29410: b'\\\x0co\xa8\xfe\xcd\xa4z\xdc{\xf8\xa7\xf88', 
	54955: b'\x93\xec\xe7Xo\xceO\xd3r\xff\xcd\xc8\x11\x8d', 
	55583: b'\x06\x0b7\xbc \t\x19g\x18\x03\x1e~cz', 
	62943: b'\x01\rFk\x1bb\xa0\x1a\x9f\x19-MS\x19', 
	2017: b'qL \xc9z\xf9?\xad&T\xe3\xd4\xc5;', 
	30929: b'\x8d\xdb\x0b\x9c\x85\xf3\xde\x16\xe3\x12>\xab6\x87', 
	31575: b'\xe2I;\xd8\xb2Z\xd8\x1b\t\xb1%\xda$\x9a', 
	18146: b"\xad\x18r\x85\xca(\xef\t\x17'!\xe8%\xbe", 
	45386: b'\xe2\r\x04\x0e\x8b\x12\x871\xda\x18w\xc2K\xd8', 
	43982: b'\xb2k\x11Q\x049>4\xf92K\x89\xd7\x12', 
	9685: b'\xf8Y\xd1j\xd8~\x81\xeex\x9f\xdc\x1aTg', 
	42478: b'\x90l\xf4\xb5\x86p\xc5\xd1\xbe6\x03XD\x05', 
	39869: b'x`\xd8}\x95\xda\xc0w"\x0c\x80\xcd\x15\xf6', 
	12558: b'\x8f\xb8\x07P9>F^mc\xe7t\xf7\x13', 
	49640: b'\xd9\x7f\xa7\xdf\x8f\x8e\x11\x7fG\xc0`\x14\xe8\xda', 
	46671: b'g\xeb\xaf`\x83b\xd6K\x90j\x0eg(u', 
	41532: b'c\x07\x98@\x8b\x8c\x06\x88hK9\x01=\xa8', 
	65439: b'\xfdr\xbf\x13\xfd\r\xc6\xc0\xe5\x87\x83\x8a}\xc3', 
	34639: b'\xed\xbbY6\xdb\xa6n\xce\x96 3\x1c\x93J', 
	46907: b'\xb1\x92\x8a4\x95\xe08\x7f\xf7\xeb\xe7\\\xeb\xf6', 
	12485: b'F\x85\xaf\xad\x01\x16\xc3\xa2\xee\xafS\xf5\xef\xbe', 
	6829: b'\xaa/l\xabi\xf0\xee\x93\xe1E\xc5\xb5m\xa2', 
	36428: b'\xf7q\xfd\xb7-\x148\xa9\xd9\xb9\xf9R\xb8\x91', 
	51963: b'\xbfeM\xd8\x05\xf7\x9b\xf0\x7f\xa1u224', 
	38161: b'\xe9\xee\x88S/\xef\xf08\xc7\x1c\xfa\x08\xe1A', 
	40840: b'Ze\x98\xcc\xbc\x7f\xb6\xb8\xe86{\xab \xe1', 
	8377: b'X\x81\x8c\xdd1p0i.?v\xb6\x7f.', 
	14332: b'\xe1\xc2\x81&\xf6\xdb\xa3\xd2\x11\xa0\xcc!\xcf\xd4', 
	19557: b'\xbeK\xb1\xdb\xff[br\x19~B\xcas\xa8', 
	57198: b"p'\xff\xae\x9a\xa2\x98m\x87\x903zj\x0c", 
	35738: b'\x86.\x97\xf7\xcf\x1a\xa5\xc0\xca\xdd\x97O\xd4\xd7', 
	39717: b'\x8b\xf0\xc5\xcb\xc7""y\x83\x1e%\x8f&7', 
	33419: b'<\xca\xeaj\xebg\xba\xea\xb7\x11\x84\xee\xba\x0f', 
	19122: b'T\xda#\xfe\xdb\xd727\xday+I\x84\x8e', 
	49732: b'\x9a\x03\xa2\xcc\xcf\x8e\xa8PW\x81#(v\xfa', 
	36066: b'\xf3D\x8ah\xf1\xf7,N\xce\x97\xf6\xa9\xea&', 
	28588: b'\xb8\xa0$Ex~\x8f\x92GU\x9c\xf5\x1ey', 
	58085: b'\xd5\xe4}\xb7\xfe\xf4\x93\xafO\x9b\xaf#fI', 
	52906: b' \x1b,z\x08\x9a\x13\xaeH;\xc6->t', 
	51959: b')\x8c\xef\x02\xda\x1d-\x08\xbc\x809z\xa54', 
	41188: b'\xc4\x00E\xd0\xc3=\x0b\xbf\xe2Xb\xe0\xf9.', 
	2097: b')\x01\x9e\x91EL\x16c\x13\x8b\x0c\x1f\x1c\xca', 
	60583: b'\xa1\xf1hOUs_d+\x04w\x05D%', 
	51176: b'\x9f7\xaf\x03\xd7\x95\\"\x11]\x8c\xa6>v', 
	21438: b'[x\x1e\xaa3\xea,\x00\xfa\xfb\xae\x12\xa8!', 
	47771: b"\x1f\xde.\xf9\xee'\xc2\x9a\x18w\xb07\xdd\x85", 
	56281: b'\x81\xb3\xc8\xb2\xf4\x91}@\x87C\x1dl\xd6,', 
	26805: b'\x8b\x8c\xf2\x89\x0e\x8f\xa1U\xe0\x1d\xc9!\xaa\xae', 
	18106: b'\r\xaa"\xb6]\x8b=2\xcc\xa8\xbc\xd2\xcd\x06', 
	7602: b'k\xd3\xce\x07\x1b\xbd\xdf\xda!9\xee\xcc\x1dl', 
	53935: b'\xa9\xec-;\x88y\x0b\xad\x9f\\;\xb0\x9d(', 
	37183: b'\x9c\xf4\x16\x03\xae"\x04\'\x83\xa8\xd4~\x01\xc1', 
	1933: b'\xad\x16\x87>+\xf6\xe5O\x83\x9a\xeaS\xb6\xd8', 
	45225: b'S\xd0\xaco\x00\x9a\x12\xee\xb7"l\x11\x01A', 
	42571: b'\x1b\xc8.>\xc0\xe7\xcfL\x84\xfd\xd4\xe4Q\xe4', 
	22187: b'\x9d\xf0_#\x85*g4D\xb3\xf3\x1bJ\xf8', 
	17381: b'\xc3\xc1.\x89\xe2AB\x05\x9dMD\xd2AT', 
	49351: b'\xd3\xdb[\xb7\xd7\xa0\xeb\x03\r\xfb\xe1\xf5\xe6\xa7', 
	51131: b'0\x8eT{{[N\x9f\xabaE\xe2\xb7\xd6', 
	57777: b'\xed-\x85\xd8V<Oh+\x17\xda\xc6)C', 
	12897: b'{M\xb2h\x91\xcb-\x94\xdb!\xe0\x99\xad%', 
	20833: b'\x10\x8bV\x92)7\xea+X>\x9b+\xff\x10', 
	41889: b'5x\xd4\xb7\x04kG\x95\x0b\xdf\xce\xacl\xc0', 
	45468: b'pF\xe0\x08\r\xd87~\xf8\xc0m2P`', 
	25208: b'v\xcc\xb7\xf5\x86\xb6\xfd5|4\xf0\xa0\x0eG', 
	57250: b'_\xe9dx\x89\xde\xfc\xe7V_\xd97\xe8\xfc', 
	19053: b'?\x16W\xfc\x1b\xe2\x04\x7f\x9e\xa9R>u\xe8', 
	6348: b'2w\xe8[!B1\x18\xea\x83\xf2\x86\xa6s', 
	8488: b'\x9e\xb4$\xd7,\x98pE\x9f*\xc7\x96r9', 
	16026: b'\x99\x8e\x9e\x96o\xce\xe8%\x93\x90B\x83ys', 
	55436: b'\xe7\xee"c\xfe-\xe5\\\xa1\x9bg\xdb:Q', 
	56772: b'*\xe0K-\x18Sa\xa2~\x80\x05\xdc?A', 
	9831: b'eUI\x92&\xcfQ\x0f\xf4N\x8c\x95w\x83', 
	42799: b'2%\x1a`K2E0\n\xfb\xf4\x08\x969', 
	1447: b'\xef\xb2bA#\xd6\xe6\x80\xa2G\xcc\xef\xde\xd5', 
	29849: b'\xdfZ\x0c\xffK\xbag\xbe_\xf0\xe3\x80\xb5\xb6', 
	44124: b'\xb8\xdd\x99> p"\x18f$\xfaC#&', 
	48257: b'\x03BE\tf\x1b\x94\x8e\xb3\xb6\xbed\x96\x8a', 
	33387: b'\x14\xff\xd4\xd1\xdbB\xd5\'\xc1\xc8\xf5U\x13"', 
	36074: b'iY\x91\xb9\x86R\x86\xacI\xa2\x15%\xb4m', 
	26294: b'v\xe2\xb1\xf1:6u\xcd\xf3\x19\xed\xa8\xc3\xdd', 
	22392: b'h\xf8\xe0\xbe;\x850i\x8cH\xdc\xfe\xbap', 
	59940: b'M&B\x11~\x85\x833\xd9\xc0\xe4V1\xc9', 
	65164: b"C$\xc5h\x97\xf1:W[v~'\xd3;", 
	37297: b'\x88\r\x01r\x9dbJZ\x00\xd1\x19\xdf\xfd\x9d', 
	44593: b'm\xbe\xcc\xb5\xf0\x1d\xf6\xe46Z\x1d\xbc\xa7*', 
	15976: b'\xfb\x0b\xf9}\xcc\xfbL.\x8eR\xd5\xa7\\\xa8', 
	10602: b'\xf1\x80\x8a_\\/JQ\x8c!\x93\x94l\xf5', 
	6486: b'\x9e\xf2\xac\xca\xe2k\xf2\x07\xc0F\x1b\x89\xf3\xbe', 
	26126: b'\xce=t\xf5R8\x9a\xe5\x00\x94\x08j\xf5\x92', 
	29909: b'?U\xd0MND\x97\xdd\xe6\xef>\xb9\x8bS', 
	9539: b'\xa2\xd0\x06\xed\x0b\xb2\xcd}~\x17\xa1O\xc6\r', 
	52362: b'\xe22\xed\xdd\xa6\x93L\xc1z\xee)-zw', 
	14423: b'8n\xa2x\xe5"s\xe0t\xc7\xc0\xec\x9b:', 
	46340: b'AZ\xb00:\x9c\xaf\xc2\x04^yh\xb1\x86', 
	17444: b'\xfc\xe8\xb6\xd4\xa9h\x8c-\xed\xe5\x06\xd0\x08d', 
	53120: b'%\x12\x9fI\xcb2\xc3\xcd\xf7ZM\x8a{\xb9', 
	50958: b'\xf2J\x90\x1e-\x7f6+\x08\xe9\xcd1\xe0\x9a', 
	1395: b'Fc@\x8f\x1f\xb7tf\xc1rU\xa2\xf9\xfd', 
	47952: b'u5\xfd>G\xe3\xdc\xc4\xfb\xa9\xa1\xf8^\xe4', 
	11642: b'\x07u\xe5\xbf8\xf1\xc3\x07\xa3\x85\xd2\xd9C\x9e', 
	14770: b'g\x9e\xc3\xa1\x90\xc9`s\xdeB\x92\r~\xf2', 
	26886: b'"IXM\xe1%d\x90W\xaa\xe7\n\x92\xda', 
	52310: b'.\x0c\xe2\xcd].a\xb0G\x86\x03\xeb\xeeP', 
	8848: b'O\xb7kb\xa4\xa8\xba<2S\x05a\xf7`', 
	31559: b"\r\xe6'\x93\x8c\xde\x80^(o\xdc^\x84!", 
	46757: b'\xdbC\xe7g\x95\xc4\r\x8f\xe5\xea0\x1e\xb1\xa1', 
	9367: b'\xf5N\x91$=h\x18\x01\xa1\xed\x9c\xd5*\xd2', 
	42930: b'\xdd\xa5\x04\xa5\xa6\xd5\x11\xab\x0f^z\x86\xbd\xae', 
	23794: b"\x9b\x80\x82\xac\xe2\xa0b'\xa8\xad\xbb\xb4\xb0\xc2", 
	28683: b'\xd9\x01\xbd\x90\xde\xaa\xc5\xa7\xf4njw*\x18', 
	15223: b"'\xd1\xb2\x16\x80\xd1TVc!\x15\x8c\xee\xb4", 
	15921: b'n\x90ZD"J\xff<~\xc5~!v\xba', 
	824: b'\xd9c\xeb\xb1\xffE\x87\\A\xb5\xd6\xbcn\xcc', 
	63828: b'\xe3LD\xb1#S\x02\xfc\\\xfb\xbaT1\x8a', 
	52804: b'\xe6\xeeD\xc7\xae\xfc\\\xa1Inxk(\xa9', 
	55165: b'\xbc\xf0\xe0\xe1$\xaca\xd4\x96\xf7\xa1I\xd4\xee', 
	38769: b'\xbbG\x91j\x0f!n\x04\x9c\x10U\x9e\xf1\xcd', 
	40170: b'c#\xba\xd4\xabmGb\xe6O\x7f\x8ci\x0e', 
	13760: b'\x03y\xc57\xd9#\xedT\xca7X\xac?\x91', 
	13215: b'\x92\xfe\x13\xfc\xdcsF\xa8/\xc2\xf9\x9dVe', 
	50642: b'\x84qR\xb6\x9b>\xf2\x0e\xca#[\x9b\x0cP', 
	56631: b'\xf6s :\xd3$\xd0\xbe%\x0cw\xd6:H', 
	51854: b'\xf7&\x8a\x14_\xfcYK\xd6\xca~\x93\xbf\x08', 
	20967: b'\xa9\x06\xc6\x86\x93\x9f\x9e\x950\xd8`\xc1\xeb\x8b', 
	18223: b'&\xd3\x15\xd5\xc9\x9b\x1f\xee\x96~\tqT\x1b', 
	31712: b'\xe6r\xc6\x964\xcb\x8b>oE\x07\x8e+\x14', 
	44559: b'\xa3\x86\x8c"\x9d\xe4\x1c\xb0\x8aU\x9b\x83k\x8b', 
	66: b'\x8d\xaf\xdd\t\x1a\xdcM\xd9t\x18\x17Q\xff\xb1', 
	10860: b'\xaa\xd7W\xfb`\x86\x06b\x1d_\x8cB\x98\xef', 
	63161: b'\x93ZQ\xe7\x9ftNP\xb1\xdc\x94|[\xa8', 
	38166: b',r\xb7\x16\xb34\xc9\x92\x98D3\xfc\xd8|', 
	25771: b'\x06<%\xd8\x81\xc1\xc0\xc9\x1a\xffg}p\x8a', 
	51430: b'}\xe9\xe8\xb8\x8c>\xc4^\xfb2\xb4\x00\xffb', 
	59561: b'4\xcb\xa3f\xde\xf1\x88\x90\x93\x1a\x02\x8a\x90\x11', 
	53694: b'-\x1eA3\xe6\x94\x1f\xda\xd5\xcb\xa7\xf6D\xa2', 
	31028: b'\xf8\xae0\x8e\xf1/\x0cN\tG\xbb\x836#', 
	8089: b'%y\x81\x01\x18zZ\n8X\xee\x87/!', 
	60843: b'}\xb19n\x0c\x9e\xdd\xb9\xaac\xd1\xe7\xb3\xec', 
	37154: b'\x8c1~\x85\x978\xe0\x1d\xb9\x07^vN\x8d', 
	59770: b'\xbbh\xca\xa0\x05NQ{\xb7,\x88\x98\xee\xb6', 
	38666: b'\xe8\xc1\xb4\x17\xb3\x1cdHD\xde/\x84\xe4J', 
	41806: b'P\x07\xa2HS2\xa40h\x9b\xbc\x8e\x9a\x9f', 
	25707: b'\xd4\xd1ulj]\xec\xe5\xfd4K\x9eqB', 
	59258: b'\x17\xcct\xb7"\xf3)\x14\xf3 \xb5\xacs\xb5', 
	31201: b'\x8a\x1c\xaf\\\xf2)~\x1d\x88\xa1\x0cW\x82T', 
	52619: b'\xac\x10p\xacJ\xc2(6?D\x87\x87\xe5\xee', 
	4406: b'\xee\xd2{\xdb\xac\xa9\x01\x8e\x16e\xd8/@\xa7', 
	40029: b'\xf5\x11\xf7e\xf5\xf4\xfbu\xe44\x93\xdf\xca\x1b', 
	131: b'\xae\xbd\x8f\xd2.a\x89\x87\xc7\\\xe0\x9b\xbe\x1a', 
	22856: b'Kf\x11\xf2P\xc9\xf2}\xdf\xba<\x89d\xd1', 
	45021: b'x\x81\xb0\xf4\xf1\xeb\xa00\xd1\x00h\x17v2', 
	61283: b'\x03\xb3\xb7\xfe\xd1N\xdc3+\xe6\xd6\xfa\x0f\x95', 
	39147: b'\xc0\x8b\xb0\xbc\xeb\xf0\x9b\xe3W\t\x08\xbd\x8ab', 
	10117: b'?\xbbm\x84\xd9\x83\xe7U\xa0\xce\xc9\xea7\x80', 
	20624: b'FX\xd9w\xe3\xe00-a\xc6\xc0\xf5Sa', 
	54650: b'\xbf\xe6\x9b\xe3\xbbq-\x86}\xb4\x1f]\x0fp', 
	2915: b'\xf4\x8d.\tf+c\xe4\xbb5\x01\xae\xd0\xf5', 
	19150: b'\x1acD&^Sv=\xeb\xdcI2]\xb6', 
	52981: b'\xb9M\x91R:\xbb\xbdPCf\x8ck\x8b"', 
	38157: b'z8n8i!\x98\xae\x9a\x10\xf0\x9f%\x1f', 
	54202: b'\x88|\x8f\xfe\xef\x94\x0c\x85\r2*>uT', 
	61471: b'Q\xdc\x149\xa6$\xa7\xcb\xf0\x91C+\x08\x0b', 
	13768: b'}(\xc2\x10\xd8\xa9\xbcv\x8c\x18\xdc~\xeb\xc0', 
	62172: b'W\xaa8\x9616\x1f%\xfd]\x19\xe2k\x80', 
	25466: b'\x81ur\x89\xd0\xae\x1an\xda\x12\x84\xcf\x04\x13', 
	11299: b'\x18h\xecEv\xd4p\xe5\xb8\x83+\xaf/\x1b', 
	63822: b'\xc9$\xc0:A\xe60\xd6,\x04Z\xf3\x80\xb6', 
	6430: b'\xa5\xd8\xb7\xa7\xd5\x14ks;\x8b\xd8\x98\xed\xfb', 
	60366: b'\xb9\x94C\xa2\x84\x9e\xd5\xdds\n#s\x8d\xc5', 
	39537: b'\xc8;\x84xn\x83]\xa7\x1c\x9c\xb0s)>', 
	24228: b'MJv\xcaQ\xdc\xfc\xc6j\x82\xa0G\xf3M', 
	52497: b'm\x90\x88\xa1\xef\x93\xc0H\x03\x11\xcd\xf9LG', 
	33292: b'\x95\xd6AL\xf5[\x9cbJ\x99!\xf5\xf1X', 
	1442: b'U\xeb\xbcT2\x18\xf6\x9e0"\x06\xd8kY', 
	64791: b'\xa1\x9b\xfc\x96C\xf6\xe6!\xe9\x9d\xdd\xe1\xf7\xa5', 
	26199: b'\xfc\x8e\xf8\xf3\xcf\xcf\xc9\xba\xf4\xc9\xb3\x92\xbf\xcb', 
	58829: b'\x97\xea\xf3\x19\x7f9vf"o\xd2\x85\xb3\xfa', 
	45769: b'\x14\x82\x04\x89$\xc3D{\xf6\xcc\x11\x92\xe2\xbe', 
	19950: b'u\xe1-\x1b?:xC\xadvP>a\x14', 
	35419: b'<\x0fF\xb3\xd9C\xd5\x1ac\xaf:\xf2\xac\xa1', 
	50953: b'\x11\x1a\xe6\x17\xee\x9a\x17\xde\x95gxa\x19\x1a', 
	32174: b'\xaf-H\x9e\xac\xc31:O\x03\x97\x11\x17\x00', 
	4932: b'\xac\xacU\x82\xf3+w\xdc\xf6\xc3\xd1\xb6\x13>', 
	40753: b'\xde\x04*\xbe\xb9C/\x8e\xd1)\xe5.\xe7P', 
	18901: b'\xca\xf5L:PA\x97\x8790uT\x88\xcf', 
	18856: b',\x1aQ9\xf7\xf7\xe6d"\xfb\x15F\xf32', 
	55040: b'1}J\xe4p\x08\xcd\x9dF\x8fgH\x99\xaf', 
	48721: b'\x86\xb3\x1fYim\xd3.\xb3\x10\xd9\x03b&', 
	21669: b'\xbb\xb9\x0e\x16\x9e\xfc\xe1`\xbd\xe5\x0e\xe2\xf1\xc4', 
	11215: b'\x0f\xbbf\x92-~\xee\xa30\xb9\xe2\xb5s9', 
	45231: b'qo/@\x9c(\xa4\xd0\xc7,o\x90S#', 
	8499: b'r\xbd\x8f\xf4%\xa4\xe2\x15i2\xa3\xa8z\x19', 
	57382: b'\xf43\x9a\x96\xf2\xbc\xe8\xbe\x0c\x7f\xa3-l\x0c', 
	17653: b'\xe92\xbd\xc98{\xeaH\x16\xd7\xd5\xc8-E', 
	22060: b':\xbe\xe3\x8f\xbc\x8b\xbc\x8d\x05\xfc#\x1d`\xa0', 
	770: b'"\x16\xe60\x12\xc3\x9f91B\n\x1dWu', 
	22722: b'\x9bh\xec\xa1\x99\xf7\x1e|6\x1a\xa9k\xaf\xa8', 
	46813: b'M\xa0|\xfb\xe8\xe7\xbc\xbeIf\x0f\xf7\xa6\x93', 
	39417: b'\xce\x86s\x14\xc6\xf3\xda\xec\xf4\x14\x1aY\xc6g', 
	58528: b'\xa4\x8a\xf2:\x05\r\xbfQ}\xb4t\xa5mT', 
	3999: b'\xfa\xb1\x8cG\xd9\xd9DT\x9d\x9e\xf7\x06/\x91', 
	6084: b'\x0e\x9c\xb5\x93k\xc9\t}\x9f\x92\x18]s\x89', 
	18604: b'\x8e\xf0\x1e\x16\x14\xee*w\xdb\x10\x1a\xd7\xfa\x11', 
	58805: b'N\xd0\xd9\x18i\xeaw*\xe2S.\xe6h9', 
	60937: b'\xe7O:\xd2\xf2\xf9\x1fT\xd6\x8d`\xc5\x8cu', 
	20567: b'\x10\xc2\xb9\xcc\xa9h\xfeG\x7f5\x06+\xc7B', 
	13720: b'3\xba:\xf9\x19,t\xcd\xefK-\xef\x11Z', 
	13536: b'Zu\x04\x0f00\x815zr\x96Y\x06\x9a', 
	1992: b'~\xd7\x8b:h\x14y5\xb6W\x19,5f', 
	23945: b'\xcf\xfaU\x8a\xf0\xef&\x04\x06]\xf6]\x1f\x00', 
	51626: b'\x81\x0b%y\x04\xcc\xaa\x91\xce\x95V\xc1\xb4\x10', 
	24536: b'd5\xaa;U)\xc9\x99\xd5\x7f[c\xd9%', 
	43482: b'\xd5\xf6\xe0\xa0Cw\xec\xb7\xa7\xaa\xab\xc2\x17\n', 
	14318: b'\x00:\t\xe5uX\x8a4\xff\x91\x9a\xe3\xcar', 
	54853: b'4\xeeG\\}\xc3e\xdbpV\xe1\x88\xe1\xdf', 
	40243: b'\xac\x06\x16\x0e\xdd\xb5\x06\x98\xc5\xbc?\x97\x98\x88', 
	43389: b'U\xcc\xe3]\xa8\x0f$V\xc8B\xc14,\xa4', 
	53127: b'\xc2\xe2\x8e\xa4\xf5\xdc|g\x1b\xe6\x12\x0f\x11\xb8', 
	17668: b'\xf0\x8c\xe7\xda/\x82\xa3ME\x04\x1b\xf0<(', 
	59965: b'\xfb\xeb4\r)\x19\x1f3\xb5\x1d\x8f8\xc7(', 
	27592: b'\xef\xa35W\xbd\x17\xf6\xbd&\x87\x06\xc1J\xfb', 
	48311: b'\xa1(\x15M\xd0\xba|\xb3\xa03"\xa9\xc4\xd6', 
	5086: b'# \xa6\x15\x97fj_\xd6\x94\xd5\xe0@D', 
	63357: b'\xf8\x87\xd01\x97\xa9\x9c\x95\xd3\xe8\xc5\x05\xce\t', 
	56758: b'1\xd1-B\xads\xac\xc2\x14X\x1a\xea\xc3 ', 
	57998: b'\xd5\xd6\xa5AU\xff!\x0e\xe2\t"\x0b\xc5\xef', 
	43636: b'\x18\xdf\xd5l!\xe2\xe7m\x9cP\x06\x13\xc2!', 
	62209: b'\xf8q\xd2\xf7\\b>\xd8?\x83a*`\x9b', 
	49762: b'\x88\x1f\xa2\xb6R\xc4Vf~d\xbe51\x90', 
	31146: b'\xfe\xf3iu\xcf\x04\xec\xbc\xe0\xdc\x15 \xace', 
	28045: b'\xfa/\xa7\xac\x12\xa1\x1f|\x8bl\x91\xe7\n\xf9', 
	64373: b'\xf2\x10\x82\x9f\xaf\x98\x997\x7f_rd|\xe7', 
	25952: b'\xe7\x07i\x80XR\r\xbdA\x19\xe9\xe6\x8a\xdd', 
	58791: b">\x12'2\x8a\x1c\xfc\xa0\xd2\x12\xa6\xb6#\xbd", 
	45940: b'\xf8-AW\x01\x95L\xfa\xdc\xe9\xf9\x9a\ry', 
	31033: b'\xe9\x81\x9a\xf4b\xcb\x0fu\xfd[$D7\xd1', 
	52016: b'\xe4\x85\xf5\xff\xd1\xaf\x01\x04\xf4Y\x97\xad\xad ', 
	34607: b'\x9d\xa3\x0b\x02\xee\xccOd*\xac$i\x05{', 
	43250: b"\x188\xf5\xa7\xc6'U\xf0V\x01\xc7\x19\x9e\xab", 
	43398: b'+\x8d\xea\n\xe2\xf7ZI\xf9(\x9d\xf8\x82\xee', 
	4622: b'\x99)\xa1\x14\xb4\xa4kz\xf1\xa4\x902.\x84', 
	13034: b'\xe3\xbe\x8b\x08\xf3\xff\xe8\xa1\xc2\x14w\x8a\xa4\x7f', 
	64917: b'\x88\xe0\x1axb\xfbl\xe1g<w\xf0f\x16', 
	31770: b'\x1b\xbe}\xbb\xab:\x9b\x8c\x88\x9e\xbe\xdc\xdaP', 
	14410: b'\x8dH\xb19\xf7\xa0\xc2\xd2\xa4\x04\xda-D\x06', 
	50736: b"\xe8\xb4C7T\x96\x8b:\xef\xab}\x06\xf8'", 
	25433: b'b\x9b\xa2\xb4\x7f\x8d\xcc\xa7W\x00i\x05\x85\x1f', 
	59873: b'\x11\xff\x11\x80B\x02\x93{2\xb9\x84oAw', 
	22375: b'\xcb\xde\xb1$\xf8\x9d\xdd\x0e\x06\xb0\xc4\xe4\xda\x02', 
	49648: b'F\x053-\x9e\xba\xcc\x7f8\xc0\xb2x\xc2\x86', 
	871: b'\xaaU\x85\x17\x88\x9c\x1cM\x1b\xdf\xbeP\xc4\xb5', 
	49104: b'0\xeb\x8d\x9a\xf9\xcbLh\xd3\xc6\x15\xc7\xdb\x11', 
	64022: b'\xeb\xc8o\x9aL\xa2)\xaaOF\x1a\x0b)c', 
	37096: b'\x17\xbbRG\x1eMG 65\x88\xd4\xae$', 
	64924: b'\x97\xe6\x8b\x1ao\xbb\xde\xca\x07^TTk\xab', 
	51803: b'\x8c\x85\xc0\xa8f/\x84\x94\xfcu\xfa\xaa\xf0\xf5', 
	23505: b'\x0c*\xd2B\x932dQv\xbdNA\x15\x93', 
	27906: b'T\x17\xcf^\xdc\x9b\xdf\xccC\xceV\xc3\xaae', 
	49850: b'W\x0f\xee\xca%\xb7\x1d\xbe\xbe\xc1H\xc2\x08\xe6', 
	860: b'\xedH\xb8\x19V\x8d]\xe9\x17\x9c\x92\xc3>\x14', 
	19985: b'\x1d.\xa1\x81|]K\xa7%\x97\xa8H"|', 
	10147: b'\x97\xba\xdc\x9e\x7f\x12\xc1m\n\xa3\xe6%E\xe7', 
	40134: b':G\x1ew\x14\xac3(\xfb\x8a=V\xf5<', 
	34643: b'1=h\xe2\xc3\t\xff\xf86\xfe\xc1\xa2\xd0\x0f', 
	49239: b'\xe9\xdd\x80\xd3i`\x91\x16\xee\x92\x9b\xac\xd1\x93', 
	48619: b'\xf1\xab4\xfd\xbf\xae\x80\x8c\xe4T\xe7\xf6\xd8U', 
	64762: b'\xe5f\xb7\x87\xcf\xa7{>;X\xef\x82\x83\x98', 
	53869: b'\x07\r\xc7\xab\xdc\x16\x16\x99.+_\xb9\x91@', 
	59183: b'P\xc01\x9d\xd5\x0c\x03\x13\xea\xdb\x02)!f', 
	18285: b'O\x7f\x8c\x97\xba\xea_y\x06Y\xf3V\x87f', 
	52037: b'[7Q\x98\x92\xdfj\x89\x97\xd8\xe0o\xc4B', 
	26109: b'\xeci\x000"\xeb\xc2\x8f\x7f\x8bX\xed\x88\xb9', 
	23770: b'B}\x00\xaeoo\xd4.S\xc3\xberIY', 
	51523: b'\xa5\xdf_\x847\xcc\x0b+u}\xf8\xe3N\x1b', 
	28015: b'\xad"!\xd3q\xd9B\xc4\x88q\xe8\x8b[\xad', 
	6343: b'\xb64\xcf\xf4\xaak9G \xd48\x81\xa4\xec', 
	32327: b"r#!\xcbZ\xfa\x04'J\xcd\xb0\x83\x83\xe9", 
	31228: b'\xb1\xc7\xbez\x03\x1f\xa5\xa9\xf4\x88M`\xaa:', 
	44120: b'\xd1K\x96\x9aW\xa8\x7f$\x9a\xda\xfa\xd1{6', 
	33151: b'\xa2J\xa63\x83\x03}\xb9\x88\xe7\xb0\x9a_\x84', 
	48357: b'_!\x84\x96K\xbe\xd48=\x1f<\xb6\x0b\xcf', 
	54629: b'\x88S\x1a\xee\xe2\xfa\x0b\xf7\xb4TV\xc1\x94\xde', 
	27399: b'\x8e\xb7q\x0e\x98\x9f)\xcd\xcd\xd7\x85-\xe6\xf5', 
	7607: b'\xdcM\xe7\xd7\xb5\xaa\x18A\xf2\x88\x9a\xccS"', 
	9301: b"\x82\x91\xdb4'\xe5\x7f\xf8a\x08\x02\x83\xb0\xc4", 
	35570: b'V\xf4D\xf8\x0cc\xf1\xc8\xcbd\x9d\t\xdd\xe0', 
	25269: b'wa\x05c\xba\xe4\x10\t\xd0Ke\xcb\xce\xac', 
	13103: b'A\x882h\xeb\r\xa2\x959g\xa3\t5\xc7', 
	5644: b'Yr7\xd4?\xaf\x9d\xf9\xed\x93\x99\x8a\xb3\xd2', 
	49561: b'\x86\xd9\xa7i\x92Dd\x0b\x8b\xbf\xaa?K|', 
	36972: b'\x94"\xab\x80\xeb\xc7O\xf7\xc3#RG.\x8f', 
	40978: b'4\x81\xdb\xc4I>\xcaI\xc6\xf55\x81h?', 
	47187: b'\xe39\x08A\rQ\xec[\xa7\t3\xfen\xb2', 
	36888: b'+\x84\x81\x8e\xaez?$\x07\xa6H*\xbf\x9c', 
	7244: b'\x9a\xf6\x1a#\x12\xf1\x9e\x7fSS\xe9J\x99\xb6', 
	63701: b'\xe8(!\xfc}\xb0)0*\x87u\x07dA', 
	59386: b'^xHS\x03B\x1da\xfa&\xb9\xad\x8f\xb4', 
	28834: b'{\xe2P\xb1\xa6\xb2\xda\xc3v\xa9\r_\x08\xbd', 
	14944: b']\x8b\x0fr\xfe\x08\xf7\xca\x0b\x88\x0f\x9c\x9e.', 
	27167: b'\xea\xb2\xa4i\xb9\xad\xf5\x81\xf4\xe0\xde.\x9a\xf6', 
	14052: b'\xe2\xd5\xd1hB\x7f$\xa2\x89[\x9c}\x07\x89', 
	22554: b'\xd0\x81v\x1dd[LQ\x95\xfa\xaf\xae\x9d\x89', 
	8659: b'\x14m\xd2m\xef"\x81\xf7\x9ct\xbd#ya', 
	55082: b'\x942\x04\xf0\x97\xfa\xc50\x91\xdf*\xa2r\xaf', 
	56366: b"\xa1\xc9G\x9e'F\x02\xec\xc2.j+[\x99", 
	24452: b'\xcc\x00\xdf\xce\xaf\xae\x1eo\x8f\xf2C\xe4g\xb8', 
	56345: b'IU+N\xf1\xde\x992u}\xa0\x87P\xa0', 
	15116: b'\xf7\xd58\n\x81\xe2\xb1\x92\x01\t\x05\n\x11\xf0', 
	25865: b'\xa0\xf2u\xe1o\xfa>UQY\x9ac\xbab', 
	63363: b'\xac\x82\x01\x0c\xbb\xb5u\x8e\xa7\xec\xe6\x991\x97', 
	19031: b'z\x86\x97~=\xc09\xbb\x91_\xe8\xe1<\x02', 
	43206: b'\xd8\x01/\xcd\x92\xad\xfaq\xda\x0bK\xce \xab', 
	43127: b'\x14\xcfJ\xd8\xe1\x0c\x92\xdd\x84\xbe\xb4\xf1\x13\xb3', 
	6363: b'\xe1\x8e\xc3\xc5\xa6eg\xe0:\xdf\xe8\xf3[\x8b', 
	46739: b'\xa3S\x0c\xf2Nh9\xf3r\nn\xb8\x8c}', 
	25349: b'\xd4\x14\x1f\xd1\xa47k\xa9\xe2?\xb0#\x03\xd2', 
	2672: b'\xa9\xf3u2\xcf\xe0\x17\xf4\xd9zjf\xb5\xf7', 
	5879: b'\xda(\x96\n_\xec\x02U\x913\xfa\xeevB', 
	15796: b'"V`7\xcfPF8\x1a\x81$0\x8e\xf2', 
	17675: b'\x7f\xc6u@\xa8\xff\xec\xfe\xbf>\x86\xbcHN', 
	13717: b"U\xd1!\xd4'kD\xaf\r\t\x84\xce\x17t", 
	18359: b'H-\xd7\xae*u\x9e\xcc\xbe\x02r\x9bx\xe3', 
	44645: b'\x071-\xdf\x10\x8c=E=\x86\x84\xe97\xb5', 
	28502: b'\xdeAL\xfe\xcb\x0c\xa7\xc0\xc3@@4\xb0>', 
	2919: b'\xc4c&Bs\xbd\x97\xeb\xb2<G\x92\xd3\x01', 
	42253: b'\xa8\xeaS\x7fA*\xbb\xcc\x83\xc3\xfc\xb4\xc3Y', 
	62195: b'\x87o\xfd+\x1b\x845Ec3C\x82S?', 
	47715: b'\xae&\xa9\x8a\x9f\xde\xae\xa6\xeb_b>;s', 
	20256: b'm\xe5P.\xb0\x14\xe4\xb1\xc6\xa63\x8e\x03\x16', 
	3555: b'\x83R\rA**\xac\x12\x99\xae\xb6\x0f\xa7 ', 
	29843: b'N?\x92\xb1].\x83~\xce\x8a\x15\x1c\x04y', 
	18563: b'\x91|\x8ad9L\x84\x18t\xc3\xc5\x96\xf9d', 
	30384: b'0(\x02Tss\xc0\xe8\x03\xa9\x9d\xa9L\r', 
	11212: b"a\n$\xe6\x7f\xe4\xf0H=\x1c<\xa2'\xac", 
	21465: b'#K\x86\x08\xde\x8f\xef\xee\xe3o\xef\xc1B\xfb', 
	11184: b'\xbeo\xf1\xd4\x05g\x9f\n\xabI\xf3a\x19a', 
	48471: b'\x02t\xbb\x8e\xecy\x93o\xc8\xe3\xdf;\xef]', 
	18115: b'{A~V\xbd"\x03\x82L\xbb\x02\x13\n\xe4', 
	35913: b'\xdd\xba\xd7\xfa\x8e\xbc\xb9\xa5\x9c\x89\x11\xcd\xb9\xdd', 
	37544: b'{N\xc2P^\xc4~\xe4\x1b\x11\x8a\x97\xb7\x96', 
	29033: b'\xb2);\\\x1c(\x1e4\xf6\xa3\xd3bv\xd2', 
	44417: b'\xc9\x04\xe57R\xe2\x7f\xbe\x1e]\xbf\x95dg', 
	9036: b'\xc0"\x10w\xe9\xc7\xba\xa1]\t9O\xc0\x9f', 
	25834: b'\xc8#\xc2L<\x1f\x82\xa0\x9aFMX\x9d\x92', 
	25016: b'l\xe6\x06\xd9\x8e"\xb3G\xda-\x1bu\n\xf7', 
	60800: b"8\x11\xc2\x85\xcc\x8dY'\xaa\x8a^L]\xe8", 
	44662: b'\xc1D*B+V\xe5\x8fb\x8a\x88\xea\x81B', 
	62819: b'\xb7\x88\x9b\xfc+\xe0\xf5E\xb67\xda\xd5|\xc3', 
	35080: b"\xc4\xd1>\xce\x8d\x12>I\xea\xc5*'\xbd\xb6", 
	21195: b'\x03*\xf6v%\x08\\\xde\xe84lM\x18\xbc', 
	55772: b'\xe5\xbb\t\xb9x\xe2\xf8\xfe\x18"D\x1eq\xee', 
	46868: b' \xa7{\x067\x8c\xd5m\x9a\x80d\xef\x90\x05', 
	44141: b'`"\xect\xafQUn\xf0X~\xe5\xf2\xa0', 
	61691: b'V\xfb\x9e\xc5K\xb3\xf2\x0fq\x1d\xc68\x9em', 
	6452: b'\xf6\x03?)\xe02\x82Y\xaf\x1a\xfcG\x95z', 
	23653: b'\xa3\xfb`-^\xf5\x03\x1a\xd3\xe5\xd6\x9b\x12\xa7', 
	9365: b'\x0f\xb8\xa0\xc6\x9d\xcc\xa4^\xd6\xa4\x98\xf8oM', 
	35639: b'F\x90nP4\xdc\xa1\xd1\x0e\x94\xd2\x05\x05r', 
	27689: b'\x07\xcf\xe2\x87o\x96\xed\xcc\xde\x05\xdf\x86+0', 
	332: b'\xdd\xf1\xed\x0b<\x0c\x11D\xf1\x17\x14\xa7\xfa*', 
	21117: b' =\x92s\x02\xa5\xc6\xc6\x98\x96M\x19\x97\x84', 
	47233: b'\xd0O\x9c\x84\xd3\xa8%\xf1\xb5w\xb7\x90\x1d\xc7', 
	62108: b'_\xf6\xba\xbd\x94\xb4\xaa!\xb9\xb5\xa9\xbf\xa7\xbd', 
	65156: b'\xe8q\x17@\x91\x82\xed\x0e\xde~\x19qn\x91', 
	32301: b';\xe8fx\x16\xe4\xd6\xf3\xb4)sh\x04\xa4', 
	32525: b'A\x9a\xe5\x11\xcbJ\x16\x04\xaa\x804\xae\xe1\x95', 
	52697: b'\xc8]\xcf\x1e`\xf1\x17\xea\xda\xa7\xfd\xc65\xdc', 
	57129: b"\x1ek\xa5\xa9\x9d\r\x96\xf5\xf9'\xb6X1\xfc", 
	37676: b'\x86\xca\x18\xc0\xf9\x89\xcf`\x85\x7fQ6\xbc\x06', 
	59409: b'\xfa"\xad0\xc9\xef$\xdb\x0bUk\n\xc0\xb2', 
	13443: b'\xf9a\xfdv\x84\xe5U\xef\xd7\x9f\xba\xbeZ[', 
	35287: b'\xee\x03\x04\xa4\xaa\xd6\xb6a\x88\x84\xa7\xdc\xcbc', 
	22913: b' \x94\xa1-\xcc\xd1.\xe3\xf5\xc0*\xab\xe6e', 
	61314: b'\x11kkM\x9a\xf0k(r\x7f\x00\x00\xd1Q', 
	20515: b':SR\xcc\x05\x07\xf7\x12\x0c\xc3\xe8\x12\xaa\x18', 
	27387: b'\x1d\x1d\xf3\xffuMc\xbbT:b\x91\xc5\x0b', 
	65127: b'\xbe9\xde\xf9\x8e\xac\x07\xcb\xbc\xd9\xa8\x98Z1', 
	21439: b'\xac9"2c\xd633\xdf\xd7e\xf8\xf0T', 
	48085: b'K\xd3655\x87\xd8\x18\r\xd7&\r:f', 
	23511: b'bC\x99\x85\xeb"/u\x96\x14\xc8@\xeb(', 
	47833: b'\x88\x8c*\xb2\xc8\xf5\xc4\x9f)l\xb4\xa7\xe6\xfb', 
	5420: b'\x0f\x80\xeb\xb5\xb7\xd7}\xfcV\x95\x9e\xde3\xc8', 
	23656: b'\x88\x1b\xf59G}\\}\x08 \xa1\xfa\xa7\x03', 
	36295: b'\x9d\xd3\xc22\xd7\xdd\x9e\n\xb3,uI\xf7]', 
	57684: b'\x8ai\n\xe8g_\xe9\xcd\x85L\xe4!a\xb6', 
	19001: b'\x94&\x96\xcb\xa8\x90&\xd7\xa1\xe9\x07\x01<\xc4', 
	5036: b'}\xf4\x0c\x16=+Bvb01\x97\xbaF', 
	1765: b'\xeb3G\xbe\xf8\xbc\x90\xb4\xb1\xbd\xcb\xbcM\xa1', 
	22728: b'\x07\x1c\xc4l1\xd4\x81\xd2r\xb9\x8a\xd8\xbaJ', 
	52597: b'\x9e\x9d\xf0\xe4_\x8c\xbf7\xa8p\xd9\x8b\x06)', 
	57079: b'\xc9W\x8d\x94\xa2\xdb\x8a\x80y\x1c+\xd48\x13', 
	37626: b'\x9dZQ\xfd\xa8\xb2\x9eu\xf4\r\xfd\x1e\xdac', 
	57394: b'\xd5\xdf}}38)\x10]K}\r\xbf\xb9', 
	47260: b'NhPc\xae\xeaF\xf5\x8aB%\x17\xc4\xd7', 
	31196: b'\xfc}\xac\x94\xc7\xf4\xd8\x87\x0f\xda\xa1\xff\xd4\x00', 
	63884: b"K\xff)\xc8NP'\xec&\x97Gn\xb6k", 
	29660: b'\xa7\x07\xcb?U_\xe7\xbd\xf8\xc0\xa6\xf7\xe0\x13', 
	14132: b'\x9b\x1e\x1e\x9a\xe4\x97\xf19\x0cc7\x18\xc7*', 
	57683: b'\xc0\xb3TL\x90\xebD?\xb9I\x19\xe5\x85 ', 
	25367: b'F\xc8\xf0G\xe9\xd6?\x9e\xb8C\xc5\xf2\xe5\xe7', 
	5024: b'\xd7\xcb\x83KQZ}\x186I\xab\x8e\xe4\x91', 
	54971: b'\x8a\xddL\x08\xf6\x84\xc4\x95\xec\n\xe9h\x85\x9f', 
	30406: b'\xce\xcfu\x1d`\xe8\x12\x90\x15E\x849\x00\xc6', 
	37400: b'x\xee\xbc{7\xf8E\x887\xdc2U\xd5~', 
	15558: b'\xcc\xd9g\xfea\xe6\r\xfe[\xc7RC\xf7\n', 
	16665: b'\xd4\xa7\xee\xe5,\xf4\xe0\xc8\xfa\xd5\xbe\xeb\x1dd', 
	28911: b'\x07\x17x\xba\x85\xbc\xa9^ec\xb32\x1c\x99', 
	15528: b'\xb8\x1f\xc4F\xf7\\\x01\x10P~~6K\x15', 
	3491: b'4^q\x02Z\xa2\xac\x1f\x11\xe0A\x98\x15R', 
	47211: b'\xb1\x93u`\xca\xc4L{]\xbd\xf5>$~', 
	708: b'\xca&\x83p\x9e\x174\xd1,B5H\x05K', 
	31140: b"\xdcd\x969\xbcsQ'\xee\xc5\x98dt\xd0", 
	2407: b'\xc5\xa3\xc3\x88O\x7f\xdf1\x19\x7f\x0ey\xb20', 
	37169: b'\x04\xe4\x11\xdc\xff\x05\x8b\x06\x19\x9b\x06\xf0\x1e\x96', 
	22373: b'Y\xc0e}\xb0\x17\xc7R\xd3w\xb5R\xae\xca', 
	1399: b"Wf\xad\xdc\x08'\x80\x18\xff0\x86\xe8\x88C", 
	64795: b'4\xb2\xb3#&\xf3nF<j\xd1\r\x82\xe0', 
	19515: b'\x19\xa2\xa9\xd3\x02\xd4w\xd1z\xdd\xeb\x83\xc5\x80', 
	11626: b'\xee\xe5<\x93#\x97:R\xb5\x98\x0f{\x1b ', 
	51080: b'\xe7H \xffX\xa6\xc1\xad\xca\x8a\x84\xfcx\x9b', 
	21363: b'\xa6E\x9f\xa2<2\x9c!H\xc3\x98\xfa\xa0\x98', 
	30522: b'`\xcdua\x1e\xf7 \x8d\xf1\xf1\x18\xb1\x98e', 
	40339: b'\xf6\xbe\xf1\xa0l\xc1\xf8\xf9[C\xecnB\x7f', 
	399: b'jd\xf2\xc0\xb5\xf7\xa7[\x982i.\x17\xcb', 
	38830: b'\x15\xc3&Aj\xfe\xd8\xce\r%\xcd7\xa0\x8c', 
	32666: b'\x91I\x04\x9ax\xa1\n\xd8\xa5H\x0e\xa0\\\xc0', 
	50411: b'\xd7\xad\x80\x848*`\x05Eb\xf9\x907"', 
	43664: b'\n\xfe^>,\xa8\x1d\xcd\xa7\xb73\xca]\xa4', 
	59735: b'\x9aO\x1b\xe2\x98\xe7\xa5K\xa0V:\xa4\xdb\x92', 
	21980: b'\x01\xbf\xf6\xc6\x07\xd97R\xc2\xe4r\xf2\x88\xe9', 
	39476: b'\xbc[\xe6\xee\x11\xcbFfN\xffd\x93/\x9e', 
	25869: b'QWm\xfe\xc9o\x9b\xd4\xe5e\x8c\xa6\x82\x14', 
	36230: b'\x9cb\t\xaf\xec\xea*QV\x828\xa0@&', 
	39359: b'\xa8R\xb9\xd9B\xed\x07\x1c\x1bF\x10m+\x06', 
	22530: b'\xef\xd1m\xb5A"r\xc9\xa0\xf4\x9bv\xc3-', 
	54450: b';x\xc9[\xa5hj\xf26#[/\xfb\xde', 
	4800: b'\xcaI\x8b$\xcdw\xd0\xa1om\x8d\x7f\xfd"', 
	27453: b'\xec\x0ey\xfe\xaam\x91q\x94<\xe5\xe6\xac\x18', 
	54967: b'P\xb4\xb5\xb4F\xf1\xca\xff\n1G\xf3\x14\x17', 
	57125: b'\n\xe3Q\xded7\rug\x87\x7f\xd8\x18T', 
	62036: b'\xe0\x9a\t9\xab`A\x8f\x92fZ\x8fZ\x83', 
	24069: b'\x04\xad\xa62\x85l7\x08\xa5\xfc\xca\xa09\x7f', 
	27510: b'\xb559\xfa\x00\x8f|\xfc\xfe\xdc\xacp\x87\x1a', 
	20392: b'\xb8\xae\x96\xad\x17\xddp\x9a\x18\xd8\xaa\xec3R', 
	59836: b'\x9e\xc6\x02\xabR\x01\xd9\xee\xde\x00\x0b\xce\x80S', 
	48921: b'"7\x86\x86\xeb\x0cX.\xe6\xb4\xc5\xda\'\x02', 
	39295: b"\x8f~\xd8\xb5\xb8\xddL\xb6_\xbf\xbf3'*", 
	858: b'\xda\xbb\xaf\x94\x91\xc0\xa6)\x1f^\xcf,UU', 
	23927: b'\xab\xee:\x84\x12\x07\xaa\x96\xbc\xca1\x05\xc5C', 
	43670: b'\x178\xd3\xb3g\xa7\x0b\xb5J\xf8\xa4\x01\x18F', 
	61220: b'E\xdc\x98\xb4\xd7#e\xf6\xb4\xd7s\nZ\xa0', 
	29424: b'A\xd2g\x0e\x812\xd9.\x01\xc0 v:\xdb', 
	31530: b'o\x19\xbc\x05!\xabg\xef\x8b\r\x90Y=\x07', 
	12409: b'JI\xf5\xdc\x9f8P\xff \xf6\xdc\xc7Hi', 
	10498: b'\xdd|"|\xa3\xbe\xdeJ\x1c\x81\x92P*N', 
	25592: b'\xb8\x8dA\xcba,\xc2\xf4o\x83\x9e\\\x9a\xdc', 
	50838: b'\xbc\x8d\x9b\xd4\x12\xe3 \x15)Pp\xa1\x03\x01', 
	14262: b'\xb5.h\xa0rZ\xc9Z\x9f\xc1o\xeb\x1d\x9d', 
	34509: b'\xb6"\x12\x07\'\xc1\xb4\xdb*$\xb9x\xb2A', 
	25790: b'\x10\n<\xd5\x19\xde~\x89\xc9\xd3=\x87\xf1.', 
	46157: b'JvXIU\xfb\x92#\x91\xff\x82\xfcw\xed', 
	37863: b'r[_\xccA\xd0X\x8e\xd4\x8btV\xab\xe9', 
	31871: b"\xd3\xeb\xb77]'\x82\xac\xdeC\xec \x08\x9a", 
	51051: b'\x1fk\xe3\x96&B0\x18a\x1dO\xe3*i', 
	46287: b'\xeb\x9aw\xb7\xd1\xdc\xd1A\xe8\xceR\x90YT', 
	3242: b'cF\xdf6\xcapR\xf8\x1c\xc5\x02Cb\xc6', 
	22602: b'Q\xa7\x0bh\xbb\x83\xe5q\xdd)\xbc2\x8aR', 
	21204: b'\\}fa$g\x87k\xbf\xbf\xa7:\xcd\xb5', 
	41700: b'\xc9\xc8!\x1b~\x8a\xf3$\xe1\xee\x98\x98\x94A', 
	64805: b'\x01\xf6\xdf\x9f\xf2\x9e\x1b:\x85\x06L?\xda\xad', 
	24214: b'\xfd\xf5\xc5\x96]k\x84g\xff7\xd4\xaf\xdcs', 
	3708: b'\xab\xd8\x02;\t\x92\xf2\x15\xd0\xd4\x12n\xd0{', 
	53901: b'\xb79\xa5m\xbb\x86\xcd\x98\xc4\x82\x1e\xcc\xf6\xdf', 
	63031: b'\xd0\x86\r\xef\x022\x15\x0b\x00Q\xd4Q\xbdF', 
	41249: b'\x97\x80r\xe1c\xd9\x97s\xbe\x1e\x1f\xfe\xc9\xe2', 
	42334: b'\xdcq\x9e4\xc7zG\xc1\x8e\xaf\x99\xcf\xd5\x17', 
	59692: b'}\xd82\x8d\x99t\x8c>Uqx\xed\xd2\xb9', 
	31691: b'\xd0\xd0\xa1g\x19\xcb9^\xfd\xe4\xa5\xd3\x1d\xe4', 
	13956: b'\xdf\xc3\x11\xe8\xb6\xf8\x1b5\\\xab\xfa\xe5p\x93', 
	19737: b'\xd6\x0fg\xcbS\x04\xc1h\x8f\x82UW\x82\xc0', 
	20490: b'\x00s\xf8\xedJ\xa8\x99b8>\xe7\x08lq', 
	5125: b'v\xf4~\x1d\xb4d\x9a\xda\x9f\x97\xc9\\\x14\xaf', 
	52713: b'\x93P\xe5\xafC\x88\xa8\xbb\x81\xb6\x82\xc5\xa1\x89', 
	22476: b'\xe6%\xc5\x12\x81\xe29)\xa6\xa6\xeb\xebn/', 
	46026: b'\xb3j\xb0C\xbdb!\x16\x8c\xdeA\xc2\x062', 
	37471: b'\x81O\xbb5\x14\xdd\xbd\x96\x1e\x92I*\xbe~', 
	10696: b'&\xb17\xd4\x15\xc66 \xff\xdc%\xa7\xbd\x84', 
	31398: b'1G:\xb6b\xc2k|\xdek\xbb\xb5k\xff', 
	31422: b'\xa7\xf9f\x89Z\xd2_\xc8O(P\xae=9', 
	54795: b'5\x02b\xf2`\xadN\xb9\xed7\xe4:,\xcc', 
	23380: b'\x9c\xd4\xea.\x16H\xb7Aa:\x05\xb8\xef!', 
	18044: b'`\n\x90\x05\x96I\xf3`\x0c\x19k\x0b\x80R', 
	23612: b'u\xeb}\xbf_\xcfTJ`\xda\xc27l\x18', 
	51583: b'S\xcc\x04\xdf\xb6\x8f9\x83[\xaa\xa3\x05\xf8K', 
	23066: b'\xd9;\xdb\xb8\x1e0J\xc5\xd2\x8d\xbf\xaa\x1c\x96', 
	48575: b'&S\xb6\x9e\x85\t\xf7\x93\x1cQ\xf0h}~', 
	52424: b'\x08S`n\xd1\x16\x17\x17\xfd\xd2\x16\xd7\\"', 
	41089: b'\xc1\x01\xdc9\x87\xb4j\xe7\xfe\x1a\xf7\xb8gG', 
	30961: b'\xed-$\x84\xdb(\xb0\x8bp\xa7\x86\x98F?', 
	17119: b'Nk>?\xd5\xf0\x0e>\xfb\xfb\x8c:\x1e\x8b', 
	38535: b'\xba\x02\xed\x7f"\x1eg\'\x03\x92\xbb\x1e\xc4F', 
	23994: b'\xa2\xa8\xf2\xf5\xd4&\xf2\x11W\xf1\xbb;\x0e\x18', 
	34211: b'\xc5\x10\xeeW\x91\xfb-\x11\xcb\xbd\xa9\x15\xb9m', 
	62276: b'\xcaD\x19\x17k\xbfqC\x88\xd6M\xbd\x01}', 
	13270: b'\xfaCn/\xf7\xc5\\\xe4n<>x:\x9f', 
	32440: b'\n|\xacM\x1f\xd4\x97\x8a\xdcpZ\x87\x06\xaa', 
	19033: b'\xc9^\xad\xdb@g\x98\x14dc2\xe2\xaa\xa3', 
	25972: b'\xfek;M1T\x01\xbd\xa5Z\x8a\xf0\xfd\x1b', 
	31027: b'\x8e\x97~\xdd\xcd!&\xa7K\xf4\xf7\x90:\xe2', 
	47728: b'*\xf8\xfc\x17\xa3`_\xca\xeb8\x87Xt\xea', 
	17459: b'\xaa\x07M@E\xb8\x8cL\x9c E\x1d\xd0 ', 
	27923: b'\xb15S\xbe\xeb\xb6\xf5|\xc2 g*\x97x', 
	51811: b'}\x81\xd1\xd8\x15\x92\x8aP\xe3jy\x0b:\xb8', 
	54386: b'\xfd\xdb\xf0\xa43\xf6\xb5\xda\xb0\xe8F*\xd7\x86', 
	31173: b'\xb4\xf3\xa6\xect\xbd\x02\xfa{\x92\xcaH\xf2[', 
	54408: b'\t\x08\xf3a\x00\xb8\xd8z\x89\xfa.<\xd0)', 
	57186: b'\x8b\xdf\xf8\xe3T\x08\xd0$0\xa5oS\xe8#', 
	35195: b'\x9a\x92j4\xf3\x13A\t\x81n\\%\xff\xa4', 
	22091: b'\x978$)%\x05\xe9\x81\xb8\xd0c\x82O\xba', 
	11314: b"t\xe2\xf3t.G\tU\x86-\x84\x0f\xfb'", 
	49417: b'\xfcr\xcfq\xf2\x9a\xcf\xaa\xbb\x0f\x91\xd7\xc3\xc3', 
	10449: b'~\xb9\xf5\xcf\x0cI\x98w\xd8WH\xc53+', 
	26842: b'o\x14g\xd7.7\x9bn#\xc0\x84\x1a\xf96', 
	11530: b'\xb5w\xaa(\x0b\x05\xd0\xd0e)d(\x9dH', 
	32708: b'E\xde\xb7r\x05\xc9\xa9S|a\x10\xc1G\xc9', 
	46498: b'\x88\xf7\n\x00\xfc\x8aI\xb8\xc8\x10\x80D\x1a\xb6', 
	60356: b'\xc7U}\x85\xed\xd1\xea\x8f\x14\xe3{F\xd2G', 
	41347: b'\xdb\xf6W\r&[\xf8\x93wS\x81\xc6[\xb0', 
	20936: b'\xdb\xa2\x0c\xa9$\n\xa4\xf3\xa5ds\xd7\x99\xdf', 
	17855: b'\xac\xbbsR\xbe\x0b0\xac^AC;y\xb0', 
	59202: b"\x9d\xec'\xa6\xec\xf6\x92\x9a\x7fT\xc1\xdf\xae\x85", 
	49119: b'\xc6\xe1\x03f\x95\x9a\t\xbf\x1ezrekM', 
	46353: b'\x89j\x01\xc2\xd1\n]\x18\xf3X\xc2\x0ey\xaa', 
	37072: b'\tW3j"G\xbbJ~\xbd\xf1\xdd\x12p', 
	16230: b'\x0e\xa3\xc1+a\x1bST\x87n}\xfe\xe8\xd7', 
	13863: b'X\xee\xac)-\xaaBeb6P\xda\xe2E', 
	39227: b'CCiV\xdfV\x04\xbb.\x82\x98\xc6\xe5\x8f', 
	22779: b'O\xb5\xc2\xfc\xc0\x86?+\xd4\x9f\xf3\xbf\x02\xaa', 
	16919: b'\x01lj\xda\xe6\xf1<\x0c\xac\xf1\xabq\xd4\xfb', 
	20612: b'\x933\xe5`1_!\xb0CTt\xad\xaca', 
	33056: b'\xb2\x19|pp\xa4A(c\xe9\xcc\xd5n\xc2', 
	65354: b'I\xb2\x03\xf5\xa2Z\x18=\x8fW\xceO\xe6\xf4', 
	25371: b'B\xb5\xbe\xc1jP\x8f^\xb8Y\xe2\xc2\xee\r', 
	53561: b'\xb9R:\xd1\x86\xa9\xa0=K\x96q$8\xde', 
	49692: b'\xd7\xf8%`\xa8`\xdf\x08vS\xcc\xcc\x05\x8f', 
	38023: b"\xe0P\xcf\xc1H?\xefP\xc4\xb4>'\xb3\xe0", 
	21545: b'\xa9\x19@6G\x05/O\x14\x0cZ?\xd0\xe6', 
	25955: b'\x15\xd5\x0f\xcc\x96\xbf\xca8h0\x05\xe7\xb3\x08', 
	63337: b'9\x8f=%\x96"\x06\xdd\xfd\'H)\xadV', 
	48867: b'\xbcy\xf2\xba}\xa0\xd5\xd8\x073\xf9\xf4w\x97', 
	8490: b'\x90;6XaN\xd9\xa4\x0b\x80$\x02\x8f\xf9', 
	41151: b'T\x1c6\xc98\xd8*\xc9\xbds\xc3m\xce\x84', 
	52515: b'\xca\x89\xe5\xeb\xa5\x17}Wx\xb6\xdc\xf2\xde\xc6', 
	22691: b'M\x12h\xe4z\xf9\x12^|r\xb29\x92y', 
	25471: b'\xb3)\xb7 %\xb7\xa6)\xc2fg C8', 
	4429: b'9&X\\\x9f.\xaa\xdf\xa7m4Un\x15', 
	34680: b'\x02\xea\xe8*\x83\x90d-\xc1\xb9#\x08\xe4!', 
	36075: b'\xd0\xdf)\xc0<\x8dq\xf7\xf4i\xa6\xd0\x07\xd8', 
	49666: b'Fran\x1e\x0b+\xc1\xcbNHDH\xb0', 
	6579: b'\x88d\xdd|\xa6[\xb4\t\x13\xe9SXT\x10', 
	50488: b'\nIDT\x93\x01\xafVC\xe4\x02\xcd\x07&', 
	57544: b'\xdfq\xdb\xcc\\=\xb7\x125&C\xd9\xdfp', 
	59510: b'Br\xb0\xe1\x16iM\xed:a\x8dL\xf8O', 
	54167: b'S\xca\xec\\\xb5\x11BxjZ\xce{\xda\xfa', 
	64716: b'\xac,\xcf\xca\xd9t!y\xf7\xc3\xd0\xa0\x98\x0f', 
	31679: b'|\x8c?\xf8\xdd+\xecv{m\x14\xad\xb7{', 
	42961: b'\x8a\xc0\xfds\xa5ue\xa8y\xdct\x98\x90S', 
	37061: b'D\xfc\x14\x91\x07\xad\xd2A\xed"\x04\x13\x04\x1e', 
	54262: b'~@I\xcb\x02\xe2\n\xf0t6\x0c\xd6^\xbc', 
	20524: b'\xfaRV\x14\x04\t\xf1\xe2\xcd\xb7~\x10\xe5{', 
	6309: b'w\xb1\x11\x16J!\x90\xeb\xe2\x19\xce\x8a)}', 
	26357: b'\x13}j\xcb\xf3\xa4\xa7\xdc\xbb\xe9\xef\x8b\xc4\x85', 
	60835: b'n\xf2qq;\xf4p\x81\xbekN\xe9S\xc0', 
	55716: b'\xf0GE\x98^\xdf\xa5\xa0\xfd\xc3\x8e\xa3\x0fq'}, service_uuids=['0000fff0-0000-1000-8000-00805f9b34fb'], tx_power=-127, rssi=-70), 'device': BLEDevice(E0:4E:7A:AF:5E:06, Pro BMS), 'connectable': True, 'time': 1402990.721581144, 'tx_power': None, 'raw': b'\x02\x01\x06\x1a\xffL\x00\x02\x15\x95\x85\x1d\xb5\x04\xb8\xea0\x11a\x13\xcc\xfb\xff\xc8\x172\x05\x86\x01\x80'}
2025-07-25 20:47:26.493 DEBUG (MainThread) [custom_components.bms_ble] Pro BMS: BMS data update
2025-07-25 20:47:26.493 DEBUG (MainThread) [custom_components.bms_ble.daly_bms::Pro BMS:5E06)] connecting BMS
2025-07-25 20:47:26.494 DEBUG (MainThread) [bleak_retry_connector] E0:4E:7A:AF:5E:06 - E0:4E:7A:AF:5E:06: Connection attempt: 1
2025-07-25 20:47:31.077 DEBUG (MainThread) [bleak_retry_connector] E0:4E:7A:AF:5E:06 - E0:4E:7A:AF:5E:06: Connected after 1 attempts
2025-07-25 20:47:31.078 INFO (MainThread) [custom_components.bms_ble.daly_bms::Pro BMS:5E06)] failed to initialize BMS connection (BleakError)
2025-07-25 20:47:31.078 DEBUG (MainThread) [custom_components.bms_ble.daly_bms::Pro BMS:5E06)] disconnecting BMS (True)
2025-07-25 20:47:31.103 DEBUG (MainThread) [custom_components.bms_ble.daly_bms::Pro BMS:5E06)] disconnected from BMS
2025-07-25 20:47:31.104 DEBUG (MainThread) [custom_components.bms_ble] Pro BMS: BMS communication failed, check signal strength (-83 dBm): esp32-s3-poe-01 [D8:3B:DA:9B:7D:62]: Pro BMS - E0:4E:7A:AF:5E:06: Characteristic 0000fff1-0000-1000-8000-00805f9b34fb does not have notify or indicate property set. (BleakError)
2025-07-25 20:47:31.104 DEBUG (MainThread) [custom_components.bms_ble] Finished fetching Pro BMS data in 4.611 seconds (success: False)
2025-07-25 20:47:31.105 DEBUG (MainThread) [custom_components.bms_ble] Shutting down BMS (Pro BMS)
2025-07-25 20:47:31.106 DEBUG (MainThread) [custom_components.bms_ble.daly_bms::Pro BMS:5E06)] disconnecting BMS (False)
2025-07-25 20:47:33.614 DEBUG (MainThread) [custom_components.bms_ble] Setup of <ConfigEntry entry_id=01K1235NF5CVTYH5VHB19CAXH2 version=1 domain=bms_ble title=Pro BMS state=ConfigEntryState.SETUP_IN_PROGRESS unique_id=E0:4E:7A:AF:5E:06>
2025-07-25 20:47:33.614 DEBUG (MainThread) [custom_components.bms_ble] Loading BMS plugin type: custom_components.bms_ble.plugins.daly_bms for device E0:4E:7A:AF:5E:06
2025-07-25 20:47:33.615 DEBUG (MainThread) [custom_components.bms_ble.daly_bms::Pro BMS:5E06)] initializing Daly Smart BMS, BT address: E0:4E:7A:AF:5E:06
2025-07-25 20:47:33.615 DEBUG (MainThread) [custom_components.bms_ble] Initializing coordinator for Pro BMS (E0:4E:7A:AF:5E:06) as Daly Smart BMS
2025-07-25 20:47:33.615 DEBUG (MainThread) [custom_components.bms_ble] Pro BMS: advertisement: {'name': 'Pro BMS', 'address': 'E0:4E:7A:AF:5E:06', 'rssi': -83, 'manufacturer_data': {
	76: b'\x02\x15\x95\x85\x1d\xb5\x04\xb8\xea0\x11a\x13\xcc\xfb\xff\xc8\x172\x05\x85\x01\x80', 
	27954: b'\x11Q.\x02$c\xa8*\xda\x0c\x7f2N\x18', 
	42686: b"\x13n<R\n\xab\x9c\xce\xd9\x1cQ\x1a'\x16", 
	44544: b'\\+\xdd \xf7\xc6\xec]W\x91\xa1\xd9 \xcf', 
	51545: b'\x91eR\x84\x10\xf8\xb8C\x8b>\x83^\xb2\xcd', 
	31694: b'"&5\xc5p\x8d=>d P\x0b\xfe\x94', 
	55879: b"\x84`\x92Gu\x1c\xc6\x1bd'\xed\xd3\t\xc2", 
	35780: b'$\xe7 \xe5q\xb5\x97\xcb\xdc8\x1a\xf1\x8b\xec', 
	58442: b'x\xbf\x0f\x13\x18\x01\xe9;m\x01\xd7\x01}\xea', 
	60261: b'\x0f\xd6\xf9_\xc1\x0e\xb1\x11UFK\xc0\xc1U', 
	49009: b'\x1d[\xc0\xe3\xca=\xab\x87\xf7:\xd0\xfa\x84\xc5', 
	52029: b'\xf5)Y\xf1@P\xa1\xab\xd7r\x1f;\xb8\xe0', 
	33942: b'p\x98\xf2\x18G\xddu\x01\xe0\xc4MZ\xa7e', 
	55566: b'x\xfbg\x9b$\xcd\xed\x9e\x8d\xcd\xf8p\xa8\xd1', 
	49561: b'\x86\xd9\xa7i\x92Dd\x0b\x8b\xbf\xaa?K|', 
	25269: b'wa\x05c\xba\xe4\x10\t\xd0Ke\xcb\xce\xac', 
	12378: b'W\x0c\xbd\xae\xc0\x06&\xb9\x01\xbaa#\xd2?', 
	44645: b'\x071-\xdf\x10\x8c=E=\x86\x84\xe97\xb5', 
	5644: b'Yr7\xd4?\xaf\x9d\xf9\xed\x93\x99\x8a\xb3\xd2', 
	47759: b'\x9eW\xf3E\x9a\x97X\xb3\xdd\xc6k-\xd4\x1e', 
	25912: b'm\x89\xec\xc6\n(\xe1K\xbb^2\xda\xbf3', 
	7244: b'\x9a\xf6\x1a#\x12\xf1\x9e\x7fSS\xe9J\x99\xb6', 
	28259: b'\xd3\xfc\x94\x8cD\\\x1a\x9fG\x93\x05\n\xbd\x16', 
	26027: b'\x1d\xc218\xaci\xf4D\x00B\x867=\x9f', 
	16168: b'\xe2Jj\x8c\xe1\x8d\xcc(0X=FY\xc9', 
	60935: b':d\x9d\x15bp\xb8\n\x9dUX]\xa2k', 
	19714: b"\x81[M\xb2\xc4'\x8btsI;1#\\", 
	57443: b'\xef\x88*\xc5\xd4?\x0c\xa2\x19\x92\xf8r\x98\xf6', 
	14052: b'\xe2\xd5\xd1hB\x7f$\xa2\x89[\x9c}\x07\x89', 
	44004: b'\x13\xb76|\x0c\x1a\xa1\x9bV+\xf7\x0bp\x9f', 
	19098: b'\x05h\x0c\xf2\x88\xd5\xd7\x98\xc83\xb1=\x04&', 
	21999: b'\x01\xfe\xc7%\xb5\xf9\xc9\x07Q0u\x06jd', 
	17136: b'x4\x92\tG\xd0\n\xd5a& \x9fP]', 
	17084: b'\xd9|\xf3\xb5\x8a\x9d\xf1R\xc4&\xfbW\xcf{', 
	6813: b'F\x13\xaa\xa2|0b\xc1+\xc9\x18\x8b\x16-', 
	47004: b'~\x01x\x06\xcf\xcc\x17\x8f\xa9g\xe8e\xd4]', 
	53240: b'])\xb7-\x8eJV\xf0\xdf\\o\r\xd8\x0f', 
	18873: b'\x1fN\x12.#\r\x07\xc3\xd6\xb0rv\xd7\x05', 
	22431: b'8\x1b`\x8b7\x172{\x10,\xc8\xaa|Q', 
	24074: b'Lp\x12\xb7\xdf\x13Z1\xdeo\xb5`Pn', 
	44932: b'\x90\xcb2Ck:\xe2G\xf5\x91\xcf\x07l^', 
	27071: b'wS\xc4AF7\xde\x98\xd7\xbbM?\x06\xf6', 
	22882: b'G\x8ac~nn\xe5\xd9\xe0v\rE\xeb\xef', 
	43571: b'"\x91\x06"\xe3\xe5\x01\xaa\x88\xce\xa23N\xee', 
	26972: b'h\x94\xec\xeb7C+\x00-\xcb\xc4_\xac\x87', 
	31035: b'$\xce\x13\xc8\xa3;J\x9ez\xb8W\xd1\x8f\x8e', 
	11592: b'/{\xd7Oj\xf2\xbd(\x92#+\xd6\x82\x1e', 
	2017: b'qL \xc9z\xf9?\xad&T\xe3\xd4\xc5;', 
	31166: b'\x0f\xab\xd7mC\x11\x97\xc5L\x80\x1a\xea\xfd\xa1', 
	53784: b'\xa6\xf3\xb3\x18r\xbd<\xf5PV\\\x9azq', 
	36784: b'H2s\x85\xd6\x0ct\xc2\x9b\xcf\x9b\xdc\xedo', 
	44725: b's\x1c\xedp\xe2d\xb6\x19\x13\xb7\xdc\x90T\xdf', 
	47396: b'*\xaa\xfbKT\x7f\x15w0\x98^\x9dG\x8d', 
	61617: b'\xad\xeb\x8aT\x7f\x1a\xfd\x9d\x03\x0eR\x91W)', 
	10143: b'\x0b\xa0\xe5\x1e\x08\xda\x1dS\xe3G\xf8\xdc\x86\xde', 
	33317: b'\xf1\xac$\xb3p\xa6\xbd\xaa\xafL\x96\xa9c\x14', 
	24069: b'\x04\xad\xa62\x85l7\x08\xa5\xfc\xca\xa09\x7f', 
	6903: b'\x08\xc6\xc0\xfb\x17<x\xced?\x944\xeaA', 
	18146: b"\xad\x18r\x85\xca(\xef\t\x17'!\xe8%\xbe", 
	51059: b'\xd2\x9dF^*!\x89\x93\xf8\xb64\xc0\x83\x8f', 
	17253: b'\x91T\x83\xd3\xc2\x9f\xad\x8c\x11h\xd6\xdf\xa1\x85', 
	30929: b'\x8d\xdb\x0b\x9c\x85\xf3\xde\x16\xe3\x12>\xab6\x87', 
	45386: b'\xe2\r\x04\x0e\x8b\x12\x871\xda\x18w\xc2K\xd8', 
	43982: b'\xb2k\x11Q\x049>4\xf92K\x89\xd7\x12', 
	19515: b'\x19\xa2\xa9\xd3\x02\xd4w\xd1z\xdd\xeb\x83\xc5\x80', 
	12558: b'\x8f\xb8\x07P9>F^mc\xe7t\xf7\x13', 
	49640: b'\xd9\x7f\xa7\xdf\x8f\x8e\x11\x7fG\xc0`\x14\xe8\xda', 
	43664: b'\n\xfe^>,\xa8\x1d\xcd\xa7\xb73\xca]\xa4', 
	41532: b'c\x07\x98@\x8b\x8c\x06\x88hK9\x01=\xa8', 
	14787: b'AEj\xc7\xd6^\xe3q\xe1[U9\xa6\xf5', 
	65439: b'\xfdr\xbf\x13\xfd\r\xc6\xc0\xe5\x87\x83\x8a}\xc3', 
	34639: b'\xed\xbbY6\xdb\xa6n\xce\x96 3\x1c\x93J', 
	12485: b'F\x85\xaf\xad\x01\x16\xc3\xa2\xee\xafS\xf5\xef\xbe', 
	51176: b'\x9f7\xaf\x03\xd7\x95\\"\x11]\x8c\xa6>v', 
	35639: b'F\x90nP4\xdc\xa1\xd1\x0e\x94\xd2\x05\x05r', 
	51963: b'\xbfeM\xd8\x05\xf7\x9b\xf0\x7f\xa1u224', 
	38161: b'\xe9\xee\x88S/\xef\xf08\xc7\x1c\xfa\x08\xe1A', 
	40840: b'Ze\x98\xcc\xbc\x7f\xb6\xb8\xe86{\xab \xe1', 
	29410: b'\\\x0co\xa8\xfe\xcd\xa4z\xdc{\xf8\xa7\xf88', 
	19557: b'\xbeK\xb1\xdb\xff[br\x19~B\xcas\xa8', 
	332: b'\xdd\xf1\xed\x0b<\x0c\x11D\xf1\x17\x14\xa7\xfa*', 
	41798: b'\xd4t\xc3?z]\x89\xe6\x1f7\xac\xd6\x96\xe5', 
	57198: b"p'\xff\xae\x9a\xa2\x98m\x87\x903zj\x0c", 
	6829: b'\xaa/l\xabi\xf0\xee\x93\xe1E\xc5\xb5m\xa2', 
	9036: b'\xc0"\x10w\xe9\xc7\xba\xa1]\t9O\xc0\x9f', 
	44702: b'$\xee\x856\xc8\x130U\xa1\x9b\xe2\x9e\xce\xb4', 
	39717: b'\x8b\xf0\xc5\xcb\xc7""y\x83\x1e%\x8f&7', 
	12071: b'>U\x0cN\xd5\xebE\x11\xfc\xd9\xe9\xaa!\x1f', 
	44724: b'\x0b\xad\xa1h\x8e\xbb\xe8\t\x8fq\xda\xe4e\xe3', 
	46907: b'\xb1\x92\x8a4\x95\xe08\x7f\xf7\xeb\xe7\\\xeb\xf6', 
	19122: b'T\xda#\xfe\xdb\xd727\xday+I\x84\x8e', 
	36066: b'\xf3D\x8ah\xf1\xf7,N\xce\x97\xf6\xa9\xea&', 
	28588: b'\xb8\xa0$Ex~\x8f\x92GU\x9c\xf5\x1ey', 
	36428: b'\xf7q\xfd\xb7-\x148\xa9\xd9\xb9\xf9R\xb8\x91', 
	58085: b'\xd5\xe4}\xb7\xfe\xf4\x93\xafO\x9b\xaf#fI', 
	52906: b' \x1b,z\x08\x9a\x13\xaeH;\xc6->t', 
	2097: b')\x01\x9e\x91EL\x16c\x13\x8b\x0c\x1f\x1c\xca', 
	23656: b'\x88\x1b\xf59G}\\}\x08 \xa1\xfa\xa7\x03', 
	8377: b'X\x81\x8c\xdd1p0i.?v\xb6\x7f.', 
	21438: b'[x\x1e\xaa3\xea,\x00\xfa\xfb\xae\x12\xa8!', 
	57125: b'\n\xe3Q\xded7\rug\x87\x7f\xd8\x18T', 
	47771: b"\x1f\xde.\xf9\xee'\xc2\x9a\x18w\xb07\xdd\x85", 
	5463: b'E\x04\xc9!\x0f(\x97\x7f\xd7[\x9c[\xe3\xd8', 
	18106: b'\r\xaa"\xb6]\x8b=2\xcc\xa8\xbc\xd2\xcd\x06', 
	7602: b'k\xd3\xce\x07\x1b\xbd\xdf\xda!9\xee\xcc\x1dl', 
	53098: b".L\xdf\xe1t\x9c0\x02\xda\xe7<'\xa1A", 
	37183: b'\x9c\xf4\x16\x03\xae"\x04\'\x83\xa8\xd4~\x01\xc1', 
	39869: b'x`\xd8}\x95\xda\xc0w"\x0c\x80\xcd\x15\xf6', 
	45225: b'S\xd0\xaco\x00\x9a\x12\xee\xb7"l\x11\x01A', 
	54505: b'\xf2\xfc>lA4^\xeb\x16]B\x0b\xe9\xff', 
	42571: b'\x1b\xc8.>\xc0\xe7\xcfL\x84\xfd\xd4\xe4Q\xe4', 
	49351: b'\xd3\xdb[\xb7\xd7\xa0\xeb\x03\r\xfb\xe1\xf5\xe6\xa7', 
	49732: b'\x9a\x03\xa2\xcc\xcf\x8e\xa8PW\x81#(v\xfa', 
	17593: b'\xd4_\xba\xc3A^\xd1\xf6\xf5ao\xbf\xca\xa2', 
	57777: b'\xed-\x85\xd8V<Oh+\x17\xda\xc6)C', 
	51978: b'"\xdbx\xd3\xe7\x14\x86\xc7\x0e\xa6\x15x\x80O', 
	20833: b'\x10\x8bV\x92)7\xea+X>\x9b+\xff\x10', 
	41889: b'5x\xd4\xb7\x04kG\x95\x0b\xdf\xce\xacl\xc0', 
	45468: b'pF\xe0\x08\r\xd87~\xf8\xc0m2P`', 
	25208: b'v\xcc\xb7\xf5\x86\xb6\xfd5|4\xf0\xa0\x0eG', 
	57250: b'_\xe9dx\x89\xde\xfc\xe7V_\xd97\xe8\xfc', 
	19053: b'?\x16W\xfc\x1b\xe2\x04\x7f\x9e\xa9R>u\xe8', 
	25016: b'l\xe6\x06\xd9\x8e"\xb3G\xda-\x1bu\n\xf7', 
	16026: b'\x99\x8e\x9e\x96o\xce\xe8%\x93\x90B\x83ys', 
	56772: b'*\xe0K-\x18Sa\xa2~\x80\x05\xdc?A', 
	9831: b'eUI\x92&\xcfQ\x0f\xf4N\x8c\x95w\x83', 
	50348: b'4e\xafr\x0b\xf5p\xd1\x8d\x83\xaa/\x9b\x8d', 
	36035: b't\xbb\xd1\xfc\x8a\x86\r,\x0c\xd4G\xf6\x99\x7f', 
	29849: b'\xdfZ\x0c\xffK\xbag\xbe_\xf0\xe3\x80\xb5\xb6', 
	55870: b'\xb6\xd2\x8f\x8d\xcd\xaa)iQ*\xd2\xaexu', 
	12409: b'JI\xf5\xdc\x9f8P\xff \xf6\xdc\xc7Hi', 
	48257: b'\x03BE\tf\x1b\x94\x8e\xb3\xb6\xbed\x96\x8a', 
	33387: b'\x14\xff\xd4\xd1\xdbB\xd5\'\xc1\xc8\xf5U\x13"', 
	26805: b'\x8b\x8c\xf2\x89\x0e\x8f\xa1U\xe0\x1d\xc9!\xaa\xae', 
	48528: b'\xb8\xd8\x98\x0b\xc6\x0e\xab\xe3\xc6\x9c4l\xda\x9f', 
	29357: b'B\x88\x86\xd1\x7f\n\xec\xfa\xe5\xee7\x98r\x98', 
	15200: b'\x00\x1d\x1bg\xaely\xf7\xf3[e@\xab\x82', 
	26294: b'v\xe2\xb1\xf1:6u\xcd\xf3\x19\xed\xa8\xc3\xdd', 
	2239: b'\xd1\xe2\xd6m\xec\x94\xacl\x94&\xa7\x84\x15\xeb', 
	22392: b'h\xf8\xe0\xbe;\x850i\x8cH\xdc\xfe\xbap', 
	36888: b'+\x84\x81\x8e\xaez?$\x07\xa6H*\xbf\x9c', 
	9301: b"\x82\x91\xdb4'\xe5\x7f\xf8a\x08\x02\x83\xb0\xc4", 
	65164: b"C$\xc5h\x97\xf1:W[v~'\xd3;", 
	56094: b'*\xeeH\xc8I\x9a\xf4\xbd\x1d\xdeE\xf50:', 
	63822: b'3\xc9C\xd2b\xb1@0I\xe8\x9ds\xaf\xc7', 
	10602: b'\xf1\x80\x8a_\\/JQ\x8c!\x93\x94l\xf5', 
	6486: b'\x9e\xf2\xac\xca\xe2k\xf2\x07\xc0F\x1b\x89\xf3\xbe', 
	29909: b'?U\xd0MND\x97\xdd\xe6\xef>\xb9\x8bS', 
	32282: b'N\xed\x9b\xa3V\x9aD\t[\x11\x0f\x1d\x1c\x12', 
	52362: b'\xe22\xed\xdd\xa6\x93L\xc1z\xee)-zw', 
	14423: b'8n\xa2x\xe5"s\xe0t\xc7\xc0\xec\x9b:', 
	46340: b'AZ\xb00:\x9c\xaf\xc2\x04^yh\xb1\x86', 
	17444: b'\xfc\xe8\xb6\xd4\xa9h\x8c-\xed\xe5\x06\xd0\x08d', 
	53688: b'\xfbx\x11\xe1\x04\xfd\x04\xd6\x80\xb2\x99\xc2MJ', 
	50958: b'\xf2J\x90\x1e-\x7f6+\x08\xe9\xcd1\xe0\x9a', 
	19424: b'\xc7~9\xfb\xfb\xa3\x01\xfd\x90 \xa1[8^', 
	4276: b']"9\xc7\xbc\x17\x8a-\xe2.iD\xdd\xf1', 
	11642: b'\x07u\xe5\xbf8\xf1\xc3\x07\xa3\x85\xd2\xd9C\x9e', 
	61757: b'/>\x8f\xc7\x82}\x16^\x93\xb0-5\xd2\xd2', 
	14770: b'g\x9e\xc3\xa1\x90\xc9`s\xdeB\x92\r~\xf2', 
	23407: b'8\x80\x92Jb\x11F\xa4\xa4\x9cA"\xd9N', 
	19955: b'G\xd8\xda\xd8\xbf\xe0\xa6q\x16\xcbELA\x84', 
	8848: b'O\xb7kb\xa4\xa8\xba<2S\x05a\xf7`', 
	20267: b'\xc5u|V\x19[$\xd9\xf6Nwk\xfd\x0c', 
	46757: b'\xdbC\xe7g\x95\xc4\r\x8f\xe5\xea0\x1e\xb1\xa1', 
	28683: b'\xd9\x01\xbd\x90\xde\xaa\xc5\xa7\xf4njw*\x18', 
	15223: b"'\xd1\xb2\x16\x80\xd1TVc!\x15\x8c\xee\xb4", 
	824: b'\xd9c\xeb\xb1\xffE\x87\\A\xb5\xd6\xbcn\xcc', 
	63828: b'\xe3LD\xb1#S\x02\xfc\\\xfb\xbaT1\x8a', 
	52804: b'\xe6\xeeD\xc7\xae\xfc\\\xa1Inxk(\xa9', 
	24290: b'\xe7\xc9\x07\t\xee\xcc3]z\xec:E\xea\x8f', 
	38769: b'\xbbG\x91j\x0f!n\x04\x9c\x10U\x9e\xf1\xcd', 
	59338: b'?\xb6\r\xe1\xedSv\xb2F*$\tV\n', 
	40170: b'c#\xba\xd4\xabmGb\xe6O\x7f\x8ci\x0e', 
	58829: b'\x97\xea\xf3\x19\x7f9vf"o\xd2\x85\xb3\xfa', 
	13760: b'\x03y\xc57\xd9#\xedT\xca7X\xac?\x91', 
	13215: b'\x92\xfe\x13\xfc\xdcsF\xa8/\xc2\xf9\x9dVe', 
	51854: b'\xf7&\x8a\x14_\xfcYK\xd6\xca~\x93\xbf\x08', 
	18223: b'&\xd3\x15\xd5\xc9\x9b\x1f\xee\x96~\tqT\x1b', 
	66: b'\x8d\xaf\xdd\t\x1a\xdcM\xd9t\x18\x17Q\xff\xb1', 
	34268: b'\xc7A\xb7D\x8a\x81o\xf5\x84\x15\xcbv\xe6\xb0', 
	10860: b'\xaa\xd7W\xfb`\x86\x06b\x1d_\x8cB\x98\xef', 
	25771: b'\x06<%\xd8\x81\xc1\xc0\xc9\x1a\xffg}p\x8a', 
	59561: b'4\xcb\xa3f\xde\xf1\x88\x90\x93\x1a\x02\x8a\x90\x11', 
	58528: b'\xa4\x8a\xf2:\x05\r\xbfQ}\xb4t\xa5mT', 
	8089: b'%y\x81\x01\x18zZ\n8X\xee\x87/!', 
	60843: b'}\xb19n\x0c\x9e\xdd\xb9\xaac\xd1\xe7\xb3\xec', 
	48379: b'\xa6Q\x8eS\xa8\xfb\xb53\x83\xac\xdb\xc8DU', 
	38666: b'\xe8\xc1\xb4\x17\xb3\x1cdHD\xde/\x84\xe4J', 
	31028: b'\xf8\xae0\x8e\xf1/\x0cN\tG\xbb\x836#', 
	31201: b'\x8a\x1c\xaf\\\xf2)~\x1d\x88\xa1\x0cW\x82T', 
	52619: b'\xac\x10p\xacJ\xc2(6?D\x87\x87\xe5\xee', 
	4406: b'\xee\xd2{\xdb\xac\xa9\x01\x8e\x16e\xd8/@\xa7', 
	40029: b'\xf5\x11\xf7e\xf5\xf4\xfbu\xe44\x93\xdf\xca\x1b', 
	22856: b'Kf\x11\xf2P\xc9\xf2}\xdf\xba<\x89d\xd1', 
	52565: b'F\xd7\xf8\x85\xad\x88\xadV-u:\x9e,\x9a', 
	45021: b'x\x81\xb0\xf4\xf1\xeb\xa00\xd1\x00h\x17v2', 
	61283: b'\x03\xb3\xb7\xfe\xd1N\xdc3+\xe6\xd6\xfa\x0f\x95', 
	1677: b';\xbf<M|\xe4\xdaZ\xa9~\x0c\x8e[\x80', 
	39147: b'\xc0\x8b\xb0\xbc\xeb\xf0\x9b\xe3W\t\x08\xbd\x8ab', 
	20624: b'FX\xd9w\xe3\xe00-a\xc6\xc0\xf5Sa', 
	47695: b'~{\xd3\xbb\xaaUw\xf9\xa4{\xa8!\x0b3', 
	54650: b'\xbf\xe6\x9b\xe3\xbbq-\x86}\xb4\x1f]\x0fp', 
	11299: b'\x18h\xecEv\xd4p\xe5\xb8\x83+\xaf/\x1b', 
	19150: b'\x1acD&^Sv=\xeb\xdcI2]\xb6', 
	2915: b'\xf4\x8d.\tf+c\xe4\xbb5\x01\xae\xd0\xf5', 
	38157: b'z8n8i!\x98\xae\x9a\x10\xf0\x9f%\x1f', 
	54202: b'\x88|\x8f\xfe\xef\x94\x0c\x85\r2*>uT', 
	13768: b'}(\xc2\x10\xd8\xa9\xbcv\x8c\x18\xdc~\xeb\xc0', 
	36485: b'\xe1\x83\xb6\xd7 \xb8\x06\x9e\xb1\x06\t\x0ex}', 
	61471: b'Q\xdc\x149\xa6$\xa7\xcb\xf0\x91C+\x08\x0b', 
	39537: b'\xc8;\x84xn\x83]\xa7\x1c\x9c\xb0s)>', 
	29823: b'B4\\\x90\x02\x17\xe0{h\xd9\x896<\x1d', 
	29274: b'\x8c\x00\x0b\x80\x14\x96\xec]q<\x8a\xf4-\xbc', 
	11769: b'n\xa6\xa5\xf2>tm\xd4\xdc\x01]\x826<', 
	60366: b'\xb9\x94C\xa2\x84\x9e\xd5\xdds\n#s\x8d\xc5', 
	24228: b'MJv\xcaQ\xdc\xfc\xc6j\x82\xa0G\xf3M', 
	1442: b'U\xeb\xbcT2\x18\xf6\x9e0"\x06\xd8kY', 
	64791: b'\xa1\x9b\xfc\x96C\xf6\xe6!\xe9\x9d\xdd\xe1\xf7\xa5', 
	49439: b'\x1e\xb3\x04\x90vyA\xf7p\x15cK@\xbc', 
	29472: b':\xd6\xdf\xa7c\xb1\x04\x8dk\xaf\xee\xe0\x11\xf5', 
	54235: b'\x92\x1b"M:`*\xa1\xdaG=\xc1\xba\xd7', 
	45769: b'\x14\x82\x04\x89$\xc3D{\xf6\xcc\x11\x92\xe2\xbe', 
	19950: b'u\xe1-\x1b?:xC\xadvP>a\x14', 
	17147: b'\tr\xfa`\xde\xeb1.\xb4\xe4\x86\x03\xe6\xbe', 
	50953: b'\x11\x1a\xe6\x17\xee\x9a\x17\xde\x95gxa\x19\x1a', 
	32174: b'\xaf-H\x9e\xac\xc31:O\x03\x97\x11\x17\x00', 
	48507: b'z\x1bD5n\x92\x86>\xd7\xa7\xcd\xfc\x8dv', 
	22098: b'\x127<\xa3\xc3\x10\xeeT\xbaR$\xdd\xd6\x8d', 
	29025: b'9M\x96Z\xff\xa0\xc6\xf4:\xb7u\x08\x9d\xd5', 
	4932: b'\xac\xacU\x82\xf3+w\xdc\xf6\xc3\xd1\xb6\x13>', 
	9675: b'\xc4\\\xa7l\xa5\x02\xb2\xecV\xe6\xcf\x16\xcd>', 
	57177: b'\xe4\xd0\x08PJ\xac\xd7\x0e\xb5\x00=\xe3^\xaa', 
	18856: b',\x1aQ9\xf7\xf7\xe6d"\xfb\x15F\xf32', 
	57595: b'\x8eK`\x87s\x07\xa69JP\xcf-\xd9\x13', 
	11215: b'\x0f\xbbf\x92-~\xee\xa30\xb9\xe2\xb5s9', 
	11946: b'%\xb7\xff\x1c\xe7\xb1\x97\xfb#\xa0P#\xf1\xb7', 
	8499: b'r\xbd\x8f\xf4%\xa4\xe2\x15i2\xa3\xa8z\x19', 
	131: b'\xae\xbd\x8f\xd2.a\x89\x87\xc7\\\xe0\x9b\xbe\x1a', 
	12037: b'\\\xcb\xb2\x83\x18\x93\xe0\xfbl\t\x00\xd9]`', 
	17653: b'\xe92\xbd\xc98{\xeaH\x16\xd7\xd5\xc8-E', 
	22060: b':\xbe\xe3\x8f\xbc\x8b\xbc\x8d\x05\xfc#\x1d`\xa0', 
	41689: b'Y\x87\xb1\xf1\xe5)\xb6\x04\x9f\x86\x18Gg\xcc', 
	770: b'"\x16\xe60\x12\xc3\x9f91B\n\x1dWu', 
	59946: b'Wz\xee\xff\xd0[.A\xff\xdf\xdb2f<', 
	3999: b'\xfa\xb1\x8cG\xd9\xd9DT\x9d\x9e\xf7\x06/\x91', 
	55411: b'\x0b\x0bj\xc3\xf3\x15\xf7\x86\xf6##b\t+', 
	60937: b'\xe7O:\xd2\xf2\xf9\x1fT\xd6\x8d`\xc5\x8cu', 
	20567: b'\x10\xc2\xb9\xcc\xa9h\xfeG\x7f5\x06+\xc7B', 
	13720: b'3\xba:\xf9\x19,t\xcd\xefK-\xef\x11Z', 
	7154: b'fWw\xce\xa9V\x0e\xedDV\x90y5\r', 
	16386: b'\xba\xb9\x16r\xda\x16q\xfe \xe62L\xc6U', 
	8743: b'D\xa8\x843\xb3\xb0\xa5\x93\xf0\xbf\x97\xc7\xad\t', 
	51626: b'\x81\x0b%y\x04\xcc\xaa\x91\xce\x95V\xc1\xb4\x10', 
	24536: b'd5\xaa;U)\xc9\x99\xd5\x7f[c\xd9%', 
	14318: b'\x00:\t\xe5uX\x8a4\xff\x91\x9a\xe3\xcar', 
	40243: b'\xac\x06\x16\x0e\xdd\xb5\x06\x98\xc5\xbc?\x97\x98\x88', 
	53127: b'\xc2\xe2\x8e\xa4\xf5\xdc|g\x1b\xe6\x12\x0f\x11\xb8', 
	25132: b'\xd2\xfe>\xad>\xb9\xec6T"\xc0\x1c@\xb5', 
	17668: b'\xf0\x8c\xe7\xda/\x82\xa3ME\x04\x1b\xf0<(', 
	13298: b'\x9d)kni\n.(6\x1a1_\xcaC', 
	59965: b'\xfb\xeb4\r)\x19\x1f3\xb5\x1d\x8f8\xc7(', 
	57973: b'O\x8e\xd1B\xf9w\x17\x8eGU\x0b\x8a\xfc\x1f', 
	28202: b'\xce\x94\xda\xec\xb2=-k\xe3\xf8Z\xf2\x1es', 
	48311: b'\xa1(\x15M\xd0\xba|\xb3\xa03"\xa9\xc4\xd6', 
	5086: b'# \xa6\x15\x97fj_\xd6\x94\xd5\xe0@D', 
	22644: b"'\x84\xeec\r\xb9\x83m\xa9\x17\xd5\xea<\xb2", 
	25544: b'\xa4\xa6\x99\xe6;\xfb\xbcY\x9a\xde\x88\xd6c/', 
	56758: b'1\xd1-B\xads\xac\xc2\x14X\x1a\xea\xc3 ', 
	57998: b'\xd5\xd6\xa5AU\xff!\x0e\xe2\t"\x0b\xc5\xef', 
	43636: b'\x18\xdf\xd5l!\xe2\xe7m\x9cP\x06\x13\xc2!', 
	34607: b'\x9d\xa3\x0b\x02\xee\xccOd*\xac$i\x05{', 
	28045: b'\xfa/\xa7\xac\x12\xa1\x1f|\x8bl\x91\xe7\n\xf9', 
	43250: b"\x188\xf5\xa7\xc6'U\xf0V\x01\xc7\x19\x9e\xab", 
	25952: b'\xe7\x07i\x80XR\r\xbdA\x19\xe9\xe6\x8a\xdd', 
	31033: b'\xe9\x81\x9a\xf4b\xcb\x0fu\xfd[$D7\xd1', 
	58791: b">\x12'2\x8a\x1c\xfc\xa0\xd2\x12\xa6\xb6#\xbd", 
	45940: b'\xf8-AW\x01\x95L\xfa\xdc\xe9\xf9\x9a\ry', 
	43398: b'+\x8d\xea\n\xe2\xf7ZI\xf9(\x9d\xf8\x82\xee', 
	35062: b'\x85Qv\x05\x8d\x1f\xab\\^&\xec\xe8\x97\xb2', 
	42634: b'5\x19\xb8\xfeo\xc2\xfb7/\x1aDO\xc6\xe0', 
	4622: b'\x99)\xa1\x14\xb4\xa4kz\xf1\xa4\x902.\x84', 
	55304: b'\xa4\xfc$\xb8ql\x18d!I\xd9\xdf!U', 
	13034: b'\xe3\xbe\x8b\x08\xf3\xff\xe8\xa1\xc2\x14w\x8a\xa4\x7f', 
	64917: b'\x88\xe0\x1axb\xfbl\xe1g<w\xf0f\x16', 
	52355: b'\x84Ey\xad\x8af\xb2^\x1b\xec\x9d\xd7\xb5\x10', 
	22375: b'\xcb\xde\xb1$\xf8\x9d\xdd\x0e\x06\xb0\xc4\xe4\xda\x02', 
	871: b'\xaaU\x85\x17\x88\x9c\x1cM\x1b\xdf\xbeP\xc4\xb5', 
	44682: b"f\x9c\xe5\x07\x84\x03l\xad']4D\xf5\x85", 
	49104: b'0\xeb\x8d\x9a\xf9\xcbLh\xd3\xc6\x15\xc7\xdb\x11', 
	64022: b'\xeb\xc8o\x9aL\xa2)\xaaOF\x1a\x0b)c', 
	554: b'\xefN\xda\xf9+\xfb\xaa\tu\x01\x98Hn\x85', 
	19704: b'\xc2\x98{\xf8%\xad@L\xb2\xf9<!\x97(', 
	64145: b'\xeb\x9d\xe6Z\xd2mQ(\x17\x98\x8b*\xe8V', 
	5270: b"Tp'M6F\x06\r\x91R\x99\x1d\x85\xb1", 
	42680: b'<\t\xe2z`\xa7\xb8)\t"\x1b\x05\xe8\x94', 
	60107: b'\x0b\x1b\nq\x07\xabO\x00\x92+\xd0\x8e3\x88', 
	52968: b'\x1du\xcb\xb9V\xa3\xe50\x90@&\x1a\xdea', 
	43847: b'\xae\xa1J6\xf6n.\xca;\xb0\x8f\xa8>\xde', 
	45403: b'\xd0\x98ii\x04\xd8//\xadu\xda\x87|\xcf', 
	27906: b'T\x17\xcf^\xdc\x9b\xdf\xccC\xceV\xc3\xaae', 
	49850: b'W\x0f\xee\xca%\xb7\x1d\xbe\xbe\xc1H\xc2\x08\xe6', 
	860: b'\xedH\xb8\x19V\x8d]\xe9\x17\x9c\x92\xc3>\x14', 
	37120: b'E\x86\x06z9\x1er\x80;\r9\x1d\xdb\xa5', 
	19906: b'\xd37bR`P\xe0\xd7\x87\xaa\xce>D\xe1', 
	49239: b'\xe9\xdd\x80\xd3i`\x91\x16\xee\x92\x9b\xac\xd1\x93', 
	64762: b'\xe5f\xb7\x87\xcf\xa7{>;X\xef\x82\x83\x98', 
	58470: b'\x8b\x1d:\x9c\xa9\xed_,I\xc32^\xb9\x12', 
	48619: b'\xf1\xab4\xfd\xbf\xae\x80\x8c\xe4T\xe7\xf6\xd8U', 
	52963: b'\xe9\x1b+\x08P$\xca\xbd\x97\xe1c\xff7\x80', 
	53869: b'\x07\r\xc7\xab\xdc\x16\x16\x99.+_\xb9\x91@', 
	18285: b'O\x7f\x8c\x97\xba\xea_y\x06Y\xf3V\x87f', 
	52037: b'[7Q\x98\x92\xdfj\x89\x97\xd8\xe0o\xc4B', 
	26109: b'\xeci\x000"\xeb\xc2\x8f\x7f\x8bX\xed\x88\xb9', 
	23770: b'B}\x00\xaeoo\xd4.S\xc3\xberIY', 
	51523: b'\xa5\xdf_\x847\xcc\x0b+u}\xf8\xe3N\x1b', 
	46999: b'"+5\x17E\xf6\x94\x8be\xcd\xbd\xac\xcc[', 
	59820: b'S\x15\xcb\xac\x9dd\x894\xa7Qg\xb6\xba\xb5', 
	63118: b'\x1c\xfcq4\xb82Y\xb2Ub8\x91Ny', 
	28015: b'\xad"!\xd3q\xd9B\xc4\x88q\xe8\x8b[\xad', 
	6343: b'\xb64\xcf\xf4\xaak9G \xd48\x81\xa4\xec', 
	32327: b"r#!\xcbZ\xfa\x04'J\xcd\xb0\x83\x83\xe9", 
	44120: b'\xd1K\x96\x9aW\xa8\x7f$\x9a\xda\xfa\xd1{6', 
	53668: b'\x9aM\xec\x03\x12\x92Bl\xef\xb9\xc4\x07\xd4,', 
	33151: b'\xa2J\xa63\x83\x03}\xb9\x88\xe7\xb0\x9a_\x84', 
	48357: b'_!\x84\x96K\xbe\xd48=\x1f<\xb6\x0b\xcf', 
	54629: b'\x88S\x1a\xee\xe2\xfa\x0b\xf7\xb4TV\xc1\x94\xde', 
	5958: b'!:\x1c\x8bP@\xbb\\\x8a\x0cl\xd3\x8e~', 
	12702: b'V\xee7\xce\xdc\xda\xd2\xb5\nWh\xc6\x18Y', 
	13103: b'A\x882h\xeb\r\xa2\x959g\xa3\t5\xc7', 
	644: b'\x80S\x13\xe6\x04m\xbaF\xde\xd4\xc7\x12\xd9T', 
	43914: b'I\xdb\xc5~n\x86.k\x8f\xf6\xa6\x06\x0fp', 
	31169: b'+\xbe\x9d\xe5\x08>\x18n8\xe6\xf9\xa5\x0ck', 
	47187: b'\xe39\x08A\rQ\xec[\xa7\t3\xfen\xb2', 
	24620: b'\x11MtS\xa4c\x01\xb1t\xc6\x8d\xf4\x18\xe7', 
	56706: b',\xc8\x80~7\x80\x9c\x98%\x8c\xca5!p', 
	31146: b'@\x08H\x8f\xd8K\xb2\xc9D6h\xdd\xaa\xd9', 
	5653: b'|\xe6\x1b\xcf\xce\xce\xd5\x16>p\xeac\x18\x0e', 
	49523: b'\xd7@\x18\xd7;\xb8\xeaC\x1b*+\xba\xf5\x08', 
	61810: b',\xcd\xb4\x7fBx\x80\xbe}s\x96\x0f#)', 
	59386: b'^xHS\x03B\x1da\xfa&\xb9\xad\x8f\xb4', 
	21361: b'KC@\x0f\xd4\x16d\xf9<\x9e5\x8a\xee\xfe', 
	26835: b'ba\xb1^5\xc2\xd8\xd2\xcb\xa9u\xebJe', 
	6283: b'\xb7\x8a\xc7\xf70\xdcqH\xacz\xf2\x9a4\x88', 
	35729: b'\x1c\r\xdd*\xed[9\xb8c\x9a\xfet\xe7g', 
	35065: b'\xb7\xba%\xa8\xd7\x02\xe10\xebJ\xe1L\xd2\xb8', 
	50671: b'\x88|[\xd7Wf\xac\xa6`:h\xeb\x08\xe3', 
	22554: b'\xd0\x81v\x1dd[LQ\x95\xfa\xaf\xae\x9d\x89', 
	2262: b'"\xdc\xfeZ^\xb2^\xc1\x90\xcd\xab\x07\x9a\xab', 
	34244: b"G\xe9\x15\xa91v\x971\xa5\xe5\xf3M\x8c'", 
	40997: b"0'\x99\xda|\xd5\xbc\x1d\xdd\xa3}9\xeb\x0c", 
	24452: b'\xcc\x00\xdf\xce\xaf\xae\x1eo\x8f\xf2C\xe4g\xb8', 
	17249: b'\xbc\xfc@\x88P~"\xd9\xf1S\xb4\xbc{b', 
	56345: b'IU+N\xf1\xde\x992u}\xa0\x87P\xa0', 
	11740: b'"Ed\xf7+zR\x1b\xaeT\xf3\xc9\x95\xb7', 
	27534: b'\xcc\xd5\xd5\xde\xbf\xb2\x8a\xac\xed\xfdd\xad\x81p', 
	28556: b'[K-3\x1d(4\xc9\x1e\xaf8\xef\x9e\x11', 
	62943: b'\x01\rFk\x1bb\xa0\x1a\x9f\x19-MS\x19', 
	25865: b'\xa0\xf2u\xe1o\xfa>UQY\x9ac\xbab', 
	43206: b'\xd8\x01/\xcd\x92\xad\xfaq\xda\x0bK\xce \xab', 
	43127: b'\x14\xcfJ\xd8\xe1\x0c\x92\xdd\x84\xbe\xb4\xf1\x13\xb3', 
	42792: b'/\xd7Wb\x84\x90\xf0\xa5q\xff\x00\xe1M\x8a', 
	1405: b'\xc3\xd4\x02\xfc>\xac\xf4\x84\x83\xa2\x813\xe9\n', 
	21531: b')\xfc\xe0\xa5\n\x12g\xd8\xb4\x84\xb5\x97w2', 
	56366: b"\xa1\xc9G\x9e'F\x02\xec\xc2.j+[\x99", 
	25349: b'\xd4\x14\x1f\xd1\xa47k\xa9\xe2?\xb0#\x03\xd2', 
	2672: b'\xa9\xf3u2\xcf\xe0\x17\xf4\xd9zjf\xb5\xf7', 
	17675: b'\x7f\xc6u@\xa8\xff\xec\xfe\xbf>\x86\xbcHN', 
	41188: b'\xc4\x00E\xd0\xc3=\x0b\xbf\xe2Xb\xe0\xf9.', 
	20546: b'\xb2\xbe"\xcb\xb3\xd6\x86\r\xc6E}\xd6\xf7<', 
	13717: b"U\xd1!\xd4'kD\xaf\r\t\x84\xce\x17t", 
	28502: b'\xdeAL\xfe\xcb\x0c\xa7\xc0\xc3@@4\xb0>', 
	50784: b'\x94/\xc8\xc6\x82\x7f\x85\x93\x1a;:\xd1\xc1\x85', 
	2919: b'\xc4c&Bs\xbd\x97\xeb\xb2<G\x92\xd3\x01', 
	60583: b'\xa1\xf1hOUs_d+\x04w\x05D%', 
	16665: b'\xd4\xa7\xee\xe5,\xf4\xe0\xc8\xfa\xd5\xbe\xeb\x1dd', 
	24952: b'\xba\xde\x90\xe0\xb1\x1e\xfa\xa0\xe4\xfdV\xe3\x87\xf1', 
	17412: b'\x1a\x8dUu.\xe0\ni\xda+VV\x88B', 
	54305: b'\t\x85\xccl\x1f\xf8\xf4\xea\x9e\xb2c\x0b\xa3\xc3', 
	20256: b'm\xe5P.\xb0\x14\xe4\xb1\xc6\xa63\x8e\x03\x16', 
	62195: b'\x87o\xfd+\x1b\x845Ec3C\x82S?', 
	47715: b'\xae&\xa9\x8a\x9f\xde\xae\xa6\xeb_b>;s', 
	60018: b')\xa7%\xac\x80\xbb\x7f\xd2`\xff\xe0b\xc8\xb9', 
	6319: b"\x93\x99\x1d9\xee\xf3\t\x97\xfc\xe1\x89\x16\xf8'", 
	5420: b'\x0f\x80\xeb\xb5\xb7\xd7}\xfcV\x95\x9e\xde3\xc8', 
	6123: b'\xf7F\x84\xb7h\xfb\xa0ya\xe0A\xaal\x07', 
	16520: b'\xcbS"\xae\xf4(IBW\xd1\x06)\xe6\xab', 
	23945: b'(\xe7\x0b\x8dG\xbd\x9e\x89KY\x83M \xbb', 
	52043: b'\x83\xdc\xf18VgA\xc9!\x0f\x1a\x86S\xa5', 
	29843: b'N?\x92\xb1].\x83~\xce\x8a\x15\x1c\x04y', 
	42478: b'\x90l\xf4\xb5\x86p\xc5\xd1\xbe6\x03XD\x05', 
	34314: b'1\xf6q\xc5\xe8\xd9\xcb\r&\xb1\x8b:\x82_', 
	30384: b'0(\x02Tss\xc0\xe8\x03\xa9\x9d\xa9L\r', 
	17223: b'\x0b\xf5\x1ee\xb9\x1a5 \x8f=\x9b)\xbeF', 
	27453: b'\xec\x0ey\xfe\xaam\x91q\x94<\xe5\xe6\xac\x18', 
	28949: b"\x8b/h\xb8\xb2\xbe\x92\xb8'\\(=w\xbc", 
	11184: b'\xbeo\xf1\xd4\x05g\x9f\n\xabI\xf3a\x19a', 
	64795: b'4\xb2\xb3#&\xf3nF<j\xd1\r\x82\xe0', 
	48471: b'\x02t\xbb\x8e\xecy\x93o\xc8\xe3\xdf;\xef]', 
	35913: b'\xdd\xba\xd7\xfa\x8e\xbc\xb9\xa5\x9c\x89\x11\xcd\xb9\xdd', 
	50878: b'/\xa2\xbb\xa1\x80\xf0hW3f*\x06\xaf\xee', 
	37544: b'{N\xc2P^\xc4~\xe4\x1b\x11\x8a\x97\xb7\x96', 
	36230: b'\x9cb\t\xaf\xec\xea*QV\x828\xa0@&', 
	44417: b'\xc9\x04\xe57R\xe2\x7f\xbe\x1e]\xbf\x95dg', 
	50411: b'\xd7\xad\x80\x848*`\x05Eb\xf9\x907"', 
	65127: b'\xbe9\xde\xf9\x8e\xac\x07\xcb\xbc\xd9\xa8\x98Z1', 
	62819: b'\xb7\x88\x9b\xfc+\xe0\xf5E\xb67\xda\xd5|\xc3', 
	35080: b"\xc4\xd1>\xce\x8d\x12>I\xea\xc5*'\xbd\xb6", 
	15558: b'\xcc\xd9g\xfea\xe6\r\xfe[\xc7RC\xf7\n', 
	21462: b'\x07\xafv\x13\x0b\xe9\xa6L\x82\xe4\xd8\xba\xba(', 
	46868: b' \xa7{\x067\x8c\xd5m\x9a\x80d\xef\x90\x05', 
	56281: b'\x81\xb3\xc8\xb2\xf4\x91}@\x87C\x1dl\xd6,', 
	6452: b'\xf6\x03?)\xe02\x82Y\xaf\x1a\xfcG\x95z', 
	33903: b'w\x1a\xbb\xa2l\xb7\xea{\xed\x1f\x97\x94m\xa8', 
	23653: b'\xa3\xfb`-^\xf5\x03\x1a\xd3\xe5\xd6\x9b\x12\xa7', 
	50532: b'2\xf70V\xaf\xff\xba~_\xaf\xd5\xba\xbe-', 
	57129: b"\x1ek\xa5\xa9\x9d\r\x96\xf5\xf9'\xb6X1\xfc", 
	23928: b'\xf4\xf6\x10\x11\xa9f\x079\xca\x00i\xa2\x8cP', 
	27689: b'\x07\xcf\xe2\x87o\x96\xed\xcc\xde\x05\xdf\x86+0', 
	22913: b' \x94\xa1-\xcc\xd1.\xe3\xf5\xc0*\xab\xe6e', 
	22143: b"\xa3\xa7\xb16!\x19\xe6\xe8'\x03\x07[\x8e\xe3", 
	19812: b'\x1c\xe7A\xd8\xe9q\xb3&D`\x99\x0e\x90\xd4', 
	21439: b'\xac9"2c\xd633\xdf\xd7e\xf8\xf0T', 
	18563: b'\x91|\x8ad9L\x84\x18t\xc3\xc5\x96\xf9d', 
	14656: b'\x16\xa1\x9e.f\xc4}\xef\xcenp\x8c\x90\x02', 
	21117: b' =\x92s\x02\xa5\xc6\xc6\x98\x96M\x19\x97\x84', 
	52697: b'\xc8]\xcf\x1e`\xf1\x17\xea\xda\xa7\xfd\xc65\xdc', 
	24834: b'$\xfe\xc0\x89F1\xbc\x1a\xc1\r\x1b\r\x99n', 
	37676: b'\x86\xca\x18\xc0\xf9\x89\xcf`\x85\x7fQ6\xbc\x06', 
	59409: b'\xfa"\xad0\xc9\xef$\xdb\x0bUk\n\xc0\xb2', 
	42799: b'2%\x1a`K2E0\n\xfb\xf4\x08\x969', 
	27387: b'\x1d\x1d\xf3\xffuMc\xbbT:b\x91\xc5\x0b', 
	15041: b'\x02\xc5\x8b\xe21\xd5&\xf6AG\x1f\x81\xdf\x02', 
	47260: b'NhPc\xae\xeaF\xf5\x8aB%\x17\xc4\xd7', 
	47833: b'\x88\x8c*\xb2\xc8\xf5\xc4\x9f)l\xb4\xa7\xe6\xfb', 
	40978: b'N&\x04\xcb\x17F\x1fP\xa1\xc0\x91%\xb8\xba', 
	19001: b'\x94&\x96\xcb\xa8\x90&\xd7\xa1\xe9\x07\x01<\xc4', 
	5036: b'}\xf4\x0c\x16=+Bvb01\x97\xbaF', 
	36295: b'\x9d\xd3\xc22\xd7\xdd\x9e\n\xb3,uI\xf7]', 
	22859: b'\xcb\xf2\xd9\xc5fo\xa9\xf3m\x80\x98\xde\xe6\xd0', 
	22728: b'\x07\x1c\xc4l1\xd4\x81\xd2r\xb9\x8a\xd8\xbaJ', 
	57079: b'\xc9W\x8d\x94\xa2\xdb\x8a\x80y\x1c+\xd48\x13', 
	24585: b'\xc7\xf7\xda]\x02k\xbd\xf9\xf3\xafO_\x1a:', 
	25834: b'\xc8#\xc2L<\x1f\x82\xa0\x9aFMX\x9d\x92', 
	262: b'Rl+\x86\xf0\x19\xf5\xbc\x10f\xfeJ\xf0\x84', 
	44124: b'\xb8\xdd\x99> p"\x18f$\xfaC#&', 
	18115: b'{A~V\xbd"\x03\x82L\xbb\x02\x13\n\xe4', 
	57394: b'\xd5\xdf}}38)\x10]K}\r\xbf\xb9', 
	21560: b'\x9f0\xb62\xba\x19\xa3\xfe\xe7\xb6\x8e\xf5\x13\x9d', 
	31196: b'\xfc}\xac\x94\xc7\xf4\xd8\x87\x0f\xda\xa1\xff\xd4\x00', 
	17381: b'\xc3\xc1.\x89\xe2AB\x05\x9dMD\xd2AT', 
	46671: b'g\xeb\xaf`\x83b\xd6K\x90j\x0eg(u', 
	29660: b'\xa7\x07\xcb?U_\xe7\xbd\xf8\xc0\xa6\xf7\xe0\x13', 
	11397: b'eK\xbd\xb8\x9c\xb1\xcd\xb9[\xfd\xe3\xcc\xb2\x96', 
	57683: b'\xc0\xb3TL\x90\xebD?\xb9I\x19\xe5\x85 ', 
	62108: b'_\xf6\xba\xbd\x94\xb4\xaa!\xb9\xb5\xa9\xbf\xa7\xbd', 
	25367: b'F\xc8\xf0G\xe9\xd6?\x9e\xb8C\xc5\xf2\xe5\xe7', 
	21363: b'\xa6E\x9f\xa2<2\x9c!H\xc3\x98\xfa\xa0\x98', 
	54971: b'\x8a\xddL\x08\xf6\x84\xc4\x95\xec\n\xe9h\x85\x9f', 
	14132: b'\x9b\x1e\x1e\x9a\xe4\x97\xf19\x0cc7\x18\xc7*', 
	51959: b')\x8c\xef\x02\xda\x1d-\x08\xbc\x809z\xa54', 
	30406: b'\xce\xcfu\x1d`\xe8\x12\x90\x15E\x849\x00\xc6', 
	13148: b'L\xce\x86\xb3\xc37\xd8\xe8\xab\x85\xa9k@v', 
	36437: b'bE\xde\x9c\x99\x98\xdc`\xb9(\x9fE\x95\xa3', 
	32957: b'\x9f\x06\x97jv\x9cX\xdf\xfet\xa0\xd4&F', 
	37626: b'\x9dZQ\xfd\xa8\xb2\x9eu\xf4\r\xfd\x1e\xdac', 
	47413: b"&\r(4\t\xde\xd5'\x07\xc1\xb1\x9d\xdb\xe5", 
	60804: b'~\xae\xb54\x13\x8b\x9c!\x95\x87;\xec\x15c', 
	46314: b'\x92(\xf7\x94\x1a\xf0\xa7\xa6\xb0a!\x7f\xe5O', 
	39391: b'\xe0{#\xcd\xd9#\xbb\x93\xa0a0e\x1dF', 
	52845: b'~\x96z\x1c7\xac=n\x96\xdfG\xe4\xef%', 
	708: b'\xca&\x83p\x9e\x174\xd1,B5H\x05K', 
	31140: b"\xdcd\x969\xbcsQ'\xee\xc5\x98dt\xd0", 
	2407: b'\xc5\xa3\xc3\x88O\x7f\xdf1\x19\x7f\x0ey\xb20', 
	43793: b'7,\xd9\xdfE\xeay\x19\xdf\n\xd4D\xa6\xdd', 
	2571: b'9\x89\xd4\x1e3\xb8/\xd7!v\xce\xfa\xdam', 
	51080: b'\xe7H \xffX\xa6\xc1\xad\xca\x8a\x84\xfcx\x9b', 
	30522: b'`\xcdua\x1e\xf7 \x8d\xf1\xf1\x18\xb1\x98e', 
	62022: b'\xf3W\xe2%`\x0c\x02\x9d\x86\xbf\x8a)\xadf', 
	38830: b'\x15\xc3&Aj\xfe\xd8\xce\r%\xcd7\xa0\x8c', 
	22187: b'\x9d\xf0_#\x85*g4D\xb3\xf3\x1bJ\xf8', 
	9685: b'\xf8Y\xd1j\xd8~\x81\xeex\x9f\xdc\x1aTg', 
	63884: b"K\xff)\xc8NP'\xec&\x97Gn\xb6k", 
	21465: b'#K\x86\x08\xde\x8f\xef\xee\xe3o\xef\xc1B\xfb', 
	33419: b'<\xca\xeaj\xebg\xba\xea\xb7\x11\x84\xee\xba\x0f', 
	50062: b'\x93\x97 \xbd\xb9n~\x16\xa5\n\xbd\x90^\x0c', 
	6348: b'2w\xe8[!B1\x18\xea\x83\xf2\x86\xa6s', 
	47145: b'W\xf3lA\x10\xab\xbc\xde!\x07\xb9R\xfbA', 
	59735: b'\x9aO\x1b\xe2\x98\xe7\xa5K\xa0V:\xa4\xdb\x92', 
	10008: b'\xfdT\x12\xee\x19\x07\xack6\xd5\xfc\xb8/\xf2', 
	39476: b'\xbc[\xe6\xee\x11\xcbFfN\xffd\x93/\x9e', 
	20515: b':SR\xcc\x05\x07\xf7\x12\x0c\xc3\xe8\x12\xaa\x18', 
	54450: b';x\xc9[\xa5hj\xf26#[/\xfb\xde', 
	61220: b'E\xdc\x98\xb4\xd7#e\xf6\xb4\xd7s\nZ\xa0', 
	4800: b'\xcaI\x8b$\xcdw\xd0\xa1om\x8d\x7f\xfd"', 
	21980: b'\x01\xbf\xf6\xc6\x07\xd97R\xc2\xe4r\xf2\x88\xe9', 
	31517: b'\xde\x85\xc5\x13\x08\xbb\xd4\xf8\tv-m4\x98', 
	54967: b'P\xb4\xb5\xb4F\xf1\xca\xff\n1G\xf3\x14\x17', 
	32525: b'A\x9a\xe5\x11\xcbJ\x16\x04\xaa\x804\xae\xe1\x95', 
	27309: b'\x85\x93|\x02\xa0\x0cJ\xc9\xdf\xe2,QA+', 
	27510: b'\xb559\xfa\x00\x8f|\xfc\xfe\xdc\xacp\x87\x1a', 
	17119: b'Nk>?\xd5\xf0\x0e>\xfb\xfb\x8c:\x1e\x8b', 
	48921: b'"7\x86\x86\xeb\x0cX.\xe6\xb4\xc5\xda\'\x02', 
	39295: b"\x8f~\xd8\xb5\xb8\xddL\xb6_\xbf\xbf3'*", 
	858: b'\xda\xbb\xaf\x94\x91\xc0\xa6)\x1f^\xcf,UU', 
	60714: b'\x9e\xb4<\xfes\x96\xc1\x9e\x97)K\xcb?0', 
	31530: b'o\x19\xbc\x05!\xabg\xef\x8b\r\x90Y=\x07', 
	47914: b'R\x7f\t\xd9?]\\u\xda\xeaH\xa5\x0ci', 
	52717: b'\xeezjO\xcdC\x89\x9a\x03z\xa0\xe1\xa9\x10', 
	46739: b'\xa3S\x0c\xf2Nh9\xf3r\nn\xb8\x8c}', 
	53935: b'\xa9\xec-;\x88y\x0b\xad\x9f\\;\xb0\x9d(', 
	56284: b'\xb8\x8e\xb6\xed/\x97c\xc5\x8c\xe6\xf8[5\xeb', 
	5125: b'v\xf4~\x1d\xb4d\x9a\xda\x9f\x97\xc9\\\x14\xaf', 
	39239: b'YDG99q\x0c~\xb6\xe0\x8a\xa9\x1a\x03', 
	14262: b'\xb5.h\xa0rZ\xc9Z\x9f\xc1o\xeb\x1d\x9d', 
	11314: b"t\xe2\xf3t.G\tU\x86-\x84\x0f\xfb'", 
	35287: b'\xee\x03\x04\xa4\xaa\xd6\xb6a\x88\x84\xa7\xdc\xcbc', 
	34509: b'\xb6"\x12\x07\'\xc1\xb4\xdb*$\xb9x\xb2A', 
	46157: b'JvXIU\xfb\x92#\x91\xff\x82\xfcw\xed', 
	37863: b'r[_\xccA\xd0X\x8e\xd4\x8btV\xab\xe9', 
	52424: b'\x08S`n\xd1\x16\x17\x17\xfd\xd2\x16\xd7\\"', 
	46287: b'\xeb\x9aw\xb7\xd1\xdc\xd1A\xe8\xceR\x90YT', 
	3242: b'cF\xdf6\xcapR\xf8\x1c\xc5\x02Cb\xc6', 
	18044: b'`\n\x90\x05\x96I\xf3`\x0c\x19k\x0b\x80R', 
	28211: b'\xd8\xb6\xe5\x9e\xef\xf9;T\xa7ly\xe1y_', 
	24214: b'\xfd\xf5\xc5\x96]k\x84g\xff7\xd4\xaf\xdcs', 
	15582: b'\xc5X\xbb9W\xa5\xe9\x81\xef\x00\xfdl\xbfb', 
	53901: b'\xb79\xa5m\xbb\x86\xcd\x98\xc4\x82\x1e\xcc\xf6\xdf', 
	3708: b'\xab\xd8\x02;\t\x92\xf2\x15\xd0\xd4\x12n\xd0{', 
	63031: b'\xd0\x86\r\xef\x022\x15\x0b\x00Q\xd4Q\xbdF', 
	42334: b'\xdcq\x9e4\xc7zG\xc1\x8e\xaf\x99\xcf\xd5\x17', 
	59692: b'}\xd82\x8d\x99t\x8c>Uqx\xed\xd2\xb9', 
	10696: b'&\xb17\xd4\x15\xc66 \xff\xdc%\xa7\xbd\x84', 
	31691: b'\xd0\xd0\xa1g\x19\xcb9^\xfd\xe4\xa5\xd3\x1d\xe4', 
	57186: b'\x8b\xdf\xf8\xe3T\x08\xd0$0\xa5oS\xe8#', 
	19737: b'\xd6\x0fg\xcbS\x04\xc1h\x8f\x82UW\x82\xc0', 
	52713: b'\x93P\xe5\xafC\x88\xa8\xbb\x81\xb6\x82\xc5\xa1\x89', 
	54481: b'R\xfa-\xe2\x9a}\x90\xc8\x1b7s`\x84;', 
	22476: b'\xe6%\xc5\x12\x81\xe29)\xa6\xa6\xeb\xebn/', 
	46026: b'\xb3j\xb0C\xbdb!\x16\x8c\xdeA\xc2\x062', 
	37471: b'\x81O\xbb5\x14\xdd\xbd\x96\x1e\x92I*\xbe~', 
	64805: b'\x01\xf6\xdf\x9f\xf2\x9e\x1b:\x85\x06L?\xda\xad', 
	41249: b'\x97\x80r\xe1c\xd9\x97s\xbe\x1e\x1f\xfe\xc9\xe2', 
	13956: b'\xdf\xc3\x11\xe8\xb6\xf8\x1b5\\\xab\xfa\xe5p\x93', 
	41089: b'\xc1\x01\xdc9\x87\xb4j\xe7\xfe\x1a\xf7\xb8gG', 
	19033: b'\xc9^\xad\xdb@g\x98\x14dc2\xe2\xaa\xa3', 
	35195: b'\x9a\x92j4\xf3\x13A\t\x81n\\%\xff\xa4', 
	54795: b'5\x02b\xf2`\xadN\xb9\xed7\xe4:,\xcc', 
	54386: b'\xfd\xdb\xf0\xa43\xf6\xb5\xda\xb0\xe8F*\xd7\x86', 
	58222: b'\xd1\xd09\xdd\xd1\x82_\xed\xd1\xf1o\xc4\x88\xee', 
	38535: b'\xba\x02\xed\x7f"\x1eg\'\x03\x92\xbb\x1e\xc4F', 
	23380: b'\x9c\xd4\xea.\x16H\xb7Aa:\x05\xb8\xef!', 
	34211: b'\xc5\x10\xeeW\x91\xfb-\x11\xcb\xbd\xa9\x15\xb9m', 
	51583: b'S\xcc\x04\xdf\xb6\x8f9\x83[\xaa\xa3\x05\xf8K', 
	31398: b'1G:\xb6b\xc2k|\xdek\xbb\xb5k\xff', 
	31871: b"\xd3\xeb\xb77]'\x82\xac\xdeC\xec \x08\x9a", 
	48017: b'\x19\xc9\x16 Z\x96RAR\x9a\xc4\xa5\x12\xf0', 
	32708: b'E\xde\xb7r\x05\xc9\xa9S|a\x10\xc1G\xc9', 
	33269: b'\x9c$\r=\x0e\x00\x11@J\x9eE\xb1 \xda', 
	23994: b'\xa2\xa8\xf2\xf5\xd4&\xf2\x11W\xf1\xbb;\x0e\x18', 
	62276: b'\xcaD\x19\x17k\xbfqC\x88\xd6M\xbd\x01}', 
	25790: b'\x10\n<\xd5\x19\xde~\x89\xc9\xd3=\x87\xf1.', 
	22834: b'\xcf\x96X\xa3\xdct\x0c\xc5\xe7\x10kO\xb0\x9c', 
	22602: b'Q\xa7\x0bh\xbb\x83\xe5q\xdd)\xbc2\x8aR', 
	12070: b'\x9eu\xb5\xde\x8f>\x89/\x8f\xfb\x7fo\x12\xca', 
	43285: b"D\xfbEh\xdb\x7f\xb3\n\xc9\n~\xb9'\n", 
	47728: b'*\xf8\xfc\x17\xa3`_\xca\xeb8\x87Xt\xea', 
	32440: b'\n|\xacM\x1f\xd4\x97\x8a\xdcpZ\x87\x06\xaa', 
	49417: b'\xfcr\xcfq\xf2\x9a\xcf\xaa\xbb\x0f\x91\xd7\xc3\xc3', 
	31193: b'\xf0\xdd\xf5\x195qa\xfbE\x19\xa4\x7f\xbc\xea', 
	26611: b"\xc8/\xc7'\xe5V\x82*\xf2X[\xe2\xefD", 
	17459: b'\xaa\x07M@E\xb8\x8cL\x9c E\x1d\xd0 ', 
	50679: b'\xb3\xff\xcc>JQ\x8d\xe2=\xda\xd5X\x94\x07', 
	27923: b'\xb15S\xbe\xeb\xb6\xf5|\xc2 g*\x97x', 
	31173: b'\xb4\xf3\xa6\xect\xbd\x02\xfa{\x92\xcaH\xf2[', 
	57841: b'\x14\xe6\xb5tG\x12\xd2 \xc7\x1dVu\x87s', 
	10498: b'\xdd|"|\xa3\xbe\xdeJ\x1c\x81\x92P*N', 
	52732: b'\xa5H\xee\xd5&\xa3\xe2\xc74\xf6\xdd\xd7\x815', 
	25972: b'\xfek;M1T\x01\xbd\xa5Z\x8a\xf0\xfd\x1b', 
	39503: b'\xdd\x16g`){\x82s\x05\xa3\xa0%\xd0k', 
	13270: b'\xfaCn/\xf7\xc5\\\xe4n<>x:\x9f', 
	21204: b'\\}fa$g\x87k\xbf\xbf\xa7:\xcd\xb5', 
	50838: b'\xbc\x8d\x9b\xd4\x12\xe3 \x15)Pp\xa1\x03\x01', 
	10449: b'~\xb9\xf5\xcf\x0cI\x98w\xd8WH\xc53+', 
	51811: b'}\x81\xd1\xd8\x15\x92\x8aP\xe3jy\x0b:\xb8', 
	46498: b'\x88\xf7\n\x00\xfc\x8aI\xb8\xc8\x10\x80D\x1a\xb6', 
	17855: b'\xac\xbbsR\xbe\x0b0\xac^AC;y\xb0', 
	59202: b"\x9d\xec'\xa6\xec\xf6\x92\x9a\x7fT\xc1\xdf\xae\x85", 
	11530: b'\xb5w\xaa(\x0b\x05\xd0\xd0e)d(\x9dH', 
	65374: b'l\xa3\x87\xa0v\xa9\x99\x8eJ\x15\xd6s\x9f\xe5', 
	46496: b'\xf5=bl\xd5\xb5\x08\xe1\xdd]\xbf$\x9d\xfb', 
	31422: b'\xa7\xf9f\x89Z\xd2_\xc8O(P\xae=9', 
	33056: b'\xb2\x19|pp\xa4A(c\xe9\xcc\xd5n\xc2', 
	37072: b'\tW3j"G\xbbJ~\xbd\xf1\xdd\x12p', 
	26842: b'o\x14g\xd7.7\x9bn#\xc0\x84\x1a\xf96', 
	41347: b'\xdb\xf6W\r&[\xf8\x93wS\x81\xc6[\xb0', 
	16230: b'\x0e\xa3\xc1+a\x1bST\x87n}\xfe\xe8\xd7', 
	46353: b'\x89j\x01\xc2\xd1\n]\x18\xf3X\xc2\x0ey\xaa', 
	13863: b'X\xee\xac)-\xaaBeb6P\xda\xe2E', 
	29424: b'A\xd2g\x0e\x812\xd9.\x01\xc0 v:\xdb', 
	39227: b'CCiV\xdfV\x04\xbb.\x82\x98\xc6\xe5\x8f', 
	20936: b'\xdb\xa2\x0c\xa9$\n\xa4\xf3\xa5ds\xd7\x99\xdf', 
	54102: b'Qeu\x17\x13\x9a<\x13\x98\x11\x86\xdc\x0e\x8e', 
	60218: b'u\xe7r\xfdv\x90<\xfem\xa1M!]\xb1', 
	49692: b'\xd7\xf8%`\xa8`\xdf\x08vS\xcc\xcc\x05\x8f', 
	38023: b"\xe0P\xcf\xc1H?\xefP\xc4\xb4>'\xb3\xe0", 
	63337: b'9\x8f=%\x96"\x06\xdd\xfd\'H)\xadV', 
	25955: b'\x15\xd5\x0f\xcc\x96\xbf\xca8h0\x05\xe7\xb3\x08', 
	21545: b'\xa9\x19@6G\x05/O\x14\x0cZ?\xd0\xe6', 
	41151: b'T\x1c6\xc98\xd8*\xc9\xbds\xc3m\xce\x84', 
	25371: b'B\xb5\xbe\xc1jP\x8f^\xb8Y\xe2\xc2\xee\r', 
	48867: b'\xbcy\xf2\xba}\xa0\xd5\xd8\x073\xf9\xf4w\x97', 
	49666: b'Fran\x1e\x0b+\xc1\xcbNHDH\xb0', 
	52515: b'\xca\x89\xe5\xeb\xa5\x17}Wx\xb6\xdc\xf2\xde\xc6', 
	25471: b'\xb3)\xb7 %\xb7\xa6)\xc2fg C8', 
	54262: b'~@I\xcb\x02\xe2\n\xf0t6\x0c\xd6^\xbc', 
	8490: b'\x90;6XaN\xd9\xa4\x0b\x80$\x02\x8f\xf9', 
	64716: b'\xac,\xcf\xca\xd9t!y\xf7\xc3\xd0\xa0\x98\x0f', 
	4429: b'9&X\\\x9f.\xaa\xdf\xa7m4Un\x15', 
	50488: b'\nIDT\x93\x01\xafVC\xe4\x02\xcd\x07&', 
	6309: b'w\xb1\x11\x16J!\x90\xeb\xe2\x19\xce\x8a)}', 
	6579: b'\x88d\xdd|\xa6[\xb4\t\x13\xe9SXT\x10', 
	22691: b'M\x12h\xe4z\xf9\x12^|r\xb29\x92y', 
	59510: b'Br\xb0\xe1\x16iM\xed:a\x8dL\xf8O', 
	31679: b'|\x8c?\xf8\xdd+\xecv{m\x14\xad\xb7{', 
	42961: b'\x8a\xc0\xfds\xa5ue\xa8y\xdct\x98\x90S', 
	37061: b'D\xfc\x14\x91\x07\xad\xd2A\xed"\x04\x13\x04\x1e', 
	36075: b'\xd0\xdf)\xc0<\x8dq\xf7\xf4i\xa6\xd0\x07\xd8', 
	65354: b'I\xb2\x03\xf5\xa2Z\x18=\x8fW\xceO\xe6\xf4', 
	20524: b'\xfaRV\x14\x04\t\xf1\xe2\xcd\xb7~\x10\xe5{', 
	54657: b'@W"Z\x9f|\xf8Z{\x91\x8dy\x86\xa8', 
	57544: b'\xdfq\xdb\xcc\\=\xb7\x125&C\xd9\xdfp', 
	34680: b'\x02\xea\xe8*\x83\x90d-\xc1\xb9#\x08\xe4!', 
	51149: b'\xc8\x0f)\x7fq\x83\xf3q\xebe\xa1jfX', 
	26357: b'\x13}j\xcb\xf3\xa4\xa7\xdc\xbb\xe9\xef\x8b\xc4\x85', 
	31662: b'\xb3\xbf\x88\x84)\x93f\xd4\xfc>\xd2\x0b/g'}, 'service_data': {}, 'service_uuids': ['0000fff0-0000-1000-8000-00805f9b34fb'], 'source': 'FC:B4:67:67:F9:12', 'advertisement': AdvertisementData(local_name='Pro BMS', manufacturer_data={
	76: b'\x02\x15\x95\x85\x1d\xb5\x04\xb8\xea0\x11a\x13\xcc\xfb\xff\xc8\x172\x05\x85\x01\x80', 
	27954: b'\x11Q.\x02$c\xa8*\xda\x0c\x7f2N\x18', 
	42686: b"\x13n<R\n\xab\x9c\xce\xd9\x1cQ\x1a'\x16", 
	44544: b'\\+\xdd \xf7\xc6\xec]W\x91\xa1\xd9 \xcf', 
	51545: b'\x91eR\x84\x10\xf8\xb8C\x8b>\x83^\xb2\xcd', 
	31694: b'"&5\xc5p\x8d=>d P\x0b\xfe\x94', 
	55879: b"\x84`\x92Gu\x1c\xc6\x1bd'\xed\xd3\t\xc2", 
	35780: b'$\xe7 \xe5q\xb5\x97\xcb\xdc8\x1a\xf1\x8b\xec', 
	58442: b'x\xbf\x0f\x13\x18\x01\xe9;m\x01\xd7\x01}\xea', 
	60261: b'\x0f\xd6\xf9_\xc1\x0e\xb1\x11UFK\xc0\xc1U', 
	49009: b'\x1d[\xc0\xe3\xca=\xab\x87\xf7:\xd0\xfa\x84\xc5', 
	52029: b'\xf5)Y\xf1@P\xa1\xab\xd7r\x1f;\xb8\xe0', 
	33942: b'p\x98\xf2\x18G\xddu\x01\xe0\xc4MZ\xa7e', 
	55566: b'x\xfbg\x9b$\xcd\xed\x9e\x8d\xcd\xf8p\xa8\xd1', 
	49561: b'\x86\xd9\xa7i\x92Dd\x0b\x8b\xbf\xaa?K|', 
	25269: b'wa\x05c\xba\xe4\x10\t\xd0Ke\xcb\xce\xac', 
	12378: b'W\x0c\xbd\xae\xc0\x06&\xb9\x01\xbaa#\xd2?', 
	44645: b'\x071-\xdf\x10\x8c=E=\x86\x84\xe97\xb5', 
	5644: b'Yr7\xd4?\xaf\x9d\xf9\xed\x93\x99\x8a\xb3\xd2', 
	47759: b'\x9eW\xf3E\x9a\x97X\xb3\xdd\xc6k-\xd4\x1e', 
	25912: b'm\x89\xec\xc6\n(\xe1K\xbb^2\xda\xbf3', 
	7244: b'\x9a\xf6\x1a#\x12\xf1\x9e\x7fSS\xe9J\x99\xb6', 
	28259: b'\xd3\xfc\x94\x8cD\\\x1a\x9fG\x93\x05\n\xbd\x16', 
	26027: b'\x1d\xc218\xaci\xf4D\x00B\x867=\x9f', 
	16168: b'\xe2Jj\x8c\xe1\x8d\xcc(0X=FY\xc9', 
	60935: b':d\x9d\x15bp\xb8\n\x9dUX]\xa2k', 
	19714: b"\x81[M\xb2\xc4'\x8btsI;1#\\", 
	57443: b'\xef\x88*\xc5\xd4?\x0c\xa2\x19\x92\xf8r\x98\xf6', 
	14052: b'\xe2\xd5\xd1hB\x7f$\xa2\x89[\x9c}\x07\x89', 
	44004: b'\x13\xb76|\x0c\x1a\xa1\x9bV+\xf7\x0bp\x9f', 
	19098: b'\x05h\x0c\xf2\x88\xd5\xd7\x98\xc83\xb1=\x04&', 
	21999: b'\x01\xfe\xc7%\xb5\xf9\xc9\x07Q0u\x06jd', 
	17136: b'x4\x92\tG\xd0\n\xd5a& \x9fP]', 
	17084: b'\xd9|\xf3\xb5\x8a\x9d\xf1R\xc4&\xfbW\xcf{', 
	6813: b'F\x13\xaa\xa2|0b\xc1+\xc9\x18\x8b\x16-', 
	47004: b'~\x01x\x06\xcf\xcc\x17\x8f\xa9g\xe8e\xd4]', 
	53240: b'])\xb7-\x8eJV\xf0\xdf\\o\r\xd8\x0f', 
	18873: b'\x1fN\x12.#\r\x07\xc3\xd6\xb0rv\xd7\x05', 
	22431: b'8\x1b`\x8b7\x172{\x10,\xc8\xaa|Q', 
	24074: b'Lp\x12\xb7\xdf\x13Z1\xdeo\xb5`Pn', 
	44932: b'\x90\xcb2Ck:\xe2G\xf5\x91\xcf\x07l^', 
	27071: b'wS\xc4AF7\xde\x98\xd7\xbbM?\x06\xf6', 
	22882: b'G\x8ac~nn\xe5\xd9\xe0v\rE\xeb\xef', 
	43571: b'"\x91\x06"\xe3\xe5\x01\xaa\x88\xce\xa23N\xee', 
	26972: b'h\x94\xec\xeb7C+\x00-\xcb\xc4_\xac\x87', 
	31035: b'$\xce\x13\xc8\xa3;J\x9ez\xb8W\xd1\x8f\x8e', 
	11592: b'/{\xd7Oj\xf2\xbd(\x92#+\xd6\x82\x1e', 
	2017: b'qL \xc9z\xf9?\xad&T\xe3\xd4\xc5;', 
	31166: b'\x0f\xab\xd7mC\x11\x97\xc5L\x80\x1a\xea\xfd\xa1', 
	53784: b'\xa6\xf3\xb3\x18r\xbd<\xf5PV\\\x9azq', 
	36784: b'H2s\x85\xd6\x0ct\xc2\x9b\xcf\x9b\xdc\xedo', 
	44725: b's\x1c\xedp\xe2d\xb6\x19\x13\xb7\xdc\x90T\xdf', 
	47396: b'*\xaa\xfbKT\x7f\x15w0\x98^\x9dG\x8d', 
	61617: b'\xad\xeb\x8aT\x7f\x1a\xfd\x9d\x03\x0eR\x91W)', 
	10143: b'\x0b\xa0\xe5\x1e\x08\xda\x1dS\xe3G\xf8\xdc\x86\xde', 
	33317: b'\xf1\xac$\xb3p\xa6\xbd\xaa\xafL\x96\xa9c\x14', 
	24069: b'\x04\xad\xa62\x85l7\x08\xa5\xfc\xca\xa09\x7f', 
	6903: b'\x08\xc6\xc0\xfb\x17<x\xced?\x944\xeaA', 
	18146: b"\xad\x18r\x85\xca(\xef\t\x17'!\xe8%\xbe", 
	51059: b'\xd2\x9dF^*!\x89\x93\xf8\xb64\xc0\x83\x8f', 
	17253: b'\x91T\x83\xd3\xc2\x9f\xad\x8c\x11h\xd6\xdf\xa1\x85', 
	30929: b'\x8d\xdb\x0b\x9c\x85\xf3\xde\x16\xe3\x12>\xab6\x87', 
	45386: b'\xe2\r\x04\x0e\x8b\x12\x871\xda\x18w\xc2K\xd8', 
	43982: b'\xb2k\x11Q\x049>4\xf92K\x89\xd7\x12', 
	19515: b'\x19\xa2\xa9\xd3\x02\xd4w\xd1z\xdd\xeb\x83\xc5\x80', 
	12558: b'\x8f\xb8\x07P9>F^mc\xe7t\xf7\x13', 
	49640: b'\xd9\x7f\xa7\xdf\x8f\x8e\x11\x7fG\xc0`\x14\xe8\xda', 
	43664: b'\n\xfe^>,\xa8\x1d\xcd\xa7\xb73\xca]\xa4', 
	41532: b'c\x07\x98@\x8b\x8c\x06\x88hK9\x01=\xa8', 
	14787: b'AEj\xc7\xd6^\xe3q\xe1[U9\xa6\xf5', 
	65439: b'\xfdr\xbf\x13\xfd\r\xc6\xc0\xe5\x87\x83\x8a}\xc3', 
	34639: b'\xed\xbbY6\xdb\xa6n\xce\x96 3\x1c\x93J', 
	12485: b'F\x85\xaf\xad\x01\x16\xc3\xa2\xee\xafS\xf5\xef\xbe', 
	51176: b'\x9f7\xaf\x03\xd7\x95\\"\x11]\x8c\xa6>v', 
	35639: b'F\x90nP4\xdc\xa1\xd1\x0e\x94\xd2\x05\x05r', 
	51963: b'\xbfeM\xd8\x05\xf7\x9b\xf0\x7f\xa1u224', 
	38161: b'\xe9\xee\x88S/\xef\xf08\xc7\x1c\xfa\x08\xe1A', 
	40840: b'Ze\x98\xcc\xbc\x7f\xb6\xb8\xe86{\xab \xe1', 
	29410: b'\\\x0co\xa8\xfe\xcd\xa4z\xdc{\xf8\xa7\xf88', 
	19557: b'\xbeK\xb1\xdb\xff[br\x19~B\xcas\xa8', 
	332: b'\xdd\xf1\xed\x0b<\x0c\x11D\xf1\x17\x14\xa7\xfa*', 
	41798: b'\xd4t\xc3?z]\x89\xe6\x1f7\xac\xd6\x96\xe5', 
	57198: b"p'\xff\xae\x9a\xa2\x98m\x87\x903zj\x0c", 
	6829: b'\xaa/l\xabi\xf0\xee\x93\xe1E\xc5\xb5m\xa2', 
	9036: b'\xc0"\x10w\xe9\xc7\xba\xa1]\t9O\xc0\x9f', 
	44702: b'$\xee\x856\xc8\x130U\xa1\x9b\xe2\x9e\xce\xb4', 
	39717: b'\x8b\xf0\xc5\xcb\xc7""y\x83\x1e%\x8f&7', 
	12071: b'>U\x0cN\xd5\xebE\x11\xfc\xd9\xe9\xaa!\x1f', 
	44724: b'\x0b\xad\xa1h\x8e\xbb\xe8\t\x8fq\xda\xe4e\xe3', 
	46907: b'\xb1\x92\x8a4\x95\xe08\x7f\xf7\xeb\xe7\\\xeb\xf6', 
	19122: b'T\xda#\xfe\xdb\xd727\xday+I\x84\x8e', 
	36066: b'\xf3D\x8ah\xf1\xf7,N\xce\x97\xf6\xa9\xea&', 
	28588: b'\xb8\xa0$Ex~\x8f\x92GU\x9c\xf5\x1ey', 
	36428: b'\xf7q\xfd\xb7-\x148\xa9\xd9\xb9\xf9R\xb8\x91', 
	58085: b'\xd5\xe4}\xb7\xfe\xf4\x93\xafO\x9b\xaf#fI', 
	52906: b' \x1b,z\x08\x9a\x13\xaeH;\xc6->t', 
	2097: b')\x01\x9e\x91EL\x16c\x13\x8b\x0c\x1f\x1c\xca', 
	23656: b'\x88\x1b\xf59G}\\}\x08 \xa1\xfa\xa7\x03', 
	8377: b'X\x81\x8c\xdd1p0i.?v\xb6\x7f.', 
	21438: b'[x\x1e\xaa3\xea,\x00\xfa\xfb\xae\x12\xa8!', 
	57125: b'\n\xe3Q\xded7\rug\x87\x7f\xd8\x18T', 
	47771: b"\x1f\xde.\xf9\xee'\xc2\x9a\x18w\xb07\xdd\x85", 
	5463: b'E\x04\xc9!\x0f(\x97\x7f\xd7[\x9c[\xe3\xd8', 
	18106: b'\r\xaa"\xb6]\x8b=2\xcc\xa8\xbc\xd2\xcd\x06', 
	7602: b'k\xd3\xce\x07\x1b\xbd\xdf\xda!9\xee\xcc\x1dl', 
	53098: b".L\xdf\xe1t\x9c0\x02\xda\xe7<'\xa1A", 
	37183: b'\x9c\xf4\x16\x03\xae"\x04\'\x83\xa8\xd4~\x01\xc1', 
	39869: b'x`\xd8}\x95\xda\xc0w"\x0c\x80\xcd\x15\xf6', 
	45225: b'S\xd0\xaco\x00\x9a\x12\xee\xb7"l\x11\x01A', 
	54505: b'\xf2\xfc>lA4^\xeb\x16]B\x0b\xe9\xff', 
	42571: b'\x1b\xc8.>\xc0\xe7\xcfL\x84\xfd\xd4\xe4Q\xe4', 
	49351: b'\xd3\xdb[\xb7\xd7\xa0\xeb\x03\r\xfb\xe1\xf5\xe6\xa7', 
	49732: b'\x9a\x03\xa2\xcc\xcf\x8e\xa8PW\x81#(v\xfa', 
	17593: b'\xd4_\xba\xc3A^\xd1\xf6\xf5ao\xbf\xca\xa2', 
	57777: b'\xed-\x85\xd8V<Oh+\x17\xda\xc6)C', 
	51978: b'"\xdbx\xd3\xe7\x14\x86\xc7\x0e\xa6\x15x\x80O', 
	20833: b'\x10\x8bV\x92)7\xea+X>\x9b+\xff\x10', 
	41889: b'5x\xd4\xb7\x04kG\x95\x0b\xdf\xce\xacl\xc0', 
	45468: b'pF\xe0\x08\r\xd87~\xf8\xc0m2P`', 
	25208: b'v\xcc\xb7\xf5\x86\xb6\xfd5|4\xf0\xa0\x0eG', 
	57250: b'_\xe9dx\x89\xde\xfc\xe7V_\xd97\xe8\xfc', 
	19053: b'?\x16W\xfc\x1b\xe2\x04\x7f\x9e\xa9R>u\xe8', 
	25016: b'l\xe6\x06\xd9\x8e"\xb3G\xda-\x1bu\n\xf7', 
	16026: b'\x99\x8e\x9e\x96o\xce\xe8%\x93\x90B\x83ys', 
	56772: b'*\xe0K-\x18Sa\xa2~\x80\x05\xdc?A', 
	9831: b'eUI\x92&\xcfQ\x0f\xf4N\x8c\x95w\x83', 
	50348: b'4e\xafr\x0b\xf5p\xd1\x8d\x83\xaa/\x9b\x8d', 
	36035: b't\xbb\xd1\xfc\x8a\x86\r,\x0c\xd4G\xf6\x99\x7f', 
	29849: b'\xdfZ\x0c\xffK\xbag\xbe_\xf0\xe3\x80\xb5\xb6', 
	55870: b'\xb6\xd2\x8f\x8d\xcd\xaa)iQ*\xd2\xaexu', 
	12409: b'JI\xf5\xdc\x9f8P\xff \xf6\xdc\xc7Hi', 
	48257: b'\x03BE\tf\x1b\x94\x8e\xb3\xb6\xbed\x96\x8a', 
	33387: b'\x14\xff\xd4\xd1\xdbB\xd5\'\xc1\xc8\xf5U\x13"', 
	26805: b'\x8b\x8c\xf2\x89\x0e\x8f\xa1U\xe0\x1d\xc9!\xaa\xae', 
	48528: b'\xb8\xd8\x98\x0b\xc6\x0e\xab\xe3\xc6\x9c4l\xda\x9f', 
	29357: b'B\x88\x86\xd1\x7f\n\xec\xfa\xe5\xee7\x98r\x98', 
	15200: b'\x00\x1d\x1bg\xaely\xf7\xf3[e@\xab\x82', 
	26294: b'v\xe2\xb1\xf1:6u\xcd\xf3\x19\xed\xa8\xc3\xdd', 
	2239: b'\xd1\xe2\xd6m\xec\x94\xacl\x94&\xa7\x84\x15\xeb', 
	22392: b'h\xf8\xe0\xbe;\x850i\x8cH\xdc\xfe\xbap', 
	36888: b'+\x84\x81\x8e\xaez?$\x07\xa6H*\xbf\x9c', 
	9301: b"\x82\x91\xdb4'\xe5\x7f\xf8a\x08\x02\x83\xb0\xc4", 
	65164: b"C$\xc5h\x97\xf1:W[v~'\xd3;", 
	56094: b'*\xeeH\xc8I\x9a\xf4\xbd\x1d\xdeE\xf50:', 
	63822: b'3\xc9C\xd2b\xb1@0I\xe8\x9ds\xaf\xc7', 
	10602: b'\xf1\x80\x8a_\\/JQ\x8c!\x93\x94l\xf5', 
	6486: b'\x9e\xf2\xac\xca\xe2k\xf2\x07\xc0F\x1b\x89\xf3\xbe', 
	29909: b'?U\xd0MND\x97\xdd\xe6\xef>\xb9\x8bS', 
	32282: b'N\xed\x9b\xa3V\x9aD\t[\x11\x0f\x1d\x1c\x12', 
	52362: b'\xe22\xed\xdd\xa6\x93L\xc1z\xee)-zw', 
	14423: b'8n\xa2x\xe5"s\xe0t\xc7\xc0\xec\x9b:', 
	46340: b'AZ\xb00:\x9c\xaf\xc2\x04^yh\xb1\x86', 
	17444: b'\xfc\xe8\xb6\xd4\xa9h\x8c-\xed\xe5\x06\xd0\x08d', 
	53688: b'\xfbx\x11\xe1\x04\xfd\x04\xd6\x80\xb2\x99\xc2MJ', 
	50958: b'\xf2J\x90\x1e-\x7f6+\x08\xe9\xcd1\xe0\x9a', 
	19424: b'\xc7~9\xfb\xfb\xa3\x01\xfd\x90 \xa1[8^', 
	4276: b']"9\xc7\xbc\x17\x8a-\xe2.iD\xdd\xf1', 
	11642: b'\x07u\xe5\xbf8\xf1\xc3\x07\xa3\x85\xd2\xd9C\x9e', 
	61757: b'/>\x8f\xc7\x82}\x16^\x93\xb0-5\xd2\xd2', 
	14770: b'g\x9e\xc3\xa1\x90\xc9`s\xdeB\x92\r~\xf2', 
	23407: b'8\x80\x92Jb\x11F\xa4\xa4\x9cA"\xd9N', 
	19955: b'G\xd8\xda\xd8\xbf\xe0\xa6q\x16\xcbELA\x84', 
	8848: b'O\xb7kb\xa4\xa8\xba<2S\x05a\xf7`', 
	20267: b'\xc5u|V\x19[$\xd9\xf6Nwk\xfd\x0c', 
	46757: b'\xdbC\xe7g\x95\xc4\r\x8f\xe5\xea0\x1e\xb1\xa1', 
	28683: b'\xd9\x01\xbd\x90\xde\xaa\xc5\xa7\xf4njw*\x18', 
	15223: b"'\xd1\xb2\x16\x80\xd1TVc!\x15\x8c\xee\xb4", 
	824: b'\xd9c\xeb\xb1\xffE\x87\\A\xb5\xd6\xbcn\xcc', 
	63828: b'\xe3LD\xb1#S\x02\xfc\\\xfb\xbaT1\x8a', 
	52804: b'\xe6\xeeD\xc7\xae\xfc\\\xa1Inxk(\xa9', 
	24290: b'\xe7\xc9\x07\t\xee\xcc3]z\xec:E\xea\x8f', 
	38769: b'\xbbG\x91j\x0f!n\x04\x9c\x10U\x9e\xf1\xcd', 
	59338: b'?\xb6\r\xe1\xedSv\xb2F*$\tV\n', 
	40170: b'c#\xba\xd4\xabmGb\xe6O\x7f\x8ci\x0e', 
	58829: b'\x97\xea\xf3\x19\x7f9vf"o\xd2\x85\xb3\xfa', 
	13760: b'\x03y\xc57\xd9#\xedT\xca7X\xac?\x91', 
	13215: b'\x92\xfe\x13\xfc\xdcsF\xa8/\xc2\xf9\x9dVe', 
	51854: b'\xf7&\x8a\x14_\xfcYK\xd6\xca~\x93\xbf\x08', 
	18223: b'&\xd3\x15\xd5\xc9\x9b\x1f\xee\x96~\tqT\x1b', 
	66: b'\x8d\xaf\xdd\t\x1a\xdcM\xd9t\x18\x17Q\xff\xb1', 
	34268: b'\xc7A\xb7D\x8a\x81o\xf5\x84\x15\xcbv\xe6\xb0', 
	10860: b'\xaa\xd7W\xfb`\x86\x06b\x1d_\x8cB\x98\xef', 
	25771: b'\x06<%\xd8\x81\xc1\xc0\xc9\x1a\xffg}p\x8a', 
	59561: b'4\xcb\xa3f\xde\xf1\x88\x90\x93\x1a\x02\x8a\x90\x11', 
	58528: b'\xa4\x8a\xf2:\x05\r\xbfQ}\xb4t\xa5mT', 
	8089: b'%y\x81\x01\x18zZ\n8X\xee\x87/!', 
	60843: b'}\xb19n\x0c\x9e\xdd\xb9\xaac\xd1\xe7\xb3\xec', 
	48379: b'\xa6Q\x8eS\xa8\xfb\xb53\x83\xac\xdb\xc8DU', 
	38666: b'\xe8\xc1\xb4\x17\xb3\x1cdHD\xde/\x84\xe4J', 
	31028: b'\xf8\xae0\x8e\xf1/\x0cN\tG\xbb\x836#', 
	31201: b'\x8a\x1c\xaf\\\xf2)~\x1d\x88\xa1\x0cW\x82T', 
	52619: b'\xac\x10p\xacJ\xc2(6?D\x87\x87\xe5\xee', 
	4406: b'\xee\xd2{\xdb\xac\xa9\x01\x8e\x16e\xd8/@\xa7', 
	40029: b'\xf5\x11\xf7e\xf5\xf4\xfbu\xe44\x93\xdf\xca\x1b', 
	22856: b'Kf\x11\xf2P\xc9\xf2}\xdf\xba<\x89d\xd1', 
	52565: b'F\xd7\xf8\x85\xad\x88\xadV-u:\x9e,\x9a', 
	45021: b'x\x81\xb0\xf4\xf1\xeb\xa00\xd1\x00h\x17v2', 
	61283: b'\x03\xb3\xb7\xfe\xd1N\xdc3+\xe6\xd6\xfa\x0f\x95', 
	1677: b';\xbf<M|\xe4\xdaZ\xa9~\x0c\x8e[\x80', 
	39147: b'\xc0\x8b\xb0\xbc\xeb\xf0\x9b\xe3W\t\x08\xbd\x8ab', 
	20624: b'FX\xd9w\xe3\xe00-a\xc6\xc0\xf5Sa', 
	47695: b'~{\xd3\xbb\xaaUw\xf9\xa4{\xa8!\x0b3', 
	54650: b'\xbf\xe6\x9b\xe3\xbbq-\x86}\xb4\x1f]\x0fp', 
	11299: b'\x18h\xecEv\xd4p\xe5\xb8\x83+\xaf/\x1b', 
	19150: b'\x1acD&^Sv=\xeb\xdcI2]\xb6', 
	2915: b'\xf4\x8d.\tf+c\xe4\xbb5\x01\xae\xd0\xf5', 
	38157: b'z8n8i!\x98\xae\x9a\x10\xf0\x9f%\x1f', 
	54202: b'\x88|\x8f\xfe\xef\x94\x0c\x85\r2*>uT', 
	13768: b'}(\xc2\x10\xd8\xa9\xbcv\x8c\x18\xdc~\xeb\xc0', 
	36485: b'\xe1\x83\xb6\xd7 \xb8\x06\x9e\xb1\x06\t\x0ex}', 
	61471: b'Q\xdc\x149\xa6$\xa7\xcb\xf0\x91C+\x08\x0b', 
	39537: b'\xc8;\x84xn\x83]\xa7\x1c\x9c\xb0s)>', 
	29823: b'B4\\\x90\x02\x17\xe0{h\xd9\x896<\x1d', 
	29274: b'\x8c\x00\x0b\x80\x14\x96\xec]q<\x8a\xf4-\xbc', 
	11769: b'n\xa6\xa5\xf2>tm\xd4\xdc\x01]\x826<', 
	60366: b'\xb9\x94C\xa2\x84\x9e\xd5\xdds\n#s\x8d\xc5', 
	24228: b'MJv\xcaQ\xdc\xfc\xc6j\x82\xa0G\xf3M', 
	1442: b'U\xeb\xbcT2\x18\xf6\x9e0"\x06\xd8kY', 
	64791: b'\xa1\x9b\xfc\x96C\xf6\xe6!\xe9\x9d\xdd\xe1\xf7\xa5', 
	49439: b'\x1e\xb3\x04\x90vyA\xf7p\x15cK@\xbc', 
	29472: b':\xd6\xdf\xa7c\xb1\x04\x8dk\xaf\xee\xe0\x11\xf5', 
	54235: b'\x92\x1b"M:`*\xa1\xdaG=\xc1\xba\xd7', 
	45769: b'\x14\x82\x04\x89$\xc3D{\xf6\xcc\x11\x92\xe2\xbe', 
	19950: b'u\xe1-\x1b?:xC\xadvP>a\x14', 
	17147: b'\tr\xfa`\xde\xeb1.\xb4\xe4\x86\x03\xe6\xbe', 
	50953: b'\x11\x1a\xe6\x17\xee\x9a\x17\xde\x95gxa\x19\x1a', 
	32174: b'\xaf-H\x9e\xac\xc31:O\x03\x97\x11\x17\x00', 
	48507: b'z\x1bD5n\x92\x86>\xd7\xa7\xcd\xfc\x8dv', 
	22098: b'\x127<\xa3\xc3\x10\xeeT\xbaR$\xdd\xd6\x8d', 
	29025: b'9M\x96Z\xff\xa0\xc6\xf4:\xb7u\x08\x9d\xd5', 
	4932: b'\xac\xacU\x82\xf3+w\xdc\xf6\xc3\xd1\xb6\x13>', 
	9675: b'\xc4\\\xa7l\xa5\x02\xb2\xecV\xe6\xcf\x16\xcd>', 
	57177: b'\xe4\xd0\x08PJ\xac\xd7\x0e\xb5\x00=\xe3^\xaa', 
	18856: b',\x1aQ9\xf7\xf7\xe6d"\xfb\x15F\xf32', 
	57595: b'\x8eK`\x87s\x07\xa69JP\xcf-\xd9\x13', 
	11215: b'\x0f\xbbf\x92-~\xee\xa30\xb9\xe2\xb5s9', 
	11946: b'%\xb7\xff\x1c\xe7\xb1\x97\xfb#\xa0P#\xf1\xb7', 
	8499: b'r\xbd\x8f\xf4%\xa4\xe2\x15i2\xa3\xa8z\x19', 
	131: b'\xae\xbd\x8f\xd2.a\x89\x87\xc7\\\xe0\x9b\xbe\x1a', 
	12037: b'\\\xcb\xb2\x83\x18\x93\xe0\xfbl\t\x00\xd9]`', 
	17653: b'\xe92\xbd\xc98{\xeaH\x16\xd7\xd5\xc8-E', 
	22060: b':\xbe\xe3\x8f\xbc\x8b\xbc\x8d\x05\xfc#\x1d`\xa0', 
	41689: b'Y\x87\xb1\xf1\xe5)\xb6\x04\x9f\x86\x18Gg\xcc', 
	770: b'"\x16\xe60\x12\xc3\x9f91B\n\x1dWu', 
	59946: b'Wz\xee\xff\xd0[.A\xff\xdf\xdb2f<', 
	3999: b'\xfa\xb1\x8cG\xd9\xd9DT\x9d\x9e\xf7\x06/\x91', 
	55411: b'\x0b\x0bj\xc3\xf3\x15\xf7\x86\xf6##b\t+', 
	60937: b'\xe7O:\xd2\xf2\xf9\x1fT\xd6\x8d`\xc5\x8cu', 
	20567: b'\x10\xc2\xb9\xcc\xa9h\xfeG\x7f5\x06+\xc7B', 
	13720: b'3\xba:\xf9\x19,t\xcd\xefK-\xef\x11Z', 
	7154: b'fWw\xce\xa9V\x0e\xedDV\x90y5\r', 
	16386: b'\xba\xb9\x16r\xda\x16q\xfe \xe62L\xc6U', 
	8743: b'D\xa8\x843\xb3\xb0\xa5\x93\xf0\xbf\x97\xc7\xad\t', 
	51626: b'\x81\x0b%y\x04\xcc\xaa\x91\xce\x95V\xc1\xb4\x10', 
	24536: b'd5\xaa;U)\xc9\x99\xd5\x7f[c\xd9%', 
	14318: b'\x00:\t\xe5uX\x8a4\xff\x91\x9a\xe3\xcar', 
	40243: b'\xac\x06\x16\x0e\xdd\xb5\x06\x98\xc5\xbc?\x97\x98\x88', 
	53127: b'\xc2\xe2\x8e\xa4\xf5\xdc|g\x1b\xe6\x12\x0f\x11\xb8', 
	25132: b'\xd2\xfe>\xad>\xb9\xec6T"\xc0\x1c@\xb5', 
	17668: b'\xf0\x8c\xe7\xda/\x82\xa3ME\x04\x1b\xf0<(', 
	13298: b'\x9d)kni\n.(6\x1a1_\xcaC', 
	59965: b'\xfb\xeb4\r)\x19\x1f3\xb5\x1d\x8f8\xc7(', 
	57973: b'O\x8e\xd1B\xf9w\x17\x8eGU\x0b\x8a\xfc\x1f', 
	28202: b'\xce\x94\xda\xec\xb2=-k\xe3\xf8Z\xf2\x1es', 
	48311: b'\xa1(\x15M\xd0\xba|\xb3\xa03"\xa9\xc4\xd6', 
	5086: b'# \xa6\x15\x97fj_\xd6\x94\xd5\xe0@D', 
	22644: b"'\x84\xeec\r\xb9\x83m\xa9\x17\xd5\xea<\xb2", 
	25544: b'\xa4\xa6\x99\xe6;\xfb\xbcY\x9a\xde\x88\xd6c/', 
	56758: b'1\xd1-B\xads\xac\xc2\x14X\x1a\xea\xc3 ', 
	57998: b'\xd5\xd6\xa5AU\xff!\x0e\xe2\t"\x0b\xc5\xef', 
	43636: b'\x18\xdf\xd5l!\xe2\xe7m\x9cP\x06\x13\xc2!', 
	34607: b'\x9d\xa3\x0b\x02\xee\xccOd*\xac$i\x05{', 
	28045: b'\xfa/\xa7\xac\x12\xa1\x1f|\x8bl\x91\xe7\n\xf9', 
	43250: b"\x188\xf5\xa7\xc6'U\xf0V\x01\xc7\x19\x9e\xab", 
	25952: b'\xe7\x07i\x80XR\r\xbdA\x19\xe9\xe6\x8a\xdd', 
	31033: b'\xe9\x81\x9a\xf4b\xcb\x0fu\xfd[$D7\xd1', 
	58791: b">\x12'2\x8a\x1c\xfc\xa0\xd2\x12\xa6\xb6#\xbd", 
	45940: b'\xf8-AW\x01\x95L\xfa\xdc\xe9\xf9\x9a\ry', 
	43398: b'+\x8d\xea\n\xe2\xf7ZI\xf9(\x9d\xf8\x82\xee', 
	35062: b'\x85Qv\x05\x8d\x1f\xab\\^&\xec\xe8\x97\xb2', 
	42634: b'5\x19\xb8\xfeo\xc2\xfb7/\x1aDO\xc6\xe0', 
	4622: b'\x99)\xa1\x14\xb4\xa4kz\xf1\xa4\x902.\x84', 
	55304: b'\xa4\xfc$\xb8ql\x18d!I\xd9\xdf!U', 
	13034: b'\xe3\xbe\x8b\x08\xf3\xff\xe8\xa1\xc2\x14w\x8a\xa4\x7f', 
	64917: b'\x88\xe0\x1axb\xfbl\xe1g<w\xf0f\x16', 
	52355: b'\x84Ey\xad\x8af\xb2^\x1b\xec\x9d\xd7\xb5\x10', 
	22375: b'\xcb\xde\xb1$\xf8\x9d\xdd\x0e\x06\xb0\xc4\xe4\xda\x02', 
	871: b'\xaaU\x85\x17\x88\x9c\x1cM\x1b\xdf\xbeP\xc4\xb5', 
	44682: b"f\x9c\xe5\x07\x84\x03l\xad']4D\xf5\x85", 
	49104: b'0\xeb\x8d\x9a\xf9\xcbLh\xd3\xc6\x15\xc7\xdb\x11', 
	64022: b'\xeb\xc8o\x9aL\xa2)\xaaOF\x1a\x0b)c', 
	554: b'\xefN\xda\xf9+\xfb\xaa\tu\x01\x98Hn\x85', 
	19704: b'\xc2\x98{\xf8%\xad@L\xb2\xf9<!\x97(', 
	64145: b'\xeb\x9d\xe6Z\xd2mQ(\x17\x98\x8b*\xe8V', 
	5270: b"Tp'M6F\x06\r\x91R\x99\x1d\x85\xb1", 
	42680: b'<\t\xe2z`\xa7\xb8)\t"\x1b\x05\xe8\x94', 
	60107: b'\x0b\x1b\nq\x07\xabO\x00\x92+\xd0\x8e3\x88', 
	52968: b'\x1du\xcb\xb9V\xa3\xe50\x90@&\x1a\xdea', 
	43847: b'\xae\xa1J6\xf6n.\xca;\xb0\x8f\xa8>\xde', 
	45403: b'\xd0\x98ii\x04\xd8//\xadu\xda\x87|\xcf', 
	27906: b'T\x17\xcf^\xdc\x9b\xdf\xccC\xceV\xc3\xaae', 
	49850: b'W\x0f\xee\xca%\xb7\x1d\xbe\xbe\xc1H\xc2\x08\xe6', 
	860: b'\xedH\xb8\x19V\x8d]\xe9\x17\x9c\x92\xc3>\x14', 
	37120: b'E\x86\x06z9\x1er\x80;\r9\x1d\xdb\xa5', 
	19906: b'\xd37bR`P\xe0\xd7\x87\xaa\xce>D\xe1', 
	49239: b'\xe9\xdd\x80\xd3i`\x91\x16\xee\x92\x9b\xac\xd1\x93', 
	64762: b'\xe5f\xb7\x87\xcf\xa7{>;X\xef\x82\x83\x98', 
	58470: b'\x8b\x1d:\x9c\xa9\xed_,I\xc32^\xb9\x12', 
	48619: b'\xf1\xab4\xfd\xbf\xae\x80\x8c\xe4T\xe7\xf6\xd8U', 
	52963: b'\xe9\x1b+\x08P$\xca\xbd\x97\xe1c\xff7\x80', 
	53869: b'\x07\r\xc7\xab\xdc\x16\x16\x99.+_\xb9\x91@', 
	18285: b'O\x7f\x8c\x97\xba\xea_y\x06Y\xf3V\x87f', 
	52037: b'[7Q\x98\x92\xdfj\x89\x97\xd8\xe0o\xc4B', 
	26109: b'\xeci\x000"\xeb\xc2\x8f\x7f\x8bX\xed\x88\xb9', 
	23770: b'B}\x00\xaeoo\xd4.S\xc3\xberIY', 
	51523: b'\xa5\xdf_\x847\xcc\x0b+u}\xf8\xe3N\x1b', 
	46999: b'"+5\x17E\xf6\x94\x8be\xcd\xbd\xac\xcc[', 
	59820: b'S\x15\xcb\xac\x9dd\x894\xa7Qg\xb6\xba\xb5', 
	63118: b'\x1c\xfcq4\xb82Y\xb2Ub8\x91Ny', 
	28015: b'\xad"!\xd3q\xd9B\xc4\x88q\xe8\x8b[\xad', 
	6343: b'\xb64\xcf\xf4\xaak9G \xd48\x81\xa4\xec', 
	32327: b"r#!\xcbZ\xfa\x04'J\xcd\xb0\x83\x83\xe9", 
	44120: b'\xd1K\x96\x9aW\xa8\x7f$\x9a\xda\xfa\xd1{6', 
	53668: b'\x9aM\xec\x03\x12\x92Bl\xef\xb9\xc4\x07\xd4,', 
	33151: b'\xa2J\xa63\x83\x03}\xb9\x88\xe7\xb0\x9a_\x84', 
	48357: b'_!\x84\x96K\xbe\xd48=\x1f<\xb6\x0b\xcf', 
	54629: b'\x88S\x1a\xee\xe2\xfa\x0b\xf7\xb4TV\xc1\x94\xde', 
	5958: b'!:\x1c\x8bP@\xbb\\\x8a\x0cl\xd3\x8e~', 
	12702: b'V\xee7\xce\xdc\xda\xd2\xb5\nWh\xc6\x18Y', 
	13103: b'A\x882h\xeb\r\xa2\x959g\xa3\t5\xc7', 
	644: b'\x80S\x13\xe6\x04m\xbaF\xde\xd4\xc7\x12\xd9T', 
	43914: b'I\xdb\xc5~n\x86.k\x8f\xf6\xa6\x06\x0fp', 
	31169: b'+\xbe\x9d\xe5\x08>\x18n8\xe6\xf9\xa5\x0ck', 
	47187: b'\xe39\x08A\rQ\xec[\xa7\t3\xfen\xb2', 
	24620: b'\x11MtS\xa4c\x01\xb1t\xc6\x8d\xf4\x18\xe7', 
	56706: b',\xc8\x80~7\x80\x9c\x98%\x8c\xca5!p', 
	31146: b'@\x08H\x8f\xd8K\xb2\xc9D6h\xdd\xaa\xd9', 
	5653: b'|\xe6\x1b\xcf\xce\xce\xd5\x16>p\xeac\x18\x0e', 
	49523: b'\xd7@\x18\xd7;\xb8\xeaC\x1b*+\xba\xf5\x08', 
	61810: b',\xcd\xb4\x7fBx\x80\xbe}s\x96\x0f#)', 
	59386: b'^xHS\x03B\x1da\xfa&\xb9\xad\x8f\xb4', 
	21361: b'KC@\x0f\xd4\x16d\xf9<\x9e5\x8a\xee\xfe', 
	26835: b'ba\xb1^5\xc2\xd8\xd2\xcb\xa9u\xebJe', 
	6283: b'\xb7\x8a\xc7\xf70\xdcqH\xacz\xf2\x9a4\x88', 
	35729: b'\x1c\r\xdd*\xed[9\xb8c\x9a\xfet\xe7g', 
	35065: b'\xb7\xba%\xa8\xd7\x02\xe10\xebJ\xe1L\xd2\xb8', 
	50671: b'\x88|[\xd7Wf\xac\xa6`:h\xeb\x08\xe3', 
	22554: b'\xd0\x81v\x1dd[LQ\x95\xfa\xaf\xae\x9d\x89', 
	2262: b'"\xdc\xfeZ^\xb2^\xc1\x90\xcd\xab\x07\x9a\xab', 
	34244: b"G\xe9\x15\xa91v\x971\xa5\xe5\xf3M\x8c'", 
	40997: b"0'\x99\xda|\xd5\xbc\x1d\xdd\xa3}9\xeb\x0c", 
	24452: b'\xcc\x00\xdf\xce\xaf\xae\x1eo\x8f\xf2C\xe4g\xb8', 
	17249: b'\xbc\xfc@\x88P~"\xd9\xf1S\xb4\xbc{b', 
	56345: b'IU+N\xf1\xde\x992u}\xa0\x87P\xa0', 
	11740: b'"Ed\xf7+zR\x1b\xaeT\xf3\xc9\x95\xb7', 
	27534: b'\xcc\xd5\xd5\xde\xbf\xb2\x8a\xac\xed\xfdd\xad\x81p', 
	28556: b'[K-3\x1d(4\xc9\x1e\xaf8\xef\x9e\x11', 
	62943: b'\x01\rFk\x1bb\xa0\x1a\x9f\x19-MS\x19', 
	25865: b'\xa0\xf2u\xe1o\xfa>UQY\x9ac\xbab', 
	43206: b'\xd8\x01/\xcd\x92\xad\xfaq\xda\x0bK\xce \xab', 
	43127: b'\x14\xcfJ\xd8\xe1\x0c\x92\xdd\x84\xbe\xb4\xf1\x13\xb3', 
	42792: b'/\xd7Wb\x84\x90\xf0\xa5q\xff\x00\xe1M\x8a', 
	1405: b'\xc3\xd4\x02\xfc>\xac\xf4\x84\x83\xa2\x813\xe9\n', 
	21531: b')\xfc\xe0\xa5\n\x12g\xd8\xb4\x84\xb5\x97w2', 
	56366: b"\xa1\xc9G\x9e'F\x02\xec\xc2.j+[\x99", 
	25349: b'\xd4\x14\x1f\xd1\xa47k\xa9\xe2?\xb0#\x03\xd2', 
	2672: b'\xa9\xf3u2\xcf\xe0\x17\xf4\xd9zjf\xb5\xf7', 
	17675: b'\x7f\xc6u@\xa8\xff\xec\xfe\xbf>\x86\xbcHN', 
	41188: b'\xc4\x00E\xd0\xc3=\x0b\xbf\xe2Xb\xe0\xf9.', 
	20546: b'\xb2\xbe"\xcb\xb3\xd6\x86\r\xc6E}\xd6\xf7<', 
	13717: b"U\xd1!\xd4'kD\xaf\r\t\x84\xce\x17t", 
	28502: b'\xdeAL\xfe\xcb\x0c\xa7\xc0\xc3@@4\xb0>', 
	50784: b'\x94/\xc8\xc6\x82\x7f\x85\x93\x1a;:\xd1\xc1\x85', 
	2919: b'\xc4c&Bs\xbd\x97\xeb\xb2<G\x92\xd3\x01', 
	60583: b'\xa1\xf1hOUs_d+\x04w\x05D%', 
	16665: b'\xd4\xa7\xee\xe5,\xf4\xe0\xc8\xfa\xd5\xbe\xeb\x1dd', 
	24952: b'\xba\xde\x90\xe0\xb1\x1e\xfa\xa0\xe4\xfdV\xe3\x87\xf1', 
	17412: b'\x1a\x8dUu.\xe0\ni\xda+VV\x88B', 
	54305: b'\t\x85\xccl\x1f\xf8\xf4\xea\x9e\xb2c\x0b\xa3\xc3', 
	20256: b'm\xe5P.\xb0\x14\xe4\xb1\xc6\xa63\x8e\x03\x16', 
	62195: b'\x87o\xfd+\x1b\x845Ec3C\x82S?', 
	47715: b'\xae&\xa9\x8a\x9f\xde\xae\xa6\xeb_b>;s', 
	60018: b')\xa7%\xac\x80\xbb\x7f\xd2`\xff\xe0b\xc8\xb9', 
	6319: b"\x93\x99\x1d9\xee\xf3\t\x97\xfc\xe1\x89\x16\xf8'", 
	5420: b'\x0f\x80\xeb\xb5\xb7\xd7}\xfcV\x95\x9e\xde3\xc8', 
	6123: b'\xf7F\x84\xb7h\xfb\xa0ya\xe0A\xaal\x07', 
	16520: b'\xcbS"\xae\xf4(IBW\xd1\x06)\xe6\xab', 
	23945: b'(\xe7\x0b\x8dG\xbd\x9e\x89KY\x83M \xbb', 
	52043: b'\x83\xdc\xf18VgA\xc9!\x0f\x1a\x86S\xa5', 
	29843: b'N?\x92\xb1].\x83~\xce\x8a\x15\x1c\x04y', 
	42478: b'\x90l\xf4\xb5\x86p\xc5\xd1\xbe6\x03XD\x05', 
	34314: b'1\xf6q\xc5\xe8\xd9\xcb\r&\xb1\x8b:\x82_', 
	30384: b'0(\x02Tss\xc0\xe8\x03\xa9\x9d\xa9L\r', 
	17223: b'\x0b\xf5\x1ee\xb9\x1a5 \x8f=\x9b)\xbeF', 
	27453: b'\xec\x0ey\xfe\xaam\x91q\x94<\xe5\xe6\xac\x18', 
	28949: b"\x8b/h\xb8\xb2\xbe\x92\xb8'\\(=w\xbc", 
	11184: b'\xbeo\xf1\xd4\x05g\x9f\n\xabI\xf3a\x19a', 
	64795: b'4\xb2\xb3#&\xf3nF<j\xd1\r\x82\xe0', 
	48471: b'\x02t\xbb\x8e\xecy\x93o\xc8\xe3\xdf;\xef]', 
	35913: b'\xdd\xba\xd7\xfa\x8e\xbc\xb9\xa5\x9c\x89\x11\xcd\xb9\xdd', 
	50878: b'/\xa2\xbb\xa1\x80\xf0hW3f*\x06\xaf\xee', 
	37544: b'{N\xc2P^\xc4~\xe4\x1b\x11\x8a\x97\xb7\x96', 
	36230: b'\x9cb\t\xaf\xec\xea*QV\x828\xa0@&', 
	44417: b'\xc9\x04\xe57R\xe2\x7f\xbe\x1e]\xbf\x95dg', 
	50411: b'\xd7\xad\x80\x848*`\x05Eb\xf9\x907"', 
	65127: b'\xbe9\xde\xf9\x8e\xac\x07\xcb\xbc\xd9\xa8\x98Z1', 
	62819: b'\xb7\x88\x9b\xfc+\xe0\xf5E\xb67\xda\xd5|\xc3', 
	35080: b"\xc4\xd1>\xce\x8d\x12>I\xea\xc5*'\xbd\xb6", 
	15558: b'\xcc\xd9g\xfea\xe6\r\xfe[\xc7RC\xf7\n', 
	21462: b'\x07\xafv\x13\x0b\xe9\xa6L\x82\xe4\xd8\xba\xba(', 
	46868: b' \xa7{\x067\x8c\xd5m\x9a\x80d\xef\x90\x05', 
	56281: b'\x81\xb3\xc8\xb2\xf4\x91}@\x87C\x1dl\xd6,', 
	6452: b'\xf6\x03?)\xe02\x82Y\xaf\x1a\xfcG\x95z', 
	33903: b'w\x1a\xbb\xa2l\xb7\xea{\xed\x1f\x97\x94m\xa8', 
	23653: b'\xa3\xfb`-^\xf5\x03\x1a\xd3\xe5\xd6\x9b\x12\xa7', 
	50532: b'2\xf70V\xaf\xff\xba~_\xaf\xd5\xba\xbe-', 
	57129: b"\x1ek\xa5\xa9\x9d\r\x96\xf5\xf9'\xb6X1\xfc", 
	23928: b'\xf4\xf6\x10\x11\xa9f\x079\xca\x00i\xa2\x8cP', 
	27689: b'\x07\xcf\xe2\x87o\x96\xed\xcc\xde\x05\xdf\x86+0', 
	22913: b' \x94\xa1-\xcc\xd1.\xe3\xf5\xc0*\xab\xe6e', 
	22143: b"\xa3\xa7\xb16!\x19\xe6\xe8'\x03\x07[\x8e\xe3", 
	19812: b'\x1c\xe7A\xd8\xe9q\xb3&D`\x99\x0e\x90\xd4', 
	21439: b'\xac9"2c\xd633\xdf\xd7e\xf8\xf0T', 
	18563: b'\x91|\x8ad9L\x84\x18t\xc3\xc5\x96\xf9d', 
	14656: b'\x16\xa1\x9e.f\xc4}\xef\xcenp\x8c\x90\x02', 
	21117: b' =\x92s\x02\xa5\xc6\xc6\x98\x96M\x19\x97\x84', 
	52697: b'\xc8]\xcf\x1e`\xf1\x17\xea\xda\xa7\xfd\xc65\xdc', 
	24834: b'$\xfe\xc0\x89F1\xbc\x1a\xc1\r\x1b\r\x99n', 
	37676: b'\x86\xca\x18\xc0\xf9\x89\xcf`\x85\x7fQ6\xbc\x06', 
	59409: b'\xfa"\xad0\xc9\xef$\xdb\x0bUk\n\xc0\xb2', 
	42799: b'2%\x1a`K2E0\n\xfb\xf4\x08\x969', 
	27387: b'\x1d\x1d\xf3\xffuMc\xbbT:b\x91\xc5\x0b', 
	15041: b'\x02\xc5\x8b\xe21\xd5&\xf6AG\x1f\x81\xdf\x02', 
	47260: b'NhPc\xae\xeaF\xf5\x8aB%\x17\xc4\xd7', 
	47833: b'\x88\x8c*\xb2\xc8\xf5\xc4\x9f)l\xb4\xa7\xe6\xfb', 
	40978: b'N&\x04\xcb\x17F\x1fP\xa1\xc0\x91%\xb8\xba', 
	19001: b'\x94&\x96\xcb\xa8\x90&\xd7\xa1\xe9\x07\x01<\xc4', 
	5036: b'}\xf4\x0c\x16=+Bvb01\x97\xbaF', 
	36295: b'\x9d\xd3\xc22\xd7\xdd\x9e\n\xb3,uI\xf7]', 
	22859: b'\xcb\xf2\xd9\xc5fo\xa9\xf3m\x80\x98\xde\xe6\xd0', 
	22728: b'\x07\x1c\xc4l1\xd4\x81\xd2r\xb9\x8a\xd8\xbaJ', 
	57079: b'\xc9W\x8d\x94\xa2\xdb\x8a\x80y\x1c+\xd48\x13', 
	24585: b'\xc7\xf7\xda]\x02k\xbd\xf9\xf3\xafO_\x1a:', 
	25834: b'\xc8#\xc2L<\x1f\x82\xa0\x9aFMX\x9d\x92', 
	262: b'Rl+\x86\xf0\x19\xf5\xbc\x10f\xfeJ\xf0\x84', 
	44124: b'\xb8\xdd\x99> p"\x18f$\xfaC#&', 
	18115: b'{A~V\xbd"\x03\x82L\xbb\x02\x13\n\xe4', 
	57394: b'\xd5\xdf}}38)\x10]K}\r\xbf\xb9', 
	21560: b'\x9f0\xb62\xba\x19\xa3\xfe\xe7\xb6\x8e\xf5\x13\x9d', 
	31196: b'\xfc}\xac\x94\xc7\xf4\xd8\x87\x0f\xda\xa1\xff\xd4\x00', 
	17381: b'\xc3\xc1.\x89\xe2AB\x05\x9dMD\xd2AT', 
	46671: b'g\xeb\xaf`\x83b\xd6K\x90j\x0eg(u', 
	29660: b'\xa7\x07\xcb?U_\xe7\xbd\xf8\xc0\xa6\xf7\xe0\x13', 
	11397: b'eK\xbd\xb8\x9c\xb1\xcd\xb9[\xfd\xe3\xcc\xb2\x96', 
	57683: b'\xc0\xb3TL\x90\xebD?\xb9I\x19\xe5\x85 ', 
	62108: b'_\xf6\xba\xbd\x94\xb4\xaa!\xb9\xb5\xa9\xbf\xa7\xbd', 
	25367: b'F\xc8\xf0G\xe9\xd6?\x9e\xb8C\xc5\xf2\xe5\xe7', 
	21363: b'\xa6E\x9f\xa2<2\x9c!H\xc3\x98\xfa\xa0\x98', 
	54971: b'\x8a\xddL\x08\xf6\x84\xc4\x95\xec\n\xe9h\x85\x9f', 
	14132: b'\x9b\x1e\x1e\x9a\xe4\x97\xf19\x0cc7\x18\xc7*', 
	51959: b')\x8c\xef\x02\xda\x1d-\x08\xbc\x809z\xa54', 
	30406: b'\xce\xcfu\x1d`\xe8\x12\x90\x15E\x849\x00\xc6', 
	13148: b'L\xce\x86\xb3\xc37\xd8\xe8\xab\x85\xa9k@v', 
	36437: b'bE\xde\x9c\x99\x98\xdc`\xb9(\x9fE\x95\xa3', 
	32957: b'\x9f\x06\x97jv\x9cX\xdf\xfet\xa0\xd4&F', 
	37626: b'\x9dZQ\xfd\xa8\xb2\x9eu\xf4\r\xfd\x1e\xdac', 
	47413: b"&\r(4\t\xde\xd5'\x07\xc1\xb1\x9d\xdb\xe5", 
	60804: b'~\xae\xb54\x13\x8b\x9c!\x95\x87;\xec\x15c', 
	46314: b'\x92(\xf7\x94\x1a\xf0\xa7\xa6\xb0a!\x7f\xe5O', 
	39391: b'\xe0{#\xcd\xd9#\xbb\x93\xa0a0e\x1dF', 
	52845: b'~\x96z\x1c7\xac=n\x96\xdfG\xe4\xef%', 
	708: b'\xca&\x83p\x9e\x174\xd1,B5H\x05K', 
	31140: b"\xdcd\x969\xbcsQ'\xee\xc5\x98dt\xd0", 
	2407: b'\xc5\xa3\xc3\x88O\x7f\xdf1\x19\x7f\x0ey\xb20', 
	43793: b'7,\xd9\xdfE\xeay\x19\xdf\n\xd4D\xa6\xdd', 
	2571: b'9\x89\xd4\x1e3\xb8/\xd7!v\xce\xfa\xdam', 
	51080: b'\xe7H \xffX\xa6\xc1\xad\xca\x8a\x84\xfcx\x9b', 
	30522: b'`\xcdua\x1e\xf7 \x8d\xf1\xf1\x18\xb1\x98e', 
	62022: b'\xf3W\xe2%`\x0c\x02\x9d\x86\xbf\x8a)\xadf', 
	38830: b'\x15\xc3&Aj\xfe\xd8\xce\r%\xcd7\xa0\x8c', 
	22187: b'\x9d\xf0_#\x85*g4D\xb3\xf3\x1bJ\xf8', 
	9685: b'\xf8Y\xd1j\xd8~\x81\xeex\x9f\xdc\x1aTg', 
	63884: b"K\xff)\xc8NP'\xec&\x97Gn\xb6k", 
	21465: b'#K\x86\x08\xde\x8f\xef\xee\xe3o\xef\xc1B\xfb', 
	33419: b'<\xca\xeaj\xebg\xba\xea\xb7\x11\x84\xee\xba\x0f', 
	50062: b'\x93\x97 \xbd\xb9n~\x16\xa5\n\xbd\x90^\x0c', 
	6348: b'2w\xe8[!B1\x18\xea\x83\xf2\x86\xa6s', 
	47145: b'W\xf3lA\x10\xab\xbc\xde!\x07\xb9R\xfbA', 
	59735: b'\x9aO\x1b\xe2\x98\xe7\xa5K\xa0V:\xa4\xdb\x92', 
	10008: b'\xfdT\x12\xee\x19\x07\xack6\xd5\xfc\xb8/\xf2', 
	39476: b'\xbc[\xe6\xee\x11\xcbFfN\xffd\x93/\x9e', 
	20515: b':SR\xcc\x05\x07\xf7\x12\x0c\xc3\xe8\x12\xaa\x18', 
	54450: b';x\xc9[\xa5hj\xf26#[/\xfb\xde', 
	61220: b'E\xdc\x98\xb4\xd7#e\xf6\xb4\xd7s\nZ\xa0', 
	4800: b'\xcaI\x8b$\xcdw\xd0\xa1om\x8d\x7f\xfd"', 
	21980: b'\x01\xbf\xf6\xc6\x07\xd97R\xc2\xe4r\xf2\x88\xe9', 
	31517: b'\xde\x85\xc5\x13\x08\xbb\xd4\xf8\tv-m4\x98', 
	54967: b'P\xb4\xb5\xb4F\xf1\xca\xff\n1G\xf3\x14\x17', 
	32525: b'A\x9a\xe5\x11\xcbJ\x16\x04\xaa\x804\xae\xe1\x95', 
	27309: b'\x85\x93|\x02\xa0\x0cJ\xc9\xdf\xe2,QA+', 
	27510: b'\xb559\xfa\x00\x8f|\xfc\xfe\xdc\xacp\x87\x1a', 
	17119: b'Nk>?\xd5\xf0\x0e>\xfb\xfb\x8c:\x1e\x8b', 
	48921: b'"7\x86\x86\xeb\x0cX.\xe6\xb4\xc5\xda\'\x02', 
	39295: b"\x8f~\xd8\xb5\xb8\xddL\xb6_\xbf\xbf3'*", 
	858: b'\xda\xbb\xaf\x94\x91\xc0\xa6)\x1f^\xcf,UU', 
	60714: b'\x9e\xb4<\xfes\x96\xc1\x9e\x97)K\xcb?0', 
	31530: b'o\x19\xbc\x05!\xabg\xef\x8b\r\x90Y=\x07', 
	47914: b'R\x7f\t\xd9?]\\u\xda\xeaH\xa5\x0ci', 
	52717: b'\xeezjO\xcdC\x89\x9a\x03z\xa0\xe1\xa9\x10', 
	46739: b'\xa3S\x0c\xf2Nh9\xf3r\nn\xb8\x8c}', 
	53935: b'\xa9\xec-;\x88y\x0b\xad\x9f\\;\xb0\x9d(', 
	56284: b'\xb8\x8e\xb6\xed/\x97c\xc5\x8c\xe6\xf8[5\xeb', 
	5125: b'v\xf4~\x1d\xb4d\x9a\xda\x9f\x97\xc9\\\x14\xaf', 
	39239: b'YDG99q\x0c~\xb6\xe0\x8a\xa9\x1a\x03', 
	14262: b'\xb5.h\xa0rZ\xc9Z\x9f\xc1o\xeb\x1d\x9d', 
	11314: b"t\xe2\xf3t.G\tU\x86-\x84\x0f\xfb'", 
	35287: b'\xee\x03\x04\xa4\xaa\xd6\xb6a\x88\x84\xa7\xdc\xcbc', 
	34509: b'\xb6"\x12\x07\'\xc1\xb4\xdb*$\xb9x\xb2A', 
	46157: b'JvXIU\xfb\x92#\x91\xff\x82\xfcw\xed', 
	37863: b'r[_\xccA\xd0X\x8e\xd4\x8btV\xab\xe9', 
	52424: b'\x08S`n\xd1\x16\x17\x17\xfd\xd2\x16\xd7\\"', 
	46287: b'\xeb\x9aw\xb7\xd1\xdc\xd1A\xe8\xceR\x90YT', 
	3242: b'cF\xdf6\xcapR\xf8\x1c\xc5\x02Cb\xc6', 
	18044: b'`\n\x90\x05\x96I\xf3`\x0c\x19k\x0b\x80R', 
	28211: b'\xd8\xb6\xe5\x9e\xef\xf9;T\xa7ly\xe1y_', 
	24214: b'\xfd\xf5\xc5\x96]k\x84g\xff7\xd4\xaf\xdcs', 
	15582: b'\xc5X\xbb9W\xa5\xe9\x81\xef\x00\xfdl\xbfb', 
	53901: b'\xb79\xa5m\xbb\x86\xcd\x98\xc4\x82\x1e\xcc\xf6\xdf', 
	3708: b'\xab\xd8\x02;\t\x92\xf2\x15\xd0\xd4\x12n\xd0{', 
	63031: b'\xd0\x86\r\xef\x022\x15\x0b\x00Q\xd4Q\xbdF', 
	42334: b'\xdcq\x9e4\xc7zG\xc1\x8e\xaf\x99\xcf\xd5\x17', 
	59692: b'}\xd82\x8d\x99t\x8c>Uqx\xed\xd2\xb9', 
	10696: b'&\xb17\xd4\x15\xc66 \xff\xdc%\xa7\xbd\x84', 
	31691: b'\xd0\xd0\xa1g\x19\xcb9^\xfd\xe4\xa5\xd3\x1d\xe4', 
	57186: b'\x8b\xdf\xf8\xe3T\x08\xd0$0\xa5oS\xe8#', 
	19737: b'\xd6\x0fg\xcbS\x04\xc1h\x8f\x82UW\x82\xc0', 
	52713: b'\x93P\xe5\xafC\x88\xa8\xbb\x81\xb6\x82\xc5\xa1\x89', 
	54481: b'R\xfa-\xe2\x9a}\x90\xc8\x1b7s`\x84;', 
	22476: b'\xe6%\xc5\x12\x81\xe29)\xa6\xa6\xeb\xebn/', 
	46026: b'\xb3j\xb0C\xbdb!\x16\x8c\xdeA\xc2\x062', 
	37471: b'\x81O\xbb5\x14\xdd\xbd\x96\x1e\x92I*\xbe~', 
	64805: b'\x01\xf6\xdf\x9f\xf2\x9e\x1b:\x85\x06L?\xda\xad', 
	41249: b'\x97\x80r\xe1c\xd9\x97s\xbe\x1e\x1f\xfe\xc9\xe2', 
	13956: b'\xdf\xc3\x11\xe8\xb6\xf8\x1b5\\\xab\xfa\xe5p\x93', 
	41089: b'\xc1\x01\xdc9\x87\xb4j\xe7\xfe\x1a\xf7\xb8gG', 
	19033: b'\xc9^\xad\xdb@g\x98\x14dc2\xe2\xaa\xa3', 
	35195: b'\x9a\x92j4\xf3\x13A\t\x81n\\%\xff\xa4', 
	54795: b'5\x02b\xf2`\xadN\xb9\xed7\xe4:,\xcc', 
	54386: b'\xfd\xdb\xf0\xa43\xf6\xb5\xda\xb0\xe8F*\xd7\x86', 
	58222: b'\xd1\xd09\xdd\xd1\x82_\xed\xd1\xf1o\xc4\x88\xee', 
	38535: b'\xba\x02\xed\x7f"\x1eg\'\x03\x92\xbb\x1e\xc4F', 
	23380: b'\x9c\xd4\xea.\x16H\xb7Aa:\x05\xb8\xef!', 
	34211: b'\xc5\x10\xeeW\x91\xfb-\x11\xcb\xbd\xa9\x15\xb9m', 
	51583: b'S\xcc\x04\xdf\xb6\x8f9\x83[\xaa\xa3\x05\xf8K', 
	31398: b'1G:\xb6b\xc2k|\xdek\xbb\xb5k\xff', 
	31871: b"\xd3\xeb\xb77]'\x82\xac\xdeC\xec \x08\x9a", 
	48017: b'\x19\xc9\x16 Z\x96RAR\x9a\xc4\xa5\x12\xf0', 
	32708: b'E\xde\xb7r\x05\xc9\xa9S|a\x10\xc1G\xc9', 
	33269: b'\x9c$\r=\x0e\x00\x11@J\x9eE\xb1 \xda', 
	23994: b'\xa2\xa8\xf2\xf5\xd4&\xf2\x11W\xf1\xbb;\x0e\x18', 
	62276: b'\xcaD\x19\x17k\xbfqC\x88\xd6M\xbd\x01}', 
	25790: b'\x10\n<\xd5\x19\xde~\x89\xc9\xd3=\x87\xf1.', 
	22834: b'\xcf\x96X\xa3\xdct\x0c\xc5\xe7\x10kO\xb0\x9c', 
	22602: b'Q\xa7\x0bh\xbb\x83\xe5q\xdd)\xbc2\x8aR', 
	12070: b'\x9eu\xb5\xde\x8f>\x89/\x8f\xfb\x7fo\x12\xca', 
	43285: b"D\xfbEh\xdb\x7f\xb3\n\xc9\n~\xb9'\n", 
	47728: b'*\xf8\xfc\x17\xa3`_\xca\xeb8\x87Xt\xea', 
	32440: b'\n|\xacM\x1f\xd4\x97\x8a\xdcpZ\x87\x06\xaa', 
	49417: b'\xfcr\xcfq\xf2\x9a\xcf\xaa\xbb\x0f\x91\xd7\xc3\xc3', 
	31193: b'\xf0\xdd\xf5\x195qa\xfbE\x19\xa4\x7f\xbc\xea', 
	26611: b"\xc8/\xc7'\xe5V\x82*\xf2X[\xe2\xefD", 
	17459: b'\xaa\x07M@E\xb8\x8cL\x9c E\x1d\xd0 ', 
	50679: b'\xb3\xff\xcc>JQ\x8d\xe2=\xda\xd5X\x94\x07', 
	27923: b'\xb15S\xbe\xeb\xb6\xf5|\xc2 g*\x97x', 
	31173: b'\xb4\xf3\xa6\xect\xbd\x02\xfa{\x92\xcaH\xf2[', 
	57841: b'\x14\xe6\xb5tG\x12\xd2 \xc7\x1dVu\x87s', 
	10498: b'\xdd|"|\xa3\xbe\xdeJ\x1c\x81\x92P*N', 
	52732: b'\xa5H\xee\xd5&\xa3\xe2\xc74\xf6\xdd\xd7\x815', 
	25972: b'\xfek;M1T\x01\xbd\xa5Z\x8a\xf0\xfd\x1b', 
	39503: b'\xdd\x16g`){\x82s\x05\xa3\xa0%\xd0k', 
	13270: b'\xfaCn/\xf7\xc5\\\xe4n<>x:\x9f', 
	21204: b'\\}fa$g\x87k\xbf\xbf\xa7:\xcd\xb5', 
	50838: b'\xbc\x8d\x9b\xd4\x12\xe3 \x15)Pp\xa1\x03\x01', 
	10449: b'~\xb9\xf5\xcf\x0cI\x98w\xd8WH\xc53+', 
	51811: b'}\x81\xd1\xd8\x15\x92\x8aP\xe3jy\x0b:\xb8', 
	46498: b'\x88\xf7\n\x00\xfc\x8aI\xb8\xc8\x10\x80D\x1a\xb6', 
	17855: b'\xac\xbbsR\xbe\x0b0\xac^AC;y\xb0', 
	59202: b"\x9d\xec'\xa6\xec\xf6\x92\x9a\x7fT\xc1\xdf\xae\x85", 
	11530: b'\xb5w\xaa(\x0b\x05\xd0\xd0e)d(\x9dH', 
	65374: b'l\xa3\x87\xa0v\xa9\x99\x8eJ\x15\xd6s\x9f\xe5', 
	46496: b'\xf5=bl\xd5\xb5\x08\xe1\xdd]\xbf$\x9d\xfb', 
	31422: b'\xa7\xf9f\x89Z\xd2_\xc8O(P\xae=9', 
	33056: b'\xb2\x19|pp\xa4A(c\xe9\xcc\xd5n\xc2', 
	37072: b'\tW3j"G\xbbJ~\xbd\xf1\xdd\x12p', 
	26842: b'o\x14g\xd7.7\x9bn#\xc0\x84\x1a\xf96', 
	41347: b'\xdb\xf6W\r&[\xf8\x93wS\x81\xc6[\xb0', 
	16230: b'\x0e\xa3\xc1+a\x1bST\x87n}\xfe\xe8\xd7', 
	46353: b'\x89j\x01\xc2\xd1\n]\x18\xf3X\xc2\x0ey\xaa', 
	13863: b'X\xee\xac)-\xaaBeb6P\xda\xe2E', 
	29424: b'A\xd2g\x0e\x812\xd9.\x01\xc0 v:\xdb', 
	39227: b'CCiV\xdfV\x04\xbb.\x82\x98\xc6\xe5\x8f', 
	20936: b'\xdb\xa2\x0c\xa9$\n\xa4\xf3\xa5ds\xd7\x99\xdf', 
	54102: b'Qeu\x17\x13\x9a<\x13\x98\x11\x86\xdc\x0e\x8e', 
	60218: b'u\xe7r\xfdv\x90<\xfem\xa1M!]\xb1', 
	49692: b'\xd7\xf8%`\xa8`\xdf\x08vS\xcc\xcc\x05\x8f', 
	38023: b"\xe0P\xcf\xc1H?\xefP\xc4\xb4>'\xb3\xe0", 
	63337: b'9\x8f=%\x96"\x06\xdd\xfd\'H)\xadV', 
	25955: b'\x15\xd5\x0f\xcc\x96\xbf\xca8h0\x05\xe7\xb3\x08', 
	21545: b'\xa9\x19@6G\x05/O\x14\x0cZ?\xd0\xe6', 
	41151: b'T\x1c6\xc98\xd8*\xc9\xbds\xc3m\xce\x84', 
	25371: b'B\xb5\xbe\xc1jP\x8f^\xb8Y\xe2\xc2\xee\r', 
	48867: b'\xbcy\xf2\xba}\xa0\xd5\xd8\x073\xf9\xf4w\x97', 
	49666: b'Fran\x1e\x0b+\xc1\xcbNHDH\xb0', 
	52515: b'\xca\x89\xe5\xeb\xa5\x17}Wx\xb6\xdc\xf2\xde\xc6', 
	25471: b'\xb3)\xb7 %\xb7\xa6)\xc2fg C8', 
	54262: b'~@I\xcb\x02\xe2\n\xf0t6\x0c\xd6^\xbc', 
	8490: b'\x90;6XaN\xd9\xa4\x0b\x80$\x02\x8f\xf9', 
	64716: b'\xac,\xcf\xca\xd9t!y\xf7\xc3\xd0\xa0\x98\x0f', 
	4429: b'9&X\\\x9f.\xaa\xdf\xa7m4Un\x15', 
	50488: b'\nIDT\x93\x01\xafVC\xe4\x02\xcd\x07&', 
	6309: b'w\xb1\x11\x16J!\x90\xeb\xe2\x19\xce\x8a)}', 
	6579: b'\x88d\xdd|\xa6[\xb4\t\x13\xe9SXT\x10', 
	22691: b'M\x12h\xe4z\xf9\x12^|r\xb29\x92y', 
	59510: b'Br\xb0\xe1\x16iM\xed:a\x8dL\xf8O', 
	31679: b'|\x8c?\xf8\xdd+\xecv{m\x14\xad\xb7{', 
	42961: b'\x8a\xc0\xfds\xa5ue\xa8y\xdct\x98\x90S', 
	37061: b'D\xfc\x14\x91\x07\xad\xd2A\xed"\x04\x13\x04\x1e', 
	36075: b'\xd0\xdf)\xc0<\x8dq\xf7\xf4i\xa6\xd0\x07\xd8', 
	65354: b'I\xb2\x03\xf5\xa2Z\x18=\x8fW\xceO\xe6\xf4', 
	20524: b'\xfaRV\x14\x04\t\xf1\xe2\xcd\xb7~\x10\xe5{', 
	54657: b'@W"Z\x9f|\xf8Z{\x91\x8dy\x86\xa8', 
	57544: b'\xdfq\xdb\xcc\\=\xb7\x125&C\xd9\xdfp', 
	34680: b'\x02\xea\xe8*\x83\x90d-\xc1\xb9#\x08\xe4!', 
	51149: b'\xc8\x0f)\x7fq\x83\xf3q\xebe\xa1jfX', 
	26357: b'\x13}j\xcb\xf3\xa4\xa7\xdc\xbb\xe9\xef\x8b\xc4\x85', 
	31662: b'\xb3\xbf\x88\x84)\x93f\xd4\xfc>\xd2\x0b/g'}, service_uuids=['0000fff0-0000-1000-8000-00805f9b34fb'], tx_power=-127, rssi=-83), 'device': BLEDevice(E0:4E:7A:AF:5E:06, Pro BMS), 'connectable': True, 'time': 1403000.791633871, 'tx_power': None, 'raw': b'\x02\x01\x06\x1a\xffL\x00\x02\x15\x95\x85\x1d\xb5\x04\xb8\xea0\x11a\x13\xcc\xfb\xff\xc8\x172\x05\x85\x01\x80'}
2025-07-25 20:47:33.617 DEBUG (MainThread) [custom_components.bms_ble] Pro BMS: BMS data update
2025-07-25 20:47:33.618 DEBUG (MainThread) [custom_components.bms_ble.daly_bms::Pro BMS:5E06)] connecting BMS
2025-07-25 20:47:33.618 DEBUG (MainThread) [bleak_retry_connector] E0:4E:7A:AF:5E:06 - E0:4E:7A:AF:5E:06: Connection attempt: 1
2025-07-25 20:47:35.727 DEBUG (MainThread) [bleak_retry_connector] E0:4E:7A:AF:5E:06 - E0:4E:7A:AF:5E:06: Connected after 1 attempts
2025-07-25 20:47:35.728 INFO (MainThread) [custom_components.bms_ble.daly_bms::Pro BMS:5E06)] failed to initialize BMS connection (BleakError)
2025-07-25 20:47:35.728 DEBUG (MainThread) [custom_components.bms_ble.daly_bms::Pro BMS:5E06)] disconnecting BMS (True)
2025-07-25 20:47:35.755 DEBUG (MainThread) [custom_components.bms_ble.daly_bms::Pro BMS:5E06)] disconnected from BMS
2025-07-25 20:47:35.756 DEBUG (MainThread) [custom_components.bms_ble] Pro BMS: BMS communication failed: esp32-s3-poe-01 [D8:3B:DA:9B:7D:62]: Pro BMS - E0:4E:7A:AF:5E:06: Characteristic 0000fff1-0000-1000-8000-00805f9b34fb does not have notify or indicate property set. (BleakError)
2025-07-25 20:47:35.756 DEBUG (MainThread) [custom_components.bms_ble] Finished fetching Pro BMS data in 2.139 seconds (success: False)
2025-07-25 20:47:35.757 DEBUG (MainThread) [custom_components.bms_ble] Shutting down BMS (Pro BMS)
2025-07-25 20:47:35.757 DEBUG (MainThread) [custom_components.bms_ble.daly_bms::Pro BMS:5E06)] disconnecting BMS (False)
